-- --------------------------------------------------------
-- Host:                         viproso.ch
-- Server Version:               5.5.31-0+wheezy1 - (Debian)
-- Server Betriebssystem:        debian-linux-gnu
-- HeidiSQL Version:             10.2.0.5599
-- --------------------------------------------------------

/*!40101 SET @OLD_CHARACTER_SET_CLIENT=@@CHARACTER_SET_CLIENT */;
/*!40101 SET NAMES utf8 */;
/*!50503 SET NAMES utf8mb4 */;
/*!40014 SET @OLD_FOREIGN_KEY_CHECKS=@@FOREIGN_KEY_CHECKS, FOREIGN_KEY_CHECKS=0 */;
/*!40101 SET @OLD_SQL_MODE=@@SQL_MODE, SQL_MODE='NO_AUTO_VALUE_ON_ZERO' */;

-- Exportiere Struktur von Tabelle spm.calsy_appointment_assistant_log
CREATE TABLE IF NOT EXISTS `calsy_appointment_assistant_log` (
  `calsy_appointment_assistant_log_id` int(11) NOT NULL AUTO_INCREMENT,
  `calsy_appointment_assistant_log_time` timestamp NOT NULL DEFAULT CURRENT_TIMESTAMP ON UPDATE CURRENT_TIMESTAMP,
  `calsy_appointment_assistant_log_filter` text,
  `calsy_appointment_assistant_log_result` text,
  `calsy_appointment_assistant_log_query` text,
  PRIMARY KEY (`calsy_appointment_assistant_log_id`),
  UNIQUE KEY `calsy_appointment_assistant_log_id_UNIQUE` (`calsy_appointment_assistant_log_id`)
) ENGINE=InnoDB DEFAULT CHARSET=latin1;

-- Exportiere Daten aus Tabelle spm.calsy_appointment_assistant_log: ~0 rows (ungefähr)
/*!40000 ALTER TABLE `calsy_appointment_assistant_log` DISABLE KEYS */;
/*!40000 ALTER TABLE `calsy_appointment_assistant_log` ENABLE KEYS */;

-- Exportiere Struktur von Tabelle spm.calsy_appointment_enhanced_field
CREATE TABLE IF NOT EXISTS `calsy_appointment_enhanced_field` (
  `calsy_appointment_enhanced_field_id` int(11) NOT NULL AUTO_INCREMENT,
  `calsy_appointment_enhanced_field_index` int(11) NOT NULL,
  `calsy_appointment_enhanced_field_page` int(11) NOT NULL DEFAULT '0',
  `calsy_appointment_enhanced_field_identifier` varchar(255) NOT NULL,
  `calsy_appointment_enhanced_field_title` varchar(40) NOT NULL,
  `calsy_appointment_enhanced_field_type` enum('text','textarea','checkbox','radio','select','area-filter','area-group-filter','area-selector') NOT NULL DEFAULT 'text',
  `calsy_appointment_enhanced_field_data` text,
  PRIMARY KEY (`calsy_appointment_enhanced_field_id`)
) ENGINE=InnoDB AUTO_INCREMENT=478 DEFAULT CHARSET=latin1;

-- Exportiere Daten aus Tabelle spm.calsy_appointment_enhanced_field: ~6 rows (ungefähr)
/*!40000 ALTER TABLE `calsy_appointment_enhanced_field` DISABLE KEYS */;
INSERT INTO `calsy_appointment_enhanced_field` (`calsy_appointment_enhanced_field_id`, `calsy_appointment_enhanced_field_index`, `calsy_appointment_enhanced_field_page`, `calsy_appointment_enhanced_field_identifier`, `calsy_appointment_enhanced_field_title`, `calsy_appointment_enhanced_field_type`, `calsy_appointment_enhanced_field_data`) VALUES
	(472, 0, 0, 'random_5d937e7f7391d', '', 'area-selector', '{"required":"false"}'),
	(473, 1, 0, 'rsvers_rb', 'p58471af117b02', 'radio', '{"values":{"tk":"p584717b044e14","kk":"p584717cf251c8","vk":"p584717eb35c06","hp":"p58471b4682513","none":"p5d8bb44da7795"},"required":"false","conditions":[{"identifier":"area","operator":"is","value":"42"}]}'),
	(474, 0, 1, 'vers_name', 'p57c57eccdce54', 'text', '{"required":"true","conditions":[{"identifier":"rsvers_rb","operator":"is","value":"tk"},{"identifier":"area","operator":"is","value":"42"}]}'),
	(475, 1, 1, 'vers_name', 'p57c57eccdce54', 'text', '{"required":"true","conditions":[{"identifier":"rsvers_rb","operator":"is","value":"kk"},{"identifier":"area","operator":"is","value":"42"}]}'),
	(476, 2, 1, 'vers_name', 'p57c57eccdce54', 'text', '{"required":"true","conditions":[{"identifier":"rsvers_rb","operator":"is","value":"vk"},{"identifier":"area","operator":"is","value":"42"}]}'),
	(477, 3, 1, 'vers_name', 'p57c57eccdce54', 'text', '{"required":"true","conditions":[{"identifier":"rsvers_rb","operator":"is","value":"hp"},{"identifier":"area","operator":"is","value":"42"}]}');
/*!40000 ALTER TABLE `calsy_appointment_enhanced_field` ENABLE KEYS */;

-- Exportiere Struktur von Tabelle spm.calsy_area
CREATE TABLE IF NOT EXISTS `calsy_area` (
  `calsy_area_id` int(11) NOT NULL AUTO_INCREMENT,
  `calsy_area_title` varchar(255) NOT NULL,
  `calsy_area_default_duration` int(11) DEFAULT NULL,
  `calsy_area_elements` text,
  `calsy_area_bookable_times` text,
  `calsy_area_gender` enum('none','male','female') NOT NULL DEFAULT 'none',
  `calsy_area_disabled_frontend` int(1) DEFAULT '0',
  `calsy_area_requires_bookable_time` int(1) DEFAULT '0',
  PRIMARY KEY (`calsy_area_id`)
) ENGINE=InnoDB AUTO_INCREMENT=50 DEFAULT CHARSET=latin1;

-- Exportiere Daten aus Tabelle spm.calsy_area: ~8 rows (ungefähr)
/*!40000 ALTER TABLE `calsy_area` DISABLE KEYS */;
INSERT INTO `calsy_area` (`calsy_area_id`, `calsy_area_title`, `calsy_area_default_duration`, `calsy_area_elements`, `calsy_area_bookable_times`, `calsy_area_gender`, `calsy_area_disabled_frontend`, `calsy_area_requires_bookable_time`) VALUES
	(41, 'Unfall / Reparatur (Annahme &amp; Check)', 1800, '[{"title":"Annahme &amp; Check","type":"block","duration":"1800"}]', '[{"day":"0","enabled":true},{"day":"1","enabled":true},{"day":"2","enabled":true},{"day":"3","enabled":true},{"day":"4","enabled":true},{"day":"5","enabled":true},{"day":"6","enabled":true}]', 'none', 0, 0),
	(42, 'Glasschaden (Annahme &amp; Check)', 900, '[{"title":"Annahme &amp; Check","type":"block","duration":"900"}]', '[{"day":"0","enabled":true},{"day":"1","enabled":true},{"day":"2","enabled":true},{"day":"3","enabled":true},{"day":"4","enabled":true}]', 'none', 0, 0),
	(43, 'Finanzierung und Leasing (Beratung)', 2700, '[{"title":"Termin","type":"block","duration":"2700"}]', '[{"day":"0","enabled":true},{"day":"1","enabled":true},{"day":"2","enabled":true},{"day":"3","enabled":true},{"day":"4","enabled":true},{"day":"5","enabled":true},{"day":"6","enabled":true}]', 'none', 0, 0),
	(44, 'Neuwagen (Beratung)', 3600, '[{"title":"Termin","type":"block","duration":"3600"}]', '[{"day":"0","enabled":true},{"day":"1","enabled":true},{"day":"2","enabled":true},{"day":"3","enabled":true},{"day":"4","enabled":true},{"day":"5","enabled":true},{"day":"6","enabled":true}]', 'none', 0, 0),
	(45, 'Radwechsel', 1200, '[{"title":"Radwechsel","type":"block","duration":"1200"}]', '[{"day":"0","enabled":true},{"day":"1","enabled":true},{"day":"2","enabled":true},{"day":"3","enabled":true},{"day":"4","enabled":true},{"day":"5","enabled":true},{"day":"6","enabled":true}]', 'none', 0, 1),
	(46, 'Servicetermin (grosser Service)', 5400, '[{"title":"Service","type":"block","duration":"5400"}]', '[{"day":"0","enabled":true},{"day":"1","enabled":true},{"day":"2","enabled":true},{"day":"3","enabled":true},{"day":"4","enabled":true},{"day":"5","enabled":true},{"day":"6","enabled":true}]', 'none', 0, 0),
	(47, 'Servicetermin (kleiner Service)', 3600, '[{"title":"","type":"block","duration":"3600"}]', '[{"day":"0","enabled":true},{"day":"1","enabled":true},{"day":"2","enabled":true},{"day":"3","enabled":true},{"day":"4","enabled":true},{"day":"5","enabled":true},{"day":"6","enabled":true}]', 'none', 0, 0),
	(49, 'Radwechsel + Innenreinigung ', 3600, '[{"title":"Radwechsel ","type":"block","duration":"1800"},{"title":"Innenreinigung","type":"block","duration":"1800"}]', '', 'none', 0, 0);
/*!40000 ALTER TABLE `calsy_area` ENABLE KEYS */;

-- Exportiere Struktur von Tabelle spm.calsy_area_group
CREATE TABLE IF NOT EXISTS `calsy_area_group` (
  `calsy_area_group_id` int(11) NOT NULL AUTO_INCREMENT,
  `calsy_area_group_title` varchar(255) NOT NULL,
  `calsy_area_group_areas` text NOT NULL,
  PRIMARY KEY (`calsy_area_group_id`),
  UNIQUE KEY `calsy_area_group_id_UNIQUE` (`calsy_area_group_id`)
) ENGINE=InnoDB AUTO_INCREMENT=5 DEFAULT CHARSET=latin1;

-- Exportiere Daten aus Tabelle spm.calsy_area_group: ~2 rows (ungefähr)
/*!40000 ALTER TABLE `calsy_area_group` DISABLE KEYS */;
INSERT INTO `calsy_area_group` (`calsy_area_group_id`, `calsy_area_group_title`, `calsy_area_group_areas`) VALUES
	(3, 'Service', '["46","47","41","42","45","49"]'),
	(4, 'Beratung', '["43","44"]');
/*!40000 ALTER TABLE `calsy_area_group` ENABLE KEYS */;

-- Exportiere Struktur von Tabelle spm.calsy_area_price
CREATE TABLE IF NOT EXISTS `calsy_area_price` (
  `calsy_area_price_id` int(11) NOT NULL AUTO_INCREMENT,
  `calsy_area_price_area_id` int(11) NOT NULL,
  `calsy_area_price_amount` float DEFAULT '0',
  `calsy_area_price_currency` varchar(4) NOT NULL,
  `calsy_area_price_rate_vat` float DEFAULT NULL,
  `calsy_area_price_payment_methods` text,
  PRIMARY KEY (`calsy_area_price_id`),
  UNIQUE KEY `calsy_area_price_id_UNIQUE` (`calsy_area_price_id`)
) ENGINE=InnoDB DEFAULT CHARSET=latin1 COMMENT='Prices for areas';

-- Exportiere Daten aus Tabelle spm.calsy_area_price: ~0 rows (ungefähr)
/*!40000 ALTER TABLE `calsy_area_price` DISABLE KEYS */;
/*!40000 ALTER TABLE `calsy_area_price` ENABLE KEYS */;

-- Exportiere Struktur von Tabelle spm.calsy_area_user_backend
CREATE TABLE IF NOT EXISTS `calsy_area_user_backend` (
  `calsy_area_user_backend_id` int(11) NOT NULL AUTO_INCREMENT,
  `calsy_area_user_backend_area_id` int(11) NOT NULL,
  `calsy_area_user_backend_user_id` int(11) NOT NULL,
  PRIMARY KEY (`calsy_area_user_backend_id`),
  KEY `area_id` (`calsy_area_user_backend_area_id`),
  KEY `user_id` (`calsy_area_user_backend_user_id`)
) ENGINE=InnoDB AUTO_INCREMENT=325 DEFAULT CHARSET=latin1;

-- Exportiere Daten aus Tabelle spm.calsy_area_user_backend: ~88 rows (ungefähr)
/*!40000 ALTER TABLE `calsy_area_user_backend` DISABLE KEYS */;
INSERT INTO `calsy_area_user_backend` (`calsy_area_user_backend_id`, `calsy_area_user_backend_area_id`, `calsy_area_user_backend_user_id`) VALUES
	(159, 30, 46),
	(164, 37, 48),
	(165, 37, 47),
	(166, 33, 47),
	(167, 35, 48),
	(168, 34, 46),
	(169, 34, 47),
	(170, 34, 1),
	(171, 34, 43),
	(172, 36, 46),
	(173, 36, 48),
	(174, 32, 46),
	(175, 32, 48),
	(176, 32, 47),
	(177, 38, 46),
	(178, 38, 48),
	(179, 38, 47),
	(180, 38, 49),
	(181, 38, 28),
	(182, 38, 1),
	(183, 38, 43),
	(202, 41, 55),
	(203, 41, 54),
	(204, 41, 28),
	(205, 41, 53),
	(206, 41, 52),
	(207, 41, 51),
	(208, 40, 55),
	(209, 40, 54),
	(210, 40, 28),
	(211, 40, 53),
	(212, 40, 52),
	(213, 40, 51),
	(244, 46, 55),
	(245, 46, 54),
	(246, 46, 28),
	(247, 46, 53),
	(248, 46, 52),
	(249, 46, 51),
	(268, 44, 55),
	(269, 44, 54),
	(270, 44, 28),
	(271, 44, 53),
	(272, 44, 52),
	(273, 44, 51),
	(274, 47, 55),
	(275, 47, 54),
	(276, 47, 28),
	(277, 47, 53),
	(278, 47, 52),
	(279, 47, 51),
	(280, 39, 55),
	(281, 39, 54),
	(282, 39, 53),
	(283, 39, 52),
	(284, 39, 51),
	(285, 43, 55),
	(286, 43, 54),
	(287, 43, 53),
	(288, 43, 52),
	(289, 42, 55),
	(290, 42, 54),
	(291, 42, 28),
	(292, 42, 53),
	(293, 42, 52),
	(294, 42, 51),
	(295, 45, 55),
	(296, 45, 54),
	(297, 45, 28),
	(298, 45, 53),
	(299, 45, 52),
	(300, 45, 51),
	(301, 48, 55),
	(302, 48, 54),
	(303, 48, 58),
	(304, 48, 28),
	(305, 48, 53),
	(306, 48, 52),
	(307, 48, 1),
	(308, 48, 51),
	(317, 49, 55),
	(318, 49, 54),
	(319, 49, 58),
	(320, 49, 28),
	(321, 49, 53),
	(322, 49, 52),
	(323, 49, 1),
	(324, 49, 51);
/*!40000 ALTER TABLE `calsy_area_user_backend` ENABLE KEYS */;

-- Exportiere Struktur von Tabelle spm.calsy_area_user_backend_notification
CREATE TABLE IF NOT EXISTS `calsy_area_user_backend_notification` (
  `calsy_area_user_backend_notification_id` int(11) NOT NULL AUTO_INCREMENT,
  `calsy_area_user_backend_notification_area_id` int(11) NOT NULL,
  `calsy_area_user_backend_notification_user_id` int(11) NOT NULL,
  PRIMARY KEY (`calsy_area_user_backend_notification_id`)
) ENGINE=InnoDB AUTO_INCREMENT=56 DEFAULT CHARSET=latin1;

-- Exportiere Daten aus Tabelle spm.calsy_area_user_backend_notification: ~29 rows (ungefähr)
/*!40000 ALTER TABLE `calsy_area_user_backend_notification` DISABLE KEYS */;
INSERT INTO `calsy_area_user_backend_notification` (`calsy_area_user_backend_notification_id`, `calsy_area_user_backend_notification_area_id`, `calsy_area_user_backend_notification_user_id`) VALUES
	(5, 2, 28),
	(6, 2, 1),
	(12, 28, 45),
	(13, 28, 28),
	(14, 28, 43),
	(15, 28, 44),
	(17, 41, 28),
	(18, 40, 28),
	(23, 46, 28),
	(28, 44, 28),
	(29, 47, 28),
	(30, 42, 28),
	(31, 45, 28),
	(32, 48, 55),
	(33, 48, 54),
	(34, 48, 58),
	(35, 48, 28),
	(36, 48, 53),
	(37, 48, 52),
	(38, 48, 1),
	(39, 48, 51),
	(48, 49, 55),
	(49, 49, 54),
	(50, 49, 58),
	(51, 49, 28),
	(52, 49, 53),
	(53, 49, 52),
	(54, 49, 1),
	(55, 49, 51);
/*!40000 ALTER TABLE `calsy_area_user_backend_notification` ENABLE KEYS */;

-- Exportiere Struktur von Tabelle spm.calsy_calendar_entry
CREATE TABLE IF NOT EXISTS `calsy_calendar_entry` (
  `calsy_calendar_entry_id` int(11) NOT NULL AUTO_INCREMENT,
  `calsy_calendar_entry_group_id` int(11) DEFAULT NULL,
  `calsy_calendar_entry_parent_entry_id` int(11) DEFAULT NULL,
  `calsy_calendar_entry_user_id` int(11) DEFAULT NULL,
  `calsy_calendar_entry_date_begin` timestamp NULL DEFAULT NULL,
  `calsy_calendar_entry_date_end` timestamp NULL DEFAULT NULL,
  `calsy_calendar_entry_title` varchar(255) DEFAULT NULL,
  `calsy_calendar_entry_description` text,
  `calsy_calendar_entry_resource_id` int(11) DEFAULT NULL,
  `calsy_calendar_entry_is_holiday` int(1) NOT NULL DEFAULT '0',
  PRIMARY KEY (`calsy_calendar_entry_id`),
  KEY `spm_calendar_entry_group_id` (`calsy_calendar_entry_group_id`),
  KEY `spm_calendar_entry_resource_id` (`calsy_calendar_entry_resource_id`)
) ENGINE=InnoDB AUTO_INCREMENT=797 DEFAULT CHARSET=latin1;

-- Exportiere Daten aus Tabelle spm.calsy_calendar_entry: ~39 rows (ungefähr)
/*!40000 ALTER TABLE `calsy_calendar_entry` DISABLE KEYS */;
INSERT INTO `calsy_calendar_entry` (`calsy_calendar_entry_id`, `calsy_calendar_entry_group_id`, `calsy_calendar_entry_parent_entry_id`, `calsy_calendar_entry_user_id`, `calsy_calendar_entry_date_begin`, `calsy_calendar_entry_date_end`, `calsy_calendar_entry_title`, `calsy_calendar_entry_description`, `calsy_calendar_entry_resource_id`, `calsy_calendar_entry_is_holiday`) VALUES
	(708, NULL, NULL, 55, '2019-10-02 08:30:00', '2019-10-02 09:50:00', 'Radwechsel', NULL, 23, 0),
	(709, NULL, NULL, 55, '2019-10-08 10:30:00', '2019-10-08 11:50:00', 'Radwechsel', NULL, 23, 0),
	(754, 810, 0, NULL, '2019-09-30 10:00:00', '2019-09-30 18:00:00', 'Radwechsel', 'Der Radwechsel beinhaltet bei uns immer die Prüfung und Optimierung des Luftdrucks sowie Messung der Profiltiefe.', 0, 0),
	(755, 810, NULL, NULL, '2019-10-07 10:00:00', '2019-10-07 18:00:00', 'Radwechsel', NULL, NULL, 0),
	(756, 810, NULL, NULL, '2019-10-14 10:00:00', '2019-10-14 18:00:00', 'Radwechsel', NULL, NULL, 0),
	(757, 810, 0, NULL, '2019-10-21 10:00:00', '2019-10-21 18:00:00', 'Radwechsel', 'Der Radwechsel ist der Wechsel eines Komplettrads. Das bedeutet: Der Reifen ist bereits auf die Alu- oder Stahlfelge aufgezogen und das Rad wird als Ganzes ausgetauscht.', 0, 0),
	(758, 810, 0, NULL, '2019-10-28 10:00:00', '2019-10-28 18:00:00', 'Radwechsel', 'Der Radwechsel beinhaltet bei uns immer die Prüfung und Optimierung des Luftdrucks sowie Messung der Profiltiefe.', 0, 0),
	(759, 811, NULL, NULL, '2019-10-01 10:00:00', '2019-10-01 18:00:00', 'Unfallannahme', NULL, NULL, 0),
	(760, 811, NULL, NULL, '2019-10-08 10:00:00', '2019-10-08 18:00:00', 'Unfallannahme', NULL, NULL, 0),
	(761, 811, NULL, NULL, '2019-10-15 10:00:00', '2019-10-15 18:00:00', 'Unfallannahme', NULL, NULL, 0),
	(762, 811, NULL, NULL, '2019-10-22 10:00:00', '2019-10-22 18:00:00', 'Unfallannahme', NULL, NULL, 0),
	(763, 811, NULL, NULL, '2019-10-29 10:00:00', '2019-10-29 18:00:00', 'Unfallannahme', NULL, NULL, 0),
	(764, 811, NULL, NULL, '2019-11-05 10:00:00', '2019-11-05 18:00:00', 'Unfallannahme', NULL, NULL, 0),
	(765, 812, 0, 54, '2019-10-15 14:00:00', '2019-10-15 14:30:00', 'Unfall / Reparatur (Annahme &amp; Check) für Test-Peter Testmann mit Irina Blazkowicz', 'Auto kaputt.', 19, 0),
	(766, NULL, NULL, 1, '2019-10-11 09:00:00', '2019-10-11 11:30:00', 'Beratung', NULL, NULL, 0),
	(767, NULL, NULL, 1, '2019-10-10 09:00:00', '2019-10-10 10:30:00', 'Beratung', NULL, NULL, 0),
	(768, NULL, NULL, 55, '2019-10-24 08:30:00', '2019-10-24 09:00:00', 'Annahme Unfallfahzeug', NULL, NULL, 0),
	(769, NULL, NULL, NULL, '2019-10-24 09:00:00', '2019-10-25 17:00:00', 'Ersatzfahrzeug Nissan Micra', NULL, 21, 0),
	(770, NULL, NULL, 58, '2019-11-14 10:00:00', '2019-11-14 11:00:00', 'Frederik Holler (kleiner Service)', NULL, 19, 0),
	(771, NULL, NULL, NULL, '2019-10-31 00:00:00', '2019-10-31 23:59:00', 'Feiertag', NULL, NULL, 1),
	(772, NULL, NULL, 54, '2019-11-19 10:00:00', '2019-11-19 11:30:00', 'Grosser Service - 3er BMW', NULL, 19, 0),
	(773, 820, NULL, NULL, '2019-11-04 10:00:00', '2019-11-04 18:00:00', 'Buchbare Zeit', 'Radwechsel\n\nUnsere Profis beraten Sie und montieren Ihre Reifen fachgerecht ab und wieder an.\n\nDer Radwechsel ist der Wechsel eines Komplettrads. Das bedeutet: Der Reifen ist bereits auf die Alu- oder Stahlfelge aufgezogen und das Rad wird als Ganzes ausgetauscht. Der Radwechsel beinhaltet bei uns immer die Prüfung und Optimierung des Luftdrucks sowie Messung der Profiltiefe.\n\nLet\'s change !', NULL, 0),
	(774, 820, NULL, NULL, '2019-11-11 10:00:00', '2019-11-11 18:00:00', 'Buchbare Zeit', 'Radwechsel\n\nUnsere Profis beraten Sie und montieren Ihre Reifen fachgerecht ab und wieder an.\n\nDer Radwechsel ist der Wechsel eines Komplettrads. Das bedeutet: Der Reifen ist bereits auf die Alu- oder Stahlfelge aufgezogen und das Rad wird als Ganzes ausgetauscht. Der Radwechsel beinhaltet bei uns immer die Prüfung und Optimierung des Luftdrucks sowie Messung der Profiltiefe.\n\nLet\'s change !', NULL, 0),
	(775, 820, NULL, NULL, '2019-11-18 10:00:00', '2019-11-18 18:00:00', 'Buchbare Zeit', 'Radwechsel\n\nUnsere Profis beraten Sie und montieren Ihre Reifen fachgerecht ab und wieder an.\n\nDer Radwechsel ist der Wechsel eines Komplettrads. Das bedeutet: Der Reifen ist bereits auf die Alu- oder Stahlfelge aufgezogen und das Rad wird als Ganzes ausgetauscht. Der Radwechsel beinhaltet bei uns immer die Prüfung und Optimierung des Luftdrucks sowie Messung der Profiltiefe.\n\nLet\'s change !', NULL, 0),
	(776, 820, NULL, NULL, '2019-11-25 10:00:00', '2019-11-25 18:00:00', 'Buchbare Zeit', 'Radwechsel\n\nUnsere Profis beraten Sie und montieren Ihre Reifen fachgerecht ab und wieder an.\n\nDer Radwechsel ist der Wechsel eines Komplettrads. Das bedeutet: Der Reifen ist bereits auf die Alu- oder Stahlfelge aufgezogen und das Rad wird als Ganzes ausgetauscht. Der Radwechsel beinhaltet bei uns immer die Prüfung und Optimierung des Luftdrucks sowie Messung der Profiltiefe.\n\nLet\'s change !', NULL, 0),
	(777, 820, NULL, NULL, '2019-12-02 10:00:00', '2019-12-02 18:00:00', 'Buchbare Zeit', 'Radwechsel\n\nUnsere Profis beraten Sie und montieren Ihre Reifen fachgerecht ab und wieder an.\n\nDer Radwechsel ist der Wechsel eines Komplettrads. Das bedeutet: Der Reifen ist bereits auf die Alu- oder Stahlfelge aufgezogen und das Rad wird als Ganzes ausgetauscht. Der Radwechsel beinhaltet bei uns immer die Prüfung und Optimierung des Luftdrucks sowie Messung der Profiltiefe.\n\nLet\'s change !', NULL, 0),
	(778, 820, NULL, NULL, '2019-12-09 10:00:00', '2019-12-09 18:00:00', 'Buchbare Zeit', 'Radwechsel\n\nUnsere Profis beraten Sie und montieren Ihre Reifen fachgerecht ab und wieder an.\n\nDer Radwechsel ist der Wechsel eines Komplettrads. Das bedeutet: Der Reifen ist bereits auf die Alu- oder Stahlfelge aufgezogen und das Rad wird als Ganzes ausgetauscht. Der Radwechsel beinhaltet bei uns immer die Prüfung und Optimierung des Luftdrucks sowie Messung der Profiltiefe.\n\nLet\'s change !', NULL, 0),
	(779, 821, 0, NULL, '2019-10-14 11:00:00', '2019-10-14 11:20:00', 'Radwechsel H. Holler', 'Räder eingelagert', NULL, 0),
	(783, 0, 0, 1, '2019-10-22 08:30:00', '2019-10-22 10:30:00', 'Test mit Bild', NULL, NULL, 0),
	(785, NULL, NULL, 53, '2019-10-11 11:15:00', '2019-10-11 13:00:00', 'Leasing-Beratung', 'Anhang: Kurzfristige Erfolgsrechnung', 1, 0),
	(786, NULL, NULL, 51, '2019-12-12 15:00:00', '2019-12-12 16:00:00', 'Neuwagenberatung - Fr. Schwenk', NULL, 1, 0),
	(787, 830, 0, 51, '2019-10-10 10:30:00', '2019-10-10 10:45:00', 'Annahme Glasschaden', '', NULL, 0),
	(788, 831, 0, 54, '2019-10-24 11:00:00', '2019-10-24 12:00:00', 'Kleiner Service', NULL, 19, 0),
	(789, 832, NULL, NULL, '2019-10-18 10:30:00', '2019-10-18 11:30:00', 'Termin', NULL, NULL, 0),
	(792, 835, NULL, NULL, '2019-11-07 16:30:00', '2019-11-07 18:00:00', 'Termin', 'Reisepass &amp; Ausländerpass', NULL, 0),
	(793, 836, 0, 53, '2019-10-15 14:00:00', '2019-10-15 16:00:00', 'Servicetermin (kleiner Service) für Frederik Holler mit Paul Hutmacher', '', 20, 0),
	(794, 837, 0, 52, '2019-10-24 09:00:00', '2019-10-24 10:00:00', 'Neuwagen (Beratung) für Frederik Holler mit Paulina Regner', '', 1, 0),
	(795, NULL, NULL, 53, '2019-10-17 10:00:00', '2019-10-17 12:30:00', 'Servicetermin (grosser Service) für Herr Holler mit Paul Hutmacher', NULL, 19, 0),
	(796, 839, NULL, NULL, '2019-11-11 11:00:00', '2019-11-11 11:20:00', 'Termin', 'Meine Räder sind bereits eingelagert.', NULL, 0);
/*!40000 ALTER TABLE `calsy_calendar_entry` ENABLE KEYS */;

-- Exportiere Struktur von Tabelle spm.calsy_calendar_entry_flag
CREATE TABLE IF NOT EXISTS `calsy_calendar_entry_flag` (
  `calsy_calendar_entry_flag_id` int(11) NOT NULL AUTO_INCREMENT,
  `calsy_calendar_entry_flag_calsy_calendar_entry_id` int(11) NOT NULL,
  `calsy_calendar_entry_flag_title` varchar(255) NOT NULL,
  `calsy_calendar_entry_flag_value` varchar(255) NOT NULL,
  PRIMARY KEY (`calsy_calendar_entry_flag_id`)
) ENGINE=InnoDB AUTO_INCREMENT=317 DEFAULT CHARSET=latin1;

-- Exportiere Daten aus Tabelle spm.calsy_calendar_entry_flag: ~85 rows (ungefähr)
/*!40000 ALTER TABLE `calsy_calendar_entry_flag` DISABLE KEYS */;
INSERT INTO `calsy_calendar_entry_flag` (`calsy_calendar_entry_flag_id`, `calsy_calendar_entry_flag_calsy_calendar_entry_id`, `calsy_calendar_entry_flag_title`, `calsy_calendar_entry_flag_value`) VALUES
	(232, 754, 'is_bookable_time', '1'),
	(233, 754, 'bookable_time_area_id', '45'),
	(234, 754, 'bookable_time_number_bookable', ''),
	(235, 754, 'bookable_time_public_annotations_enabled', '1'),
	(236, 754, 'bookable_time_annotation_image', '0660bdc4818333703be98474f765943a.jpg'),
	(237, 755, 'is_bookable_time', '1'),
	(238, 755, 'bookable_time_area_id', '45'),
	(239, 755, 'bookable_time_number_bookable', ''),
	(240, 755, 'bookable_time_public_annotations_enabled', '1'),
	(241, 755, 'bookable_time_annotation_image', '0660bdc4818333703be98474f765943a.jpg'),
	(242, 756, 'is_bookable_time', '1'),
	(243, 756, 'bookable_time_area_id', '45'),
	(244, 756, 'bookable_time_number_bookable', ''),
	(245, 756, 'bookable_time_public_annotations_enabled', '1'),
	(246, 756, 'bookable_time_annotation_image', '0660bdc4818333703be98474f765943a.jpg'),
	(247, 757, 'is_bookable_time', '1'),
	(248, 757, 'bookable_time_area_id', '45'),
	(249, 757, 'bookable_time_number_bookable', ''),
	(250, 757, 'bookable_time_public_annotations_enabled', '1'),
	(251, 757, 'bookable_time_annotation_image', '0660bdc4818333703be98474f765943a.jpg'),
	(252, 758, 'is_bookable_time', '1'),
	(253, 758, 'bookable_time_area_id', '45'),
	(254, 758, 'bookable_time_number_bookable', ''),
	(255, 758, 'bookable_time_public_annotations_enabled', '1'),
	(256, 758, 'bookable_time_annotation_image', '0660bdc4818333703be98474f765943a.jpg'),
	(257, 759, 'is_bookable_time', '1'),
	(258, 759, 'bookable_time_area_id', '41'),
	(259, 759, 'bookable_time_number_bookable', ''),
	(260, 759, 'bookable_time_public_annotations_enabled', '1'),
	(261, 759, 'bookable_time_annotation_image', '3a98efbf452a202adc241d53142ea72d.jpg'),
	(262, 760, 'is_bookable_time', '1'),
	(263, 760, 'bookable_time_area_id', '41'),
	(264, 760, 'bookable_time_number_bookable', ''),
	(265, 760, 'bookable_time_public_annotations_enabled', '1'),
	(266, 760, 'bookable_time_annotation_image', '3a98efbf452a202adc241d53142ea72d.jpg'),
	(267, 761, 'is_bookable_time', '1'),
	(268, 761, 'bookable_time_area_id', '41'),
	(269, 761, 'bookable_time_number_bookable', ''),
	(270, 761, 'bookable_time_public_annotations_enabled', '1'),
	(271, 761, 'bookable_time_annotation_image', '3a98efbf452a202adc241d53142ea72d.jpg'),
	(272, 762, 'is_bookable_time', '1'),
	(273, 762, 'bookable_time_area_id', '41'),
	(274, 762, 'bookable_time_number_bookable', ''),
	(275, 762, 'bookable_time_public_annotations_enabled', '1'),
	(276, 762, 'bookable_time_annotation_image', '3a98efbf452a202adc241d53142ea72d.jpg'),
	(277, 763, 'is_bookable_time', '1'),
	(278, 763, 'bookable_time_area_id', '41'),
	(279, 763, 'bookable_time_number_bookable', ''),
	(280, 763, 'bookable_time_public_annotations_enabled', '1'),
	(281, 763, 'bookable_time_annotation_image', '3a98efbf452a202adc241d53142ea72d.jpg'),
	(282, 764, 'is_bookable_time', '1'),
	(283, 764, 'bookable_time_area_id', '41'),
	(284, 764, 'bookable_time_number_bookable', ''),
	(285, 764, 'bookable_time_public_annotations_enabled', '1'),
	(286, 764, 'bookable_time_annotation_image', '3a98efbf452a202adc241d53142ea72d.jpg'),
	(287, 773, 'is_bookable_time', '1'),
	(288, 773, 'bookable_time_area_id', '45'),
	(289, 773, 'bookable_time_number_bookable', ''),
	(290, 773, 'bookable_time_public_annotations_enabled', '1'),
	(291, 773, 'bookable_time_annotation_image', '90c20d353a54c62ab6dc18b8f435a245.jpeg'),
	(292, 774, 'is_bookable_time', '1'),
	(293, 774, 'bookable_time_area_id', '45'),
	(294, 774, 'bookable_time_number_bookable', ''),
	(295, 774, 'bookable_time_public_annotations_enabled', '1'),
	(296, 774, 'bookable_time_annotation_image', '90c20d353a54c62ab6dc18b8f435a245.jpeg'),
	(297, 775, 'is_bookable_time', '1'),
	(298, 775, 'bookable_time_area_id', '45'),
	(299, 775, 'bookable_time_number_bookable', ''),
	(300, 775, 'bookable_time_public_annotations_enabled', '1'),
	(301, 775, 'bookable_time_annotation_image', '90c20d353a54c62ab6dc18b8f435a245.jpeg'),
	(302, 776, 'is_bookable_time', '1'),
	(303, 776, 'bookable_time_area_id', '45'),
	(304, 776, 'bookable_time_number_bookable', ''),
	(305, 776, 'bookable_time_public_annotations_enabled', '1'),
	(306, 776, 'bookable_time_annotation_image', '90c20d353a54c62ab6dc18b8f435a245.jpeg'),
	(307, 777, 'is_bookable_time', '1'),
	(308, 777, 'bookable_time_area_id', '45'),
	(309, 777, 'bookable_time_number_bookable', ''),
	(310, 777, 'bookable_time_public_annotations_enabled', '1'),
	(311, 777, 'bookable_time_annotation_image', '90c20d353a54c62ab6dc18b8f435a245.jpeg'),
	(312, 778, 'is_bookable_time', '1'),
	(313, 778, 'bookable_time_area_id', '45'),
	(314, 778, 'bookable_time_number_bookable', ''),
	(315, 778, 'bookable_time_public_annotations_enabled', '1'),
	(316, 778, 'bookable_time_annotation_image', '90c20d353a54c62ab6dc18b8f435a245.jpeg');
/*!40000 ALTER TABLE `calsy_calendar_entry_flag` ENABLE KEYS */;

-- Exportiere Struktur von Tabelle spm.calsy_calendar_entry_group
CREATE TABLE IF NOT EXISTS `calsy_calendar_entry_group` (
  `calsy_calendar_entry_group_id` int(11) NOT NULL AUTO_INCREMENT,
  PRIMARY KEY (`calsy_calendar_entry_group_id`)
) ENGINE=InnoDB AUTO_INCREMENT=840 DEFAULT CHARSET=utf8;

-- Exportiere Daten aus Tabelle spm.calsy_calendar_entry_group: ~410 rows (ungefähr)
/*!40000 ALTER TABLE `calsy_calendar_entry_group` DISABLE KEYS */;
INSERT INTO `calsy_calendar_entry_group` (`calsy_calendar_entry_group_id`) VALUES
	(4),
	(5),
	(6),
	(7),
	(8),
	(9),
	(10),
	(11),
	(12),
	(13),
	(16),
	(18),
	(19),
	(23),
	(24),
	(25),
	(26),
	(27),
	(28),
	(29),
	(30),
	(31),
	(32),
	(33),
	(34),
	(35),
	(36),
	(37),
	(38),
	(39),
	(40),
	(41),
	(42),
	(43),
	(47),
	(48),
	(49),
	(51),
	(53),
	(54),
	(55),
	(56),
	(57),
	(58),
	(59),
	(63),
	(65),
	(66),
	(67),
	(68),
	(79),
	(80),
	(86),
	(87),
	(88),
	(89),
	(90),
	(91),
	(92),
	(93),
	(97),
	(106),
	(107),
	(108),
	(110),
	(111),
	(125),
	(130),
	(135),
	(136),
	(138),
	(139),
	(142),
	(143),
	(150),
	(156),
	(160),
	(164),
	(165),
	(166),
	(170),
	(178),
	(188),
	(192),
	(193),
	(194),
	(196),
	(197),
	(202),
	(210),
	(212),
	(214),
	(216),
	(219),
	(220),
	(222),
	(230),
	(231),
	(232),
	(301),
	(302),
	(305),
	(308),
	(309),
	(311),
	(318),
	(322),
	(324),
	(331),
	(335),
	(341),
	(342),
	(345),
	(349),
	(355),
	(356),
	(357),
	(358),
	(359),
	(360),
	(364),
	(386),
	(387),
	(389),
	(390),
	(410),
	(411),
	(412),
	(414),
	(418),
	(425),
	(455),
	(457),
	(463),
	(489),
	(490),
	(498),
	(505),
	(508),
	(509),
	(510),
	(511),
	(512),
	(513),
	(514),
	(516),
	(517),
	(518),
	(519),
	(520),
	(521),
	(522),
	(523),
	(525),
	(526),
	(527),
	(528),
	(529),
	(530),
	(531),
	(532),
	(533),
	(534),
	(535),
	(536),
	(537),
	(538),
	(539),
	(540),
	(541),
	(542),
	(543),
	(544),
	(545),
	(546),
	(547),
	(548),
	(549),
	(550),
	(551),
	(552),
	(553),
	(555),
	(556),
	(557),
	(558),
	(559),
	(560),
	(561),
	(562),
	(563),
	(564),
	(565),
	(567),
	(568),
	(569),
	(570),
	(571),
	(572),
	(573),
	(574),
	(576),
	(584),
	(585),
	(586),
	(587),
	(588),
	(589),
	(590),
	(591),
	(593),
	(594),
	(595),
	(596),
	(598),
	(599),
	(600),
	(601),
	(602),
	(604),
	(605),
	(607),
	(609),
	(610),
	(611),
	(613),
	(614),
	(615),
	(617),
	(618),
	(619),
	(620),
	(621),
	(624),
	(625),
	(626),
	(627),
	(628),
	(630),
	(632),
	(633),
	(634),
	(636),
	(637),
	(638),
	(641),
	(642),
	(643),
	(644),
	(645),
	(647),
	(649),
	(651),
	(652),
	(653),
	(654),
	(655),
	(656),
	(657),
	(658),
	(659),
	(660),
	(661),
	(662),
	(663),
	(665),
	(666),
	(667),
	(668),
	(669),
	(670),
	(671),
	(672),
	(673),
	(674),
	(675),
	(676),
	(677),
	(678),
	(679),
	(680),
	(682),
	(683),
	(684),
	(686),
	(687),
	(688),
	(689),
	(690),
	(691),
	(692),
	(693),
	(696),
	(697),
	(698),
	(699),
	(700),
	(701),
	(702),
	(703),
	(705),
	(706),
	(707),
	(708),
	(709),
	(710),
	(712),
	(713),
	(715),
	(716),
	(717),
	(718),
	(719),
	(720),
	(721),
	(722),
	(723),
	(726),
	(727),
	(728),
	(729),
	(730),
	(731),
	(732),
	(734),
	(735),
	(736),
	(737),
	(738),
	(739),
	(741),
	(742),
	(743),
	(744),
	(745),
	(746),
	(748),
	(749),
	(750),
	(751),
	(752),
	(753),
	(754),
	(755),
	(756),
	(757),
	(759),
	(760),
	(761),
	(762),
	(763),
	(764),
	(765),
	(766),
	(767),
	(768),
	(769),
	(770),
	(771),
	(772),
	(773),
	(774),
	(775),
	(776),
	(777),
	(780),
	(781),
	(782),
	(783),
	(787),
	(788),
	(789),
	(790),
	(791),
	(792),
	(793),
	(794),
	(797),
	(798),
	(803),
	(804),
	(805),
	(806),
	(810),
	(811),
	(812),
	(813),
	(814),
	(815),
	(816),
	(817),
	(818),
	(819),
	(820),
	(821),
	(822),
	(823),
	(824),
	(825),
	(826),
	(828),
	(829),
	(830),
	(831),
	(832),
	(835),
	(836),
	(837),
	(838),
	(839);
/*!40000 ALTER TABLE `calsy_calendar_entry_group` ENABLE KEYS */;

-- Exportiere Struktur von Tabelle spm.calsy_calendar_entry_image
CREATE TABLE IF NOT EXISTS `calsy_calendar_entry_image` (
  `calsy_calendar_entry_image_id` int(255) NOT NULL AUTO_INCREMENT,
  `calsy_calendar_entry_image_calendar_entry_id` int(11) NOT NULL DEFAULT '0',
  `calsy_calendar_entry_image_file` text NOT NULL,
  `calsy_calendar_entry_image_filename` text NOT NULL,
  `calsy_calendar_entry_image_date_created` timestamp NOT NULL DEFAULT CURRENT_TIMESTAMP ON UPDATE CURRENT_TIMESTAMP,
  PRIMARY KEY (`calsy_calendar_entry_image_id`),
  UNIQUE KEY `caly_calendar_entry_image_id` (`calsy_calendar_entry_image_id`)
) ENGINE=InnoDB AUTO_INCREMENT=19 DEFAULT CHARSET=latin1;

-- Exportiere Daten aus Tabelle spm.calsy_calendar_entry_image: ~7 rows (ungefähr)
/*!40000 ALTER TABLE `calsy_calendar_entry_image` DISABLE KEYS */;
INSERT INTO `calsy_calendar_entry_image` (`calsy_calendar_entry_image_id`, `calsy_calendar_entry_image_calendar_entry_id`, `calsy_calendar_entry_image_file`, `calsy_calendar_entry_image_filename`, `calsy_calendar_entry_image_date_created`) VALUES
	(7, 783, '1f15a33783a8eb5a820472386ffdfabd.jpg', '1f15a33783a8eb5a820472386ffdfabd.jpg', '2019-10-02 22:01:38'),
	(8, 784, '72cd25f71e2216e99b5cedd59a8d4040.jpg', 'Hörnchen.jpg', '2019-10-02 22:21:18'),
	(9, 785, '4dc920517df231c849cfc235d3a05788.jpg', 'bb456a06d2.jpg', '2019-10-03 09:04:48'),
	(11, 788, '6b8562d7bb84fd9aa84574615d638a34.jpg', '6b8562d7bb84fd9aa84574615d638a34.jpg', '2019-10-03 09:28:11'),
	(14, 791, 'fa6b4c3f6b3b1b85fedc18da14a54e29.jpg', 'd3f539d6c74afa2a.jpg', '2019-10-03 18:26:00'),
	(15, 792, '0aa95dd621c19677b1bab7bede9dd845.pdf', '4_Reisepass_und_Ausla?nderpasskopie.pdf', '2019-10-03 22:44:05'),
	(18, 796, '4ee6952195f4b68528cbc49b0141185e.pdf', 'Fahrzeugausweis.pdf', '2019-10-04 09:46:13');
/*!40000 ALTER TABLE `calsy_calendar_entry_image` ENABLE KEYS */;

-- Exportiere Struktur von Tabelle spm.calsy_calendar_entry_notification
CREATE TABLE IF NOT EXISTS `calsy_calendar_entry_notification` (
  `calsy_calendar_entry_notification_id` int(11) NOT NULL AUTO_INCREMENT,
  `calsy_calendar_entry_notification_entry_id` int(11) NOT NULL,
  `calsy_calendar_entry_notification_foreign_id` int(11) DEFAULT NULL,
  `calsy_calendar_entry_notification_is_enabled` int(11) NOT NULL DEFAULT '1',
  `calsy_calendar_entry_notification_time` int(11) NOT NULL,
  `calsy_calendar_entry_notification_type` varchar(255) DEFAULT NULL,
  PRIMARY KEY (`calsy_calendar_entry_notification_id`),
  UNIQUE KEY `spm_calendar_entry_notification_id_UNIQUE` (`calsy_calendar_entry_notification_id`)
) ENGINE=InnoDB AUTO_INCREMENT=336 DEFAULT CHARSET=latin1;

-- Exportiere Daten aus Tabelle spm.calsy_calendar_entry_notification: ~73 rows (ungefähr)
/*!40000 ALTER TABLE `calsy_calendar_entry_notification` DISABLE KEYS */;
INSERT INTO `calsy_calendar_entry_notification` (`calsy_calendar_entry_notification_id`, `calsy_calendar_entry_notification_entry_id`, `calsy_calendar_entry_notification_foreign_id`, `calsy_calendar_entry_notification_is_enabled`, `calsy_calendar_entry_notification_time`, `calsy_calendar_entry_notification_type`) VALUES
	(13, 342, 37, 1, 3600, 'user'),
	(42, 426, 40, 1, 3600, 'user'),
	(43, 427, 0, 0, 0, 'user'),
	(55, 438, 39, 1, 86400, 'account'),
	(56, 438, 40, 0, 0, 'user'),
	(57, 439, 0, 0, 0, 'user'),
	(58, 440, 40, 0, 0, 'user'),
	(59, 341, 0, 0, 0, 'user'),
	(61, 276, 41, 1, 3600, 'account'),
	(62, 444, 1, 1, 3600, 'user'),
	(63, 445, 1, 1, 3600, 'user'),
	(64, 446, 1, 1, 3600, 'user'),
	(67, 449, 1, 1, 3600, 'user'),
	(68, 450, 1, 1, 3600, 'user'),
	(69, 451, 1, 1, 3600, 'user'),
	(70, 452, 1, 1, 3600, 'user'),
	(71, 453, 1, 1, 3600, 'user'),
	(72, 454, 1, 1, 3600, 'user'),
	(74, 456, 28, 1, 3600, 'user'),
	(75, 457, 28, 1, 3600, 'user'),
	(78, 460, 28, 1, 3600, 'user'),
	(79, 461, 28, 1, 3600, 'user'),
	(80, 462, 28, 1, 3600, 'user'),
	(81, 463, 28, 1, 3600, 'user'),
	(82, 464, 28, 1, 3600, 'user'),
	(84, 466, NULL, 0, 0, 'user'),
	(85, 467, NULL, 0, 0, 'user'),
	(89, 470, NULL, 0, 0, 'user'),
	(281, 656, 28, 0, 0, 'user'),
	(286, 663, 39, 0, 0, 'account'),
	(287, 663, 52, 0, 0, 'user'),
	(288, 662, 54, 0, 0, 'user'),
	(289, 665, 53, 0, 0, 'user'),
	(290, 667, 1, 0, 0, 'user'),
	(291, 668, 52, 0, 0, 'user'),
	(292, 669, 55, 0, 0, 'user'),
	(293, 670, 54, 0, 0, 'user'),
	(294, 671, 53, 0, 0, 'user'),
	(295, 672, 51, 0, 0, 'user'),
	(296, 673, NULL, 0, 0, 'user'),
	(297, 674, 28, 0, 0, 'user'),
	(298, 674, 52, 0, 0, 'user'),
	(301, 677, 55, 0, 0, 'user'),
	(302, 678, 52, 0, 0, 'user'),
	(303, 679, 54, 0, 0, 'user'),
	(304, 680, 53, 0, 0, 'user'),
	(305, 683, 54, 0, 0, 'user'),
	(306, 684, 53, 0, 0, 'user'),
	(307, 685, 51, 0, 0, 'user'),
	(308, 686, NULL, 0, 0, 'user'),
	(309, 693, 1, 0, 0, 'user'),
	(310, 701, 53, 0, 0, 'user'),
	(311, 704, 53, 0, 0, 'user'),
	(312, 705, 55, 0, 0, 'user'),
	(313, 706, 55, 0, 0, 'user'),
	(314, 709, 55, 0, 0, 'user'),
	(315, 766, 1, 0, 0, 'user'),
	(316, 767, 1, 0, 0, 'user'),
	(317, 768, 55, 0, 0, 'user'),
	(318, 770, 58, 0, 0, 'user'),
	(319, 772, 54, 0, 0, 'user'),
	(323, 783, 1, 0, 0, 'user'),
	(325, 785, 53, 0, 0, 'user'),
	(326, 786, 51, 0, 0, 'user'),
	(327, 788, 39, 0, 0, 'account'),
	(328, 788, 54, 0, 0, 'user'),
	(329, 787, 51, 0, 0, 'user'),
	(330, 789, 39, 0, 0, 'account'),
	(331, 765, 54, 0, 0, 'user'),
	(332, 793, 55, 0, 0, 'user'),
	(333, 793, 53, 0, 0, 'user'),
	(334, 794, 52, 0, 0, 'user'),
	(335, 795, 53, 0, 0, 'user');
/*!40000 ALTER TABLE `calsy_calendar_entry_notification` ENABLE KEYS */;

-- Exportiere Struktur von Tabelle spm.calsy_calendar_entry_user_frontend_order
CREATE TABLE IF NOT EXISTS `calsy_calendar_entry_user_frontend_order` (
  `calsy_calendar_entry_user_frontend_order_id` int(11) NOT NULL AUTO_INCREMENT,
  `calsy_calendar_entry_user_frontend_order_calendar_entry_id` int(11) NOT NULL,
  `calsy_calendar_entry_user_frontend_order_user_frontend_id` int(11) DEFAULT NULL,
  `calsy_calendar_entry_user_frontend_order_order_id` int(11) DEFAULT NULL,
  `calsy_calendar_entry_user_frontend_order_area_id` int(11) NOT NULL,
  `calsy_calendar_entry_user_frontend_order_info_additional` text,
  `calsy_calendar_entry_user_frontend_order_message_to_client` text,
  `calsy_calendar_entry_user_frontend_order_status_confirmation` enum('confirmed','canceled','open','none') NOT NULL DEFAULT 'none',
  `calsy_calendar_entry_user_frontend_order_status_message` text,
  PRIMARY KEY (`calsy_calendar_entry_user_frontend_order_id`),
  KEY `spm_calendar_entry_patient_spm_calendar_entry_id` (`calsy_calendar_entry_user_frontend_order_calendar_entry_id`),
  KEY `spm_calendar_entry_patient_spm_patient_id` (`calsy_calendar_entry_user_frontend_order_user_frontend_id`)
) ENGINE=InnoDB AUTO_INCREMENT=869 DEFAULT CHARSET=utf8;

-- Exportiere Daten aus Tabelle spm.calsy_calendar_entry_user_frontend_order: ~76 rows (ungefähr)
/*!40000 ALTER TABLE `calsy_calendar_entry_user_frontend_order` DISABLE KEYS */;
INSERT INTO `calsy_calendar_entry_user_frontend_order` (`calsy_calendar_entry_user_frontend_order_id`, `calsy_calendar_entry_user_frontend_order_calendar_entry_id`, `calsy_calendar_entry_user_frontend_order_user_frontend_id`, `calsy_calendar_entry_user_frontend_order_order_id`, `calsy_calendar_entry_user_frontend_order_area_id`, `calsy_calendar_entry_user_frontend_order_info_additional`, `calsy_calendar_entry_user_frontend_order_message_to_client`, `calsy_calendar_entry_user_frontend_order_status_confirmation`, `calsy_calendar_entry_user_frontend_order_status_message`) VALUES
	(232, 157, 39, 0, 0, NULL, NULL, 'open', NULL),
	(241, 161, 39, 0, 0, NULL, NULL, 'open', NULL),
	(340, 172, 0, 0, 0, NULL, NULL, 'confirmed', NULL),
	(444, 267, 39, 0, 0, NULL, NULL, 'confirmed', NULL),
	(445, 268, 39, 0, 0, NULL, NULL, 'open', NULL),
	(448, 271, 39, 0, 0, NULL, NULL, 'confirmed', NULL),
	(449, 273, 39, 0, 0, NULL, NULL, 'open', NULL),
	(450, 276, 41, 0, 3, '', NULL, 'open', ''),
	(452, 278, 39, 0, 0, NULL, NULL, 'open', NULL),
	(453, 279, 39, 0, 0, NULL, NULL, 'open', NULL),
	(459, 285, 41, 0, 0, NULL, NULL, 'open', NULL),
	(463, 290, 39, 0, 0, NULL, NULL, 'confirmed', NULL),
	(490, 321, 39, 0, 5, NULL, NULL, 'confirmed', NULL),
	(491, 322, 39, 0, 2, NULL, NULL, 'open', NULL),
	(509, 342, 39, 0, 2, 'Versicherungsart: "Privat"', NULL, 'confirmed', NULL),
	(525, 377, 41, 0, 0, '', NULL, 'confirmed', NULL),
	(527, 379, 41, 0, 0, '', NULL, 'open', NULL),
	(549, 401, 41, 0, 2, 'Versicherungsart: "Berufsgenossenschaft (BG)"\nBerufsgenossenschaft: "Holz und Metall"', NULL, 'open', NULL),
	(557, 403, 41, 0, 4, 'Versicherungsart: "Berufsgenossenschaft (BG)"\nBerufsgenossenschaft: "Holz und Metall"', NULL, 'canceled', 'Leider nein.'),
	(561, 407, 41, 0, 4, 'Versicherungsart: "Berufsgenossenschaft (BG)"\nBerufsgenossenschaft: "Holz und Metall"', NULL, 'confirmed', 'Leider nein.'),
	(585, 438, 39, 0, 2, '', NULL, 'confirmed', ''),
	(586, 440, 39, 0, 2, 'Versicherungsart: "Gesetzlich"', NULL, 'confirmed', ''),
	(588, 442, 39, 0, 20, 'Geschlecht: "Frau"\nHaarlänge: "Ab Schulterlang"', NULL, 'confirmed', ''),
	(589, 443, 39, 0, 3, 'Geschlecht: "Mann"', NULL, 'open', ''),
	(590, 444, 41, 0, 0, '', NULL, 'confirmed', ''),
	(591, 445, 41, NULL, 0, '', NULL, 'open', ''),
	(592, 446, 41, NULL, 0, '', NULL, 'open', ''),
	(595, 449, 41, NULL, 0, '', NULL, 'open', ''),
	(596, 450, 41, NULL, 0, '', NULL, 'open', ''),
	(597, 451, 41, NULL, 0, '', NULL, 'open', ''),
	(598, 452, 41, 0, 24, '', NULL, 'confirmed', ''),
	(599, 453, 41, NULL, 0, '', NULL, 'open', ''),
	(600, 454, 41, 0, 0, '', NULL, 'confirmed', ''),
	(601, 456, 41, NULL, 0, '', NULL, 'confirmed', ''),
	(602, 457, 41, NULL, 0, '', NULL, 'confirmed', ''),
	(605, 460, 41, NULL, 0, '', NULL, 'confirmed', ''),
	(606, 461, 41, NULL, 0, '', NULL, 'confirmed', ''),
	(607, 462, 41, NULL, 0, '', NULL, 'confirmed', ''),
	(608, 463, 41, NULL, 0, '', NULL, 'confirmed', ''),
	(609, 464, 41, NULL, 0, '', NULL, 'confirmed', ''),
	(611, 472, 39, 0, 30, '', NULL, 'confirmed', ''),
	(796, 659, 39, NULL, 37, NULL, NULL, 'open', NULL),
	(799, 662, 39, 0, 45, '', NULL, 'open', ''),
	(800, 663, 39, 0, 47, '', NULL, 'confirmed', ''),
	(801, 664, 39, NULL, 39, NULL, NULL, 'open', NULL),
	(802, 665, 39, 0, 47, '', NULL, 'confirmed', ''),
	(803, 667, 41, NULL, 43, '', NULL, 'confirmed', ''),
	(812, 680, 39, 0, 47, '', NULL, 'confirmed', ''),
	(813, 676, 39, NULL, 44, '', NULL, 'confirmed', ''),
	(830, 693, 41, 0, 43, '', NULL, 'confirmed', ''),
	(831, 694, 39, 0, 47, '', NULL, 'confirmed', ''),
	(833, 696, 39, 0, 44, '', NULL, 'confirmed', ''),
	(834, 697, 39, 0, 44, '', NULL, 'confirmed', ''),
	(837, 700, 39, 0, 47, '', NULL, 'confirmed', ''),
	(838, 701, 39, 0, 45, '', NULL, 'confirmed', ''),
	(845, 708, 39, NULL, 45, '', '', 'confirmed', ''),
	(846, 709, 39, NULL, 45, '', '', 'confirmed', ''),
	(847, 765, 2740, 0, 41, '', '', 'confirmed', ''),
	(848, 766, 41, NULL, 44, '', '', 'confirmed', ''),
	(849, 767, 39, NULL, 44, '', '', 'confirmed', ''),
	(850, 768, 2740, NULL, 41, '', '', 'confirmed', ''),
	(851, 769, 2740, NULL, 0, '', '', 'confirmed', ''),
	(852, 770, 39, NULL, 47, '5er BMW', 'Wie gerade telefonisch besprochen, bestätige ich ihnen den Termin für den Service bei ihrem 5er BMW.', 'confirmed', ''),
	(853, 772, 39, NULL, 46, '3er BMW', 'Lieber Herr Holler,\nwie telefonisch besprochen, reservieren wir ihnen diesen Service-Termin.\nWir freuen uns auf sie.\nIhre BMW-Garage', 'confirmed', ''),
	(854, 779, 39, 0, 45, '', '', 'open', ''),
	(855, 783, 41, 0, 0, '', '', 'confirmed', ''),
	(857, 785, 2740, NULL, 43, 'Test wegen Bilder-Upload', '', 'confirmed', ''),
	(858, 786, 2741, NULL, 44, '', '', 'confirmed', ''),
	(859, 787, 39, 0, 42, '', '', 'confirmed', ''),
	(860, 788, 39, 0, 47, '', '', 'confirmed', ''),
	(861, 789, 39, NULL, 44, NULL, NULL, 'open', NULL),
	(864, 792, 39, NULL, 46, NULL, NULL, 'open', NULL),
	(865, 793, 39, 0, 47, '', '', 'confirmed', ''),
	(866, 794, 39, 0, 44, '', 'Wir freuen uns auf sie.', 'confirmed', ''),
	(867, 795, 39, NULL, 46, '', 'Lieber Herr Holler,\nwie telefonisch besprochen, reservieren wir ihnen diesen Service-Termin.\nWir freuen uns auf sie.\nIhre BMW-Garage\n\n', 'confirmed', ''),
	(868, 796, 39, NULL, 45, NULL, NULL, 'open', NULL);
/*!40000 ALTER TABLE `calsy_calendar_entry_user_frontend_order` ENABLE KEYS */;

-- Exportiere Struktur von Tabelle spm.calsy_calendar_resource
CREATE TABLE IF NOT EXISTS `calsy_calendar_resource` (
  `calsy_calendar_resource_id` int(11) NOT NULL AUTO_INCREMENT,
  `calsy_calendar_resource_title` varchar(45) DEFAULT NULL,
  `calsy_calendar_resource_description` text NOT NULL,
  `calsy_calendar_resource_bookable_multiple` int(1) NOT NULL DEFAULT '0',
  `calsy_calendar_resource_prevent_deletion` int(1) NOT NULL DEFAULT '0',
  PRIMARY KEY (`calsy_calendar_resource_id`)
) ENGINE=InnoDB AUTO_INCREMENT=25 DEFAULT CHARSET=latin1;

-- Exportiere Daten aus Tabelle spm.calsy_calendar_resource: ~8 rows (ungefähr)
/*!40000 ALTER TABLE `calsy_calendar_resource` DISABLE KEYS */;
INSERT INTO `calsy_calendar_resource` (`calsy_calendar_resource_id`, `calsy_calendar_resource_title`, `calsy_calendar_resource_description`, `calsy_calendar_resource_bookable_multiple`, `calsy_calendar_resource_prevent_deletion`) VALUES
	(1, '- Andere', 'Andere Resource', 1, 1),
	(2, '- nicht buchbar', '', 0, 1),
	(19, 'Werkstattlift 1', 'Großer Lift', 0, 0),
	(20, 'Werkstattlift 2', 'Kleiner Lift', 0, 0),
	(21, 'Ersatzfahrzeug Nissan Micro', 'Farbe: Schwarz,\nKennzeichen: AG 123', 0, 0),
	(22, 'Ersatzfahrzeug VW Tuareg', 'Farbe: Weiß, Kennzeichen: AG 321', 0, 0),
	(23, 'Pneu-Maschine 1', 'Linke Maschine', 0, 0),
	(24, 'Pneu-Maschine 2', 'Rechte Maschine', 0, 0);
/*!40000 ALTER TABLE `calsy_calendar_resource` ENABLE KEYS */;

-- Exportiere Struktur von Tabelle spm.calsy_order
CREATE TABLE IF NOT EXISTS `calsy_order` (
  `calsy_order_id` int(11) NOT NULL AUTO_INCREMENT,
  `calsy_order_user_frontend_id` int(11) NOT NULL,
  `calsy_order_supplier_id` int(11) DEFAULT NULL,
  `calsy_order_title` varchar(25) NOT NULL,
  `calsy_order_use_count` int(11) DEFAULT NULL,
  `calsy_order_file` text,
  PRIMARY KEY (`calsy_order_id`),
  KEY `spm_recipe_spm_spm_patient_id` (`calsy_order_user_frontend_id`)
) ENGINE=InnoDB DEFAULT CHARSET=utf8;

-- Exportiere Daten aus Tabelle spm.calsy_order: ~0 rows (ungefähr)
/*!40000 ALTER TABLE `calsy_order` DISABLE KEYS */;
/*!40000 ALTER TABLE `calsy_order` ENABLE KEYS */;

-- Exportiere Struktur von Tabelle spm.calsy_supplier
CREATE TABLE IF NOT EXISTS `calsy_supplier` (
  `calsy_supplier_id` int(11) NOT NULL AUTO_INCREMENT,
  `calsy_supplier_title` varchar(255) DEFAULT NULL,
  `calsy_supplier_fullname` varchar(255) NOT NULL,
  `calsy_supplier_address_street` varchar(255) DEFAULT NULL,
  `calsy_supplier_address_street_number` varchar(45) DEFAULT NULL,
  `calsy_supplier_address_additional` varchar(255) DEFAULT NULL,
  `calsy_supplier_address_zip` varchar(45) DEFAULT NULL,
  `calsy_supplier_address_city` varchar(255) DEFAULT NULL,
  `calsy_supplier_address_country` varchar(45) DEFAULT NULL,
  `calsy_supplier_contact_phone_number` varchar(255) DEFAULT NULL,
  `calsy_supplier_contact_fax` varchar(255) DEFAULT NULL,
  `calsy_supplier_contact_email` varchar(255) DEFAULT NULL,
  `calsy_supplier_area` varchar(255) DEFAULT NULL,
  `calsy_supplier_area_additional` varchar(255) DEFAULT NULL,
  `calsy_supplier_office_name` varchar(255) DEFAULT NULL,
  `calsy_supplier_responsible_chamber` varchar(255) DEFAULT NULL,
  `calsy_supplier_association` varchar(255) DEFAULT NULL,
  PRIMARY KEY (`calsy_supplier_id`)
) ENGINE=InnoDB AUTO_INCREMENT=8 DEFAULT CHARSET=latin1;

-- Exportiere Daten aus Tabelle spm.calsy_supplier: ~1 rows (ungefähr)
/*!40000 ALTER TABLE `calsy_supplier` DISABLE KEYS */;
INSERT INTO `calsy_supplier` (`calsy_supplier_id`, `calsy_supplier_title`, `calsy_supplier_fullname`, `calsy_supplier_address_street`, `calsy_supplier_address_street_number`, `calsy_supplier_address_additional`, `calsy_supplier_address_zip`, `calsy_supplier_address_city`, `calsy_supplier_address_country`, `calsy_supplier_contact_phone_number`, `calsy_supplier_contact_fax`, `calsy_supplier_contact_email`, `calsy_supplier_area`, `calsy_supplier_area_additional`, `calsy_supplier_office_name`, `calsy_supplier_responsible_chamber`, `calsy_supplier_association`) VALUES
	(7, 'Herr', 'Werner', 'Gewerbestraße', '9', '', '6330', 'Cham', 'Schweiz', '', '', '', 'Reifen, Schrauben', '', 'Hans Werner AG', '', '');
/*!40000 ALTER TABLE `calsy_supplier` ENABLE KEYS */;

-- Exportiere Struktur von Tabelle spm.calsy_treatment_unit
CREATE TABLE IF NOT EXISTS `calsy_treatment_unit` (
  `calsy_treatment_unit_id` int(11) NOT NULL AUTO_INCREMENT,
  `calsy_treatment_unit_minutes` int(11) NOT NULL,
  `calsy_treatment_unit_title` varchar(255) NOT NULL,
  PRIMARY KEY (`calsy_treatment_unit_id`)
) ENGINE=InnoDB AUTO_INCREMENT=2 DEFAULT CHARSET=utf8;

-- Exportiere Daten aus Tabelle spm.calsy_treatment_unit: ~1 rows (ungefähr)
/*!40000 ALTER TABLE `calsy_treatment_unit` DISABLE KEYS */;
INSERT INTO `calsy_treatment_unit` (`calsy_treatment_unit_id`, `calsy_treatment_unit_minutes`, `calsy_treatment_unit_title`) VALUES
	(1, 15, 'Hausbesuch');
/*!40000 ALTER TABLE `calsy_treatment_unit` ENABLE KEYS */;

-- Exportiere Struktur von Tabelle spm.calsy_user_api
CREATE TABLE IF NOT EXISTS `calsy_user_api` (
  `calsy_user_api_id` int(11) NOT NULL AUTO_INCREMENT,
  `calsy_user_api_name` varchar(255) NOT NULL,
  `calsy_user_api_password` text NOT NULL,
  `calsy_user_api_token` varchar(255) DEFAULT NULL,
  `calsy_user_api_token_expires` int(11) DEFAULT NULL,
  `calsy_user_api_is_system` int(1) DEFAULT '0',
  PRIMARY KEY (`calsy_user_api_id`)
) ENGINE=InnoDB AUTO_INCREMENT=2 DEFAULT CHARSET=latin1;

-- Exportiere Daten aus Tabelle spm.calsy_user_api: ~1 rows (ungefähr)
/*!40000 ALTER TABLE `calsy_user_api` DISABLE KEYS */;
INSERT INTO `calsy_user_api` (`calsy_user_api_id`, `calsy_user_api_name`, `calsy_user_api_password`, `calsy_user_api_token`, `calsy_user_api_token_expires`, `calsy_user_api_is_system`) VALUES
	(1, 'System', '827c8c418c7bcdeaedb292b4f6c31028', '1239f4ac98110a89c2d68b5a68f99c6bbe2a587e2a6819aa29ec6518fe0fed863968496f5cdf4f664bf8b3c0b3927456', 1495266240, 1);
/*!40000 ALTER TABLE `calsy_user_api` ENABLE KEYS */;

-- Exportiere Struktur von Tabelle spm.calsy_user_api_access
CREATE TABLE IF NOT EXISTS `calsy_user_api_access` (
  `calsy_user_api_access_id` int(11) NOT NULL AUTO_INCREMENT,
  `calsy_user_api_access_calsy_user_api_id` int(11) NOT NULL,
  `calsy_user_api_access_resource` varchar(255) NOT NULL,
  `calsy_user_api_access_type` enum('read','write') NOT NULL DEFAULT 'read',
  PRIMARY KEY (`calsy_user_api_access_id`)
) ENGINE=InnoDB DEFAULT CHARSET=latin1;

-- Exportiere Daten aus Tabelle spm.calsy_user_api_access: ~0 rows (ungefähr)
/*!40000 ALTER TABLE `calsy_user_api_access` DISABLE KEYS */;
/*!40000 ALTER TABLE `calsy_user_api_access` ENABLE KEYS */;

-- Exportiere Struktur von Tabelle spm.calsy_user_backend_group
CREATE TABLE IF NOT EXISTS `calsy_user_backend_group` (
  `calsy_user_backend_group_id` int(11) NOT NULL AUTO_INCREMENT,
  `calsy_user_backend_group_name` varchar(255) NOT NULL,
  `calsy_user_backend_group_view_rights` text,
  PRIMARY KEY (`calsy_user_backend_group_id`),
  UNIQUE KEY `calsy_user_backend_group_id_UNIQUE` (`calsy_user_backend_group_id`)
) ENGINE=InnoDB DEFAULT CHARSET=latin1;

-- Exportiere Daten aus Tabelle spm.calsy_user_backend_group: ~0 rows (ungefähr)
/*!40000 ALTER TABLE `calsy_user_backend_group` DISABLE KEYS */;
/*!40000 ALTER TABLE `calsy_user_backend_group` ENABLE KEYS */;

-- Exportiere Struktur von Tabelle spm.calsy_user_backend_group_member
CREATE TABLE IF NOT EXISTS `calsy_user_backend_group_member` (
  `calsy_user_backend_group_member_id` int(11) NOT NULL AUTO_INCREMENT,
  `calsy_user_backend_group_member_user_backend_id` int(11) NOT NULL,
  `calsy_user_backend_group_member_group_id` int(11) NOT NULL,
  PRIMARY KEY (`calsy_user_backend_group_member_id`),
  UNIQUE KEY `calsy_user_backend_group_member_id_UNIQUE` (`calsy_user_backend_group_member_id`)
) ENGINE=InnoDB DEFAULT CHARSET=latin1;

-- Exportiere Daten aus Tabelle spm.calsy_user_backend_group_member: ~0 rows (ungefähr)
/*!40000 ALTER TABLE `calsy_user_backend_group_member` DISABLE KEYS */;
/*!40000 ALTER TABLE `calsy_user_backend_group_member` ENABLE KEYS */;

-- Exportiere Struktur von Tabelle spm.calsy_user_frontend
CREATE TABLE IF NOT EXISTS `calsy_user_frontend` (
  `calsy_user_frontend_id` int(11) NOT NULL AUTO_INCREMENT,
  `calsy_user_frontend_name_first` varchar(255) DEFAULT NULL,
  `calsy_user_frontend_name_last` varchar(255) NOT NULL,
  `calsy_user_frontend_email` varchar(255) DEFAULT NULL,
  `calsy_user_frontend_phone` varchar(255) DEFAULT NULL,
  `calsy_user_frontend_fax` varchar(255) DEFAULT NULL,
  `calsy_user_frontend_login_password` varchar(255) DEFAULT NULL,
  `calsy_user_frontend_language_id` int(11) NOT NULL DEFAULT '1',
  `calsy_user_frontend_sex` enum('male','female','none') NOT NULL DEFAULT 'none',
  `calsy_user_frontend_address_street` varchar(255) DEFAULT NULL,
  `calsy_user_frontend_address_street_number` varchar(255) DEFAULT NULL,
  `calsy_user_frontend_address_additional` varchar(255) DEFAULT NULL,
  `calsy_user_frontend_address_zip` varchar(255) DEFAULT NULL,
  `calsy_user_frontend_address_city` varchar(255) DEFAULT NULL,
  `calsy_user_frontend_address_country` varchar(255) DEFAULT NULL,
  `calsy_user_frontend_image_profile` varchar(255) DEFAULT NULL,
  `calsy_user_frontend_registration_status` enum('active','inactive') NOT NULL DEFAULT 'inactive',
  `calsy_user_frontend_last_login` timestamp NOT NULL DEFAULT '0000-00-00 00:00:00',
  `calsy_user_frontend_created` timestamp NOT NULL DEFAULT CURRENT_TIMESTAMP,
  `calsy_user_frontend_external_id` varchar(255) DEFAULT NULL,
  `calsy_user_frontend_additional_data` text,
  PRIMARY KEY (`calsy_user_frontend_id`),
  UNIQUE KEY `spm_patient_email_UNIQUE` (`calsy_user_frontend_email`)
) ENGINE=InnoDB AUTO_INCREMENT=2742 DEFAULT CHARSET=utf8;

-- Exportiere Daten aus Tabelle spm.calsy_user_frontend: ~4 rows (ungefähr)
/*!40000 ALTER TABLE `calsy_user_frontend` DISABLE KEYS */;
INSERT INTO `calsy_user_frontend` (`calsy_user_frontend_id`, `calsy_user_frontend_name_first`, `calsy_user_frontend_name_last`, `calsy_user_frontend_email`, `calsy_user_frontend_phone`, `calsy_user_frontend_fax`, `calsy_user_frontend_login_password`, `calsy_user_frontend_language_id`, `calsy_user_frontend_sex`, `calsy_user_frontend_address_street`, `calsy_user_frontend_address_street_number`, `calsy_user_frontend_address_additional`, `calsy_user_frontend_address_zip`, `calsy_user_frontend_address_city`, `calsy_user_frontend_address_country`, `calsy_user_frontend_image_profile`, `calsy_user_frontend_registration_status`, `calsy_user_frontend_last_login`, `calsy_user_frontend_created`, `calsy_user_frontend_external_id`, `calsy_user_frontend_additional_data`) VALUES
	(39, 'Frederik', 'Holler', 'freddy.holler@gee-bs.com', '+41 58 555 75 75', '', 'd75567f0e97375a074b872333d513adb', 1, 'male', '', '', '', '', '', '', 'b29d8db97139a582803471b8b74d9f1d.png', 'active', '2019-10-04 09:07:34', '2016-02-18 12:22:12', '', ''),
	(41, 'Peter', 'Hamm', 'paydorrr@gmail.com', '0768124020', '', '1f5bcb7f0c9280e813bf73b58cae5db6', 1, 'male', '', '', '', '', '', '', NULL, 'active', '2019-10-03 17:24:37', '2016-02-25 14:42:03', NULL, NULL),
	(2740, 'Test-Peter', 'Testmann', 'hamm.pe@gmail.com', '+49 12710182', '', '1f5bcb7f0c9280e813bf73b58cae5db6', 1, 'none', '', '', '', '', '', '', '', 'active', '2019-09-25 20:25:37', '2019-09-25 20:22:58', '', ''),
	(2741, 'Gertrud', 'Schwenk', 'gertrud.schwenk@beispielkunde-calsy.eu', '+41 41 565 565 565', '', NULL, 1, 'female', 'Heuperstrasse', '45', '', '6204', 'Sempach', '', NULL, 'inactive', '0000-00-00 00:00:00', '2019-10-03 09:10:39', NULL, NULL);
/*!40000 ALTER TABLE `calsy_user_frontend` ENABLE KEYS */;

-- Exportiere Struktur von Tabelle spm.calsy_user_frontend_activation
CREATE TABLE IF NOT EXISTS `calsy_user_frontend_activation` (
  `calsy_user_frontend_activation_id` int(11) NOT NULL AUTO_INCREMENT,
  `calsy_user_frontend_activation_user_frontend_id` int(11) NOT NULL,
  `calsy_user_frontend_activation_code` varchar(100) NOT NULL,
  `calsy_user_frontend_activation_time` timestamp NOT NULL DEFAULT CURRENT_TIMESTAMP ON UPDATE CURRENT_TIMESTAMP,
  PRIMARY KEY (`calsy_user_frontend_activation_id`)
) ENGINE=InnoDB AUTO_INCREMENT=2 DEFAULT CHARSET=latin1;

-- Exportiere Daten aus Tabelle spm.calsy_user_frontend_activation: ~0 rows (ungefähr)
/*!40000 ALTER TABLE `calsy_user_frontend_activation` DISABLE KEYS */;
/*!40000 ALTER TABLE `calsy_user_frontend_activation` ENABLE KEYS */;

-- Exportiere Struktur von Tabelle spm.calsy_user_frontend_password_forgotten
CREATE TABLE IF NOT EXISTS `calsy_user_frontend_password_forgotten` (
  `calsy_user_frontend_password_forgotten_id` int(11) NOT NULL AUTO_INCREMENT,
  `calsy_user_frontend_password_forgotten_user_frontend_id` int(11) NOT NULL,
  `calsy_user_frontend_password_forgotten_code` varchar(100) NOT NULL,
  `calsy_user_frontend_password_forgotten_time` timestamp NOT NULL DEFAULT CURRENT_TIMESTAMP ON UPDATE CURRENT_TIMESTAMP,
  PRIMARY KEY (`calsy_user_frontend_password_forgotten_id`)
) ENGINE=InnoDB DEFAULT CHARSET=latin1;

-- Exportiere Daten aus Tabelle spm.calsy_user_frontend_password_forgotten: ~0 rows (ungefähr)
/*!40000 ALTER TABLE `calsy_user_frontend_password_forgotten` DISABLE KEYS */;
/*!40000 ALTER TABLE `calsy_user_frontend_password_forgotten` ENABLE KEYS */;

-- Exportiere Struktur von Tabelle spm.calsy_user_frontend_setting
CREATE TABLE IF NOT EXISTS `calsy_user_frontend_setting` (
  `calsy_user_frontend_setting_id` int(11) NOT NULL AUTO_INCREMENT,
  `calsy_user_frontend_setting_user_frontend_id` int(11) NOT NULL,
  `calsy_user_frontend_setting_setting_id` int(11) NOT NULL,
  `calsy_user_frontend_setting_value` text NOT NULL,
  PRIMARY KEY (`calsy_user_frontend_setting_id`),
  KEY `spm_patient_setting_patient_id` (`calsy_user_frontend_setting_user_frontend_id`),
  KEY `spm_patient_setting_setting_id` (`calsy_user_frontend_setting_setting_id`)
) ENGINE=InnoDB AUTO_INCREMENT=5 DEFAULT CHARSET=utf8 COMMENT='Patients'' settings';

-- Exportiere Daten aus Tabelle spm.calsy_user_frontend_setting: ~2 rows (ungefähr)
/*!40000 ALTER TABLE `calsy_user_frontend_setting` DISABLE KEYS */;
INSERT INTO `calsy_user_frontend_setting` (`calsy_user_frontend_setting_id`, `calsy_user_frontend_setting_user_frontend_id`, `calsy_user_frontend_setting_setting_id`, `calsy_user_frontend_setting_value`) VALUES
	(3, 41, 112, '3600'),
	(4, 41, 113, '1');
/*!40000 ALTER TABLE `calsy_user_frontend_setting` ENABLE KEYS */;

-- Exportiere Struktur von Tabelle spm.calsy_vmoso_chat_user_frontend_log
CREATE TABLE IF NOT EXISTS `calsy_vmoso_chat_user_frontend_log` (
  `calsy_vmoso_chat_user_frontend_log_id` int(11) NOT NULL AUTO_INCREMENT,
  `calsy_vmoso_chat_user_frontend_log_user_frontend_id` int(11) NOT NULL,
  `calsy_vmoso_chat_user_frontend_log_content` text NOT NULL,
  `calsy_vmoso_chat_user_frontend_log_last_update` timestamp NULL DEFAULT NULL,
  `calsy_vmoso_chat_user_frontend_log_count_messages` int(11) DEFAULT NULL,
  PRIMARY KEY (`calsy_vmoso_chat_user_frontend_log_id`)
) ENGINE=InnoDB DEFAULT CHARSET=latin1;

-- Exportiere Daten aus Tabelle spm.calsy_vmoso_chat_user_frontend_log: ~0 rows (ungefähr)
/*!40000 ALTER TABLE `calsy_vmoso_chat_user_frontend_log` DISABLE KEYS */;
/*!40000 ALTER TABLE `calsy_vmoso_chat_user_frontend_log` ENABLE KEYS */;

-- Exportiere Struktur von Tabelle spm.calsy_work_plan
CREATE TABLE IF NOT EXISTS `calsy_work_plan` (
  `calsy_work_plan_id` int(11) NOT NULL AUTO_INCREMENT,
  `calsy_work_plan_title` varchar(255) NOT NULL,
  `calsy_work_plan_elements` text NOT NULL,
  PRIMARY KEY (`calsy_work_plan_id`),
  UNIQUE KEY `calsy_work_plan_id_UNIQUE` (`calsy_work_plan_id`)
) ENGINE=InnoDB DEFAULT CHARSET=latin1;

-- Exportiere Daten aus Tabelle spm.calsy_work_plan: ~0 rows (ungefähr)
/*!40000 ALTER TABLE `calsy_work_plan` DISABLE KEYS */;
/*!40000 ALTER TABLE `calsy_work_plan` ENABLE KEYS */;

-- Exportiere Struktur von Tabelle spm.country
CREATE TABLE IF NOT EXISTS `country` (
  `country_id` int(11) NOT NULL AUTO_INCREMENT,
  `country_language_id` int(5) NOT NULL,
  `country_code` varchar(4) NOT NULL,
  `country_name` varchar(100) NOT NULL,
  `country_capital` varchar(100) NOT NULL,
  PRIMARY KEY (`country_id`),
  KEY `country_info_language_id` (`country_language_id`),
  CONSTRAINT `FK_country_language` FOREIGN KEY (`country_language_id`) REFERENCES `language` (`language_id`) ON DELETE NO ACTION ON UPDATE NO ACTION
) ENGINE=InnoDB AUTO_INCREMENT=493 DEFAULT CHARSET=utf8 COMMENT='Country-codes & -names in different languages';

-- Exportiere Daten aus Tabelle spm.country: ~481 rows (ungefähr)
/*!40000 ALTER TABLE `country` DISABLE KEYS */;
INSERT INTO `country` (`country_id`, `country_language_id`, `country_code`, `country_name`, `country_capital`) VALUES
	(1, 1, 'AFG', 'Afghanistan', 'Kabul'),
	(2, 1, 'EGY', 'Ägypten', 'Kairo'),
	(3, 1, 'ALA', 'Aland', 'Mariehamn'),
	(4, 1, 'ALB', 'Albanien', 'Tirana'),
	(5, 1, 'DZA', 'Algerien', 'Algier'),
	(6, 1, 'ASM', 'Amerikanisch-Samoa', 'Pago-Pago'),
	(7, 1, 'VIR', 'Amerikanische Jungferninseln', 'Charlotte Amalie'),
	(8, 1, 'AND', 'Andorra', 'Andorra la Vella'),
	(9, 1, 'AGO', 'Angola', 'Luanda'),
	(10, 1, 'AIA', 'Anguilla', 'The Valley'),
	(11, 1, 'ATA', 'Antarktis', 'Juneau'),
	(12, 1, 'ATG', 'Antigua und Barbuda', 'Saint John\'s'),
	(13, 1, 'GNQ', 'Äquatorialguinea', 'Malabo'),
	(14, 1, 'ARG', 'Argentinien', 'Buenos Aires'),
	(15, 1, 'ARM', 'Armenien', 'Eriwan'),
	(16, 1, 'ABW', 'Aruba', 'Oranjestad'),
	(17, 1, 'ASC', 'Ascension', ''),
	(18, 1, 'AZE', 'Aserbaidschan', 'Baku'),
	(19, 1, 'ETH', 'Äthiopien', 'Addis Abeba'),
	(20, 1, 'AUS', 'Australien', 'Canberra'),
	(21, 1, 'BHS', 'Bahamas', 'Nassau'),
	(22, 1, 'BHR', 'Bahrain', 'Manama'),
	(23, 1, 'BGD', 'Bangladesch', 'Dhaka'),
	(24, 1, 'BRB', 'Barbados', 'Bridgetown'),
	(25, 1, 'BEL', 'Belgien', 'Brüssel'),
	(26, 1, 'BLZ', 'Belize', 'Belmopan'),
	(27, 1, 'BEN', 'Benin', 'Porto Novo'),
	(28, 1, 'BMU', 'Bermuda', 'Hamilton'),
	(29, 1, 'BTN', 'Bhutan', 'Thimphu'),
	(30, 1, 'BOL', 'Bolivien', 'Sucre'),
	(31, 1, 'BIH', 'Bosnien und Herzegowina', 'Sarajevo'),
	(32, 1, 'BWA', 'Botswana', 'Gaborone'),
	(33, 1, 'BVT', 'Bouvetinsel', ''),
	(34, 1, 'BRA', 'Brasilien', 'Brasi­lia'),
	(35, 1, 'VGB', 'Britische Jungferninseln', 'Road Town'),
	(36, 1, 'IOT', 'Britisches Territorium im Indischen Ozean', ''),
	(37, 1, 'BRN', 'Brunei', 'Bandar Seri Begawan'),
	(38, 1, 'BGR', 'Bulgarien', 'Sofia'),
	(39, 1, 'BFA', 'Burkina Faso', 'Ouagadougou'),
	(40, 1, 'BDI', 'Burundi', 'Bujumbura'),
	(41, 1, 'CHL', 'Chile', 'Santiago'),
	(42, 1, 'CHN', 'China', 'Peking (Beijing)'),
	(43, 1, 'COK', 'Cookinseln', 'Avarua'),
	(44, 1, 'CRI', 'Costa Rica', 'San José'),
	(45, 1, 'CIV', 'Elfenbeinküste', 'Yamoussoukro'),
	(46, 1, 'DNK', 'Dänemark', 'Kopenhagen'),
	(47, 1, 'DEU', 'Deutschland', 'Berlin'),
	(48, 1, 'SHN', 'St. Helena', 'Jamestown'),
	(49, 1, 'DGA', 'Diego Garcia', ''),
	(50, 1, 'DMA', 'Dominica', 'Roseau'),
	(51, 1, 'DOM', 'Dominikanische Republik', 'Santo Domingo'),
	(52, 1, 'DJI', 'Dschibuti', 'Dschibuti'),
	(53, 1, 'ECU', 'Ecuador', 'Quito'),
	(54, 1, 'SLV', 'El Salvador', 'San Salvador'),
	(55, 1, 'ERI', 'Eritrea', 'Asmara (Asmera)'),
	(56, 1, 'EST', 'Estland', 'Tallinn (Reval)'),
	(57, 1, 'FLK', 'Falklandinseln', 'Port Stanley'),
	(58, 1, 'FRO', 'Färöer', 'Tórshavn'),
	(59, 1, 'FJI', 'Fidschi', 'Suva'),
	(60, 1, 'FIN', 'Finnland', 'Helsinki'),
	(61, 1, 'FRA', 'Frankreich', 'Paris'),
	(62, 1, 'GUF', 'Französisch-Guayana', 'Cayenne'),
	(63, 1, 'PYF', 'Französisch-Polynesien', 'Papeete'),
	(64, 1, 'ATF', 'Französische Süd- und Antarktisgebiete', 'Port-aux-Francais'),
	(65, 1, 'GAB', 'Gabun', 'Libreville'),
	(66, 1, 'GMB', 'Gambia', 'Banjul'),
	(67, 1, 'GEO', 'Georgien', 'Tiflis'),
	(68, 1, 'GHA', 'Ghana', 'Accra'),
	(69, 1, 'GIB', 'Gibraltar', 'Gibraltar (Stadt)'),
	(70, 1, 'GRD', 'Grenada', 'St. George\'s'),
	(71, 1, 'GRC', 'Griechenland', 'Athen'),
	(72, 1, 'GRL', 'Grönland', 'Nuuk'),
	(73, 1, 'GLP', 'Guadeloupe', 'Basse-Terre'),
	(74, 1, 'GUM', 'Guam', '	Hagåtña'),
	(75, 1, 'GTM', 'Guatemala', 'Guatemala-Stadt'),
	(76, 1, 'GGY', 'Guernsey', 'St. Peter Port'),
	(77, 1, 'GIN', 'Guinea', 'Conakry'),
	(78, 1, 'GNB', 'Guinea-Bissau', 'Bissau'),
	(79, 1, 'GUY', 'Guyana', 'Georgetown'),
	(80, 1, 'HTI', 'Haiti', 'Port-au-Prince'),
	(81, 1, 'HMD', 'Heard und McDonaldinseln', ''),
	(82, 1, 'HND', 'Honduras', 'Tegucigalpa'),
	(83, 1, 'HKG', 'Hongkong', ''),
	(84, 1, 'IND', 'Indien', 'Neu-Delhi'),
	(85, 1, 'IDN', 'Indonesien', 'Jakarta'),
	(86, 1, 'IMN', 'Insel Man', ''),
	(87, 1, 'IRQ', 'Irak', 'Bagdad'),
	(88, 1, 'IRN', 'Iran', 'Teheran'),
	(89, 1, 'IRL', 'Irland', 'Dublin'),
	(90, 1, 'ISL', 'Island', 'Reykjavík'),
	(91, 1, 'ISR', 'Israel', 'Jerusalem'),
	(92, 1, 'ITA', 'Italien', 'Rom'),
	(93, 1, 'JAM', 'Jamaika', 'Kingston'),
	(94, 1, 'JPN', 'Japan', 'Tokio'),
	(95, 1, 'YEM', 'Jemen', 'Sanaa'),
	(96, 1, 'JEY', 'Jersey', 'Saint Helier'),
	(97, 1, 'JOR', 'Jordanien', 'Amman'),
	(98, 1, 'CYM', 'Kaimaninseln', 'George Town'),
	(99, 1, 'KHM', 'Kambodscha', 'Phnom Penh'),
	(100, 1, 'CMR', 'Kamerun', 'Yaoundé'),
	(101, 1, 'CAN', 'Kanada', 'Ottawa'),
	(102, 1, 'CPV', 'Kap Verde', 'Praia'),
	(103, 1, 'KAZ', 'Kasachstan', 'Astana'),
	(104, 1, 'QAT', 'Katar', 'Doha'),
	(105, 1, 'KEN', 'Kenia', 'Nairobi'),
	(106, 1, 'KGZ', 'Kirgisistan', 'Bischkek'),
	(107, 1, 'KIR', 'Kiribati', 'Bairiki'),
	(108, 1, 'CCK', 'Kokosinseln', ''),
	(109, 1, 'COL', 'Kolumbien', 'Santa Fé de Bogotá'),
	(110, 1, 'KM', 'Komoren', 'Moroni'),
	(111, 1, 'COD', 'Kongo, Demokratische Republik', 'Kinshasa'),
	(112, 1, 'COG', 'Kongo, Republik', 'Brazzaville'),
	(113, 1, 'PRK', 'Korea, Demokratische Volkrepublik', 'Pjöngjang'),
	(114, 1, 'KOR', 'Korea, Republik', 'Seoul'),
	(115, 1, 'HRV', 'Kroatien', 'Zagreb'),
	(116, 1, 'CUB', 'Kuba', 'Havanna'),
	(117, 1, 'KWT', 'Kuwait', 'Kuwait'),
	(118, 1, 'LAO', 'Laos', 'Vientiane'),
	(119, 1, 'LSO', 'Lesotho', 'Maseru'),
	(120, 1, 'LVA', 'Lettland', 'Rīga'),
	(121, 1, 'LBN', 'Libanon', 'Beirut'),
	(122, 1, 'LBR', 'Liberia', 'Monrovia'),
	(123, 1, 'LBY', 'Libyen', 'Tripolis'),
	(124, 1, 'LIE', 'Liechtenstein', 'Vaduz'),
	(125, 1, 'LTU', 'Litauen', 'Wilna'),
	(126, 1, 'LUX', 'Luxemburg', 'Luxemburg'),
	(127, 1, 'MAC', 'Macao', ''),
	(128, 1, 'MDG', 'Madagaskar', 'Antananarivo'),
	(129, 1, 'MWI', 'Malawi', 'Lilongwe'),
	(130, 1, 'MYS', 'Malaysia', 'Kuala Lumpur'),
	(131, 1, 'MDV', 'Malediven', 'Malé'),
	(132, 1, 'MLI', 'Mali, Republik', 'Bamako'),
	(133, 1, 'MLT', 'Malta', 'Valletta'),
	(134, 1, 'MAR', 'Marokko', 'Rabat'),
	(135, 1, 'MHL', 'Marshallinseln', 'Delap-Uliga-Darrit'),
	(136, 1, 'MTQ', 'Martinique', 'Fort-de-France'),
	(137, 1, 'MRT', 'Mauretanien', 'Nouakchott'),
	(138, 1, 'MUS', 'Mauritius', 'Port Louis'),
	(139, 1, 'MYT', 'Mayotte', 'Mamoudzou'),
	(140, 1, 'MKD', 'Mazedonien', 'Skopje'),
	(141, 1, 'MEX', 'Mexiko', 'Mexiko-Stadt'),
	(142, 1, 'FSM', 'Mikronesien', ''),
	(143, 1, 'MDA', 'Moldawien', 'Chişinău'),
	(144, 1, 'MCO', 'Monaco', 'Monaco'),
	(145, 1, 'MNG', 'Mongolei', 'Ulaanbaatar'),
	(146, 1, 'MSR', 'Montserrat', 'Plymouth'),
	(147, 1, 'MOZ', 'Mosambik', 'Maputo'),
	(148, 1, 'MMR', 'Myanmar', 'Rangun'),
	(149, 1, 'NAM', 'Namibia', 'Windhoek'),
	(150, 1, 'NRU', 'Nauru', 'Yaren'),
	(151, 1, 'NPL', 'Nepal', 'Kathmandu'),
	(152, 1, 'NCL', 'Neukaledonien', '	Nouméa'),
	(153, 1, 'NZL', 'Neuseeland', 'Wellington'),
	(154, 1, 'NIC', 'Nicaragua', 'Managua'),
	(155, 1, 'NLD', 'Niederlande', 'Amsterdam'),
	(156, 1, 'ANT', 'Niederländische Antillen', 'Willemstad'),
	(157, 1, 'NER', 'Niger', 'Niamey'),
	(158, 1, 'NGA', 'Nigeria', 'Abuja'),
	(159, 1, 'NIU', 'Niue', 'Alofi'),
	(160, 1, 'MNP', 'Nördliche Marianen', 'Saipan'),
	(161, 1, 'NFK', 'Norfolkinsel', 'Kingston'),
	(162, 1, 'NOR', 'Norwegen', 'Oslo'),
	(163, 1, 'OMN', 'Oman', 'Maskat'),
	(164, 1, 'AUT', 'Österreich', 'Wien'),
	(165, 1, 'PAK', 'Pakistan', 'Islamabad'),
	(166, 1, 'PSE', 'Palästinensische Autonomiegebiete', 'Ramallah'),
	(167, 1, 'PLW', 'Palau', 'Melekeok'),
	(168, 1, 'PAN', 'Panama', 'Panama-Stadt'),
	(169, 1, 'PNG', 'Papua-Neuguinea', 'Port Moresby'),
	(170, 1, 'PRY', 'Paraguay', '	Asunción'),
	(171, 1, 'PER', 'Peru', 'Lima'),
	(172, 1, 'PHL', 'Philippinen', 'Manila'),
	(173, 1, 'PCN', 'Pitcairninseln', 'Adamstown'),
	(174, 1, 'POL', 'Polen', 'Warschau'),
	(175, 1, 'PRT', 'Portugal', 'Lissabon'),
	(176, 1, 'PRI', 'Puerto Rico', 'San Juan'),
	(177, 1, 'REU', 'Réunion', 'Saint-Denis'),
	(178, 1, 'RWA', 'Ruanda, Republik', 'Kigali'),
	(179, 1, 'ROU', 'Rumänien', 'Bukarest'),
	(180, 1, 'RUS', 'Russische Föderation', 'Moskau'),
	(181, 1, 'SLB', 'Salomonen', 'Honiara'),
	(182, 1, 'ZMB', 'Sambia', 'Lusaka'),
	(183, 1, 'WSM', 'Samoa', 'Apia'),
	(184, 1, 'SMR', 'San Marino', 'San Marino'),
	(185, 1, 'STP', 'Sào Tomé und Príncipe', 'Sào Tomé'),
	(186, 1, 'SAU', 'Saudi-Arabie', 'Riad'),
	(187, 1, 'SWE', 'Schweden', 'Stockholm'),
	(188, 1, 'CHE', 'Schweiz', 'Bern'),
	(189, 1, 'SEN', 'Senegal', 'Dakar'),
	(190, 1, 'SCG', 'Serbien', 'Belgrad'),
	(191, 1, 'SYC', 'Seychellen', 'Victoria'),
	(192, 1, 'SLE', 'Sierra Leone', 'Freetown'),
	(193, 1, 'ZWE', 'Simbabwe', 'Harare'),
	(194, 1, 'SGP', 'Singapur', 'Singapur'),
	(195, 1, 'SVK', 'Slowakei', 'Bratislava'),
	(196, 1, 'SVN', 'Slowenien', 'Ljubljana'),
	(197, 1, 'SOM', 'Somalia', 'Mogadischu'),
	(198, 1, 'ESP', 'Spanien', 'Madrid'),
	(199, 1, 'LKA', 'Sri Lanka', 'Colombo'),
	(200, 1, 'KNA', 'St. Kitts und Nevis', 'Basseterre'),
	(201, 1, 'LCA', 'St. Lucia', 'Castries'),
	(202, 1, 'SPM', 'St. Pierre und Miquelon', 'Saint-Pierre'),
	(203, 1, 'VCT', 'St. Vincent und die Grenadinen (GB)', 'Kingstown'),
	(204, 1, 'ZAF', 'Südafrika', 'Tshwane / Pretoria'),
	(205, 1, 'SDN', 'Sudan', 'Khartum'),
	(206, 1, 'SGS', 'Südgeorgien und die Südlichen Sandwichinseln', 'Grytviken'),
	(207, 1, 'SUR', 'Suriname', 'Paramaribo'),
	(208, 1, 'SJM', 'Svalbard und Jan Mayen', 'Longyearbyen'),
	(209, 1, 'SWZ', 'Swasiland', 'Mbabane'),
	(210, 1, 'SYR', 'Syrien', 'Damaskus'),
	(211, 1, 'TJK', 'Tadschikistan', 'Duschanbe'),
	(212, 1, 'TWN', 'Taiwan', 'Taipeh'),
	(213, 1, 'TZA', 'Tansania', 'Dodoma'),
	(214, 1, 'THA', 'Thailand', 'Bangkok'),
	(215, 1, 'TLS', 'Timor-Leste', 'Dili'),
	(216, 1, 'TGO', 'Togo', 'Lomé'),
	(217, 1, 'TKL', 'Tokelau', ''),
	(218, 1, 'TON', 'Tonga', '	Nuku’alofa'),
	(219, 1, 'TTO', 'Trinidad und Tobago', 'Port-of-Spain'),
	(220, 1, 'TAA', 'Tristan da Cunha', 'Jamestown'),
	(221, 1, 'TCD', 'Tschad', 'N\'Djamena'),
	(222, 1, 'CZE', 'Tschechische Republik', 'Prag'),
	(223, 1, 'TUN', 'Tunesien', 'Tunis'),
	(224, 1, 'TUR', 'Türkei', 'Ankara'),
	(225, 1, 'TKM', 'Turkmenistan', 'Aşgabat'),
	(226, 1, 'TCA', 'Turks- und Caicosinseln', 'Cockburn Town auf Grand Turk'),
	(227, 1, 'TUV', 'Tuvalu', 'Funafuti'),
	(228, 1, 'UGA', 'Uganda', 'Kampala'),
	(229, 1, 'UKR', 'Ukraine', 'Kiew'),
	(230, 1, 'URY', 'Uruguay', 'Montevideo'),
	(231, 1, 'UZB', 'Usbekistan', 'Taschkent'),
	(232, 1, 'VUT', 'Vanuatu', 'Port Vila'),
	(233, 1, 'VAT', 'Vatikanstadt', 'Vatikanstadt'),
	(234, 1, 'VEN', 'Venezuela', 'Caracas'),
	(235, 1, 'ARE', 'Vereinigte Arabische Emirate', 'Abu Dhabi'),
	(236, 1, 'USA', 'Vereinigte Staaten von Amerika', 'Washington, D.C.'),
	(237, 1, 'GBR', 'Vereinigtes Königreich', 'London'),
	(238, 1, 'VNM', 'Vietnam', 'Hà Nội'),
	(239, 1, 'WLF', 'Wallis und Futuna', 'Mata-Utu'),
	(240, 1, 'CXR', 'Weihnachtsinsel', 'Flying Fish Cove'),
	(241, 1, 'BLR', 'Weißrussland', 'Minsk'),
	(242, 1, 'ESH', 'Westsahara', '	El Aaiún'),
	(243, 1, 'CAF', 'Zentralafrikanische Republik', 'Bangui'),
	(244, 1, 'CYP', 'Zypern', 'Nikosia'),
	(245, 1, 'HUN', 'Ungarn', 'Budapest'),
	(246, 1, 'MNE', 'Montenegro', 'Podgorica'),
	(247, 2, 'AFG', 'Afghanistan', 'Kabul'),
	(248, 2, 'EGY', 'Egypt', 'Kairo'),
	(249, 2, 'ALA', 'Åland Islands', 'Mariehamn'),
	(250, 2, 'ALB', 'Albania', 'Tirana'),
	(251, 2, 'DZA', 'Algeria', 'Algier'),
	(252, 2, 'ASM', 'American Samoa', 'Pago-Pago'),
	(253, 2, 'VIR', 'Virgin Islands, U.s.', 'Charlotte Amalie'),
	(254, 2, 'AND', 'Andorra', 'Andorra la Vella'),
	(255, 2, 'AGO', 'Angola', 'Luanda'),
	(256, 2, 'AIA', 'Anguilla', 'The Valley'),
	(257, 2, 'ATA', 'Antarctica', 'Juneau'),
	(258, 2, 'ATG', 'Antigua and Barbuda', 'Saint John\'s'),
	(259, 2, 'GNQ', 'Equatorial Guinea', 'Malabo'),
	(260, 2, 'ARG', 'Argentina', 'Buenos Aires'),
	(261, 2, 'ARM', 'Armenia', 'Eriwan'),
	(262, 2, 'ABW', 'Aruba', 'Oranjestad'),
	(263, 2, 'ASC', 'Ascension', ''),
	(264, 2, 'AZE', 'Azerbaijan', 'Baku'),
	(265, 2, 'ETH', 'Ethiopia', 'Addis Abeba'),
	(266, 2, 'AUS', 'Australia', 'Canberra'),
	(267, 2, 'BHS', 'Bahamas', 'Nassau'),
	(268, 2, 'BHR', 'Bahrain', 'Manama'),
	(269, 2, 'BGD', 'Bangladesh', 'Dhaka'),
	(270, 2, 'BRB', 'Barbados', 'Bridgetown'),
	(271, 2, 'BEL', 'Belgium', 'Brüssel'),
	(272, 2, 'BLZ', 'Belize', 'Belmopan'),
	(273, 2, 'BEN', 'Benin', 'Porto Novo'),
	(274, 2, 'BMU', 'Bermuda', 'Hamilton'),
	(275, 2, 'BTN', 'Bhutan', 'Thimphu'),
	(276, 2, 'BOL', 'Bolivia', 'Sucre'),
	(277, 2, 'BIH', 'Bosnia And Herzegovina', 'Sarajevo'),
	(278, 2, 'BWA', 'Botswana', 'Gaborone'),
	(279, 2, 'BVT', 'Bouvet Island', ''),
	(280, 2, 'BRA', 'Brazil', 'Brasi­lia'),
	(281, 2, 'VGB', 'Virgin Islands, British', 'Road Town'),
	(282, 2, 'IOT', 'British Indian Ocean Territory', ''),
	(283, 2, 'BRN', 'Brunei Darussalam', 'Bandar Seri Begawan'),
	(284, 2, 'BGR', 'Bulgaria', 'Sofia'),
	(285, 2, 'BFA', 'Burkina Faso', 'Ouagadougou'),
	(286, 2, 'BDI', 'Burundi', 'Bujumbura'),
	(287, 2, 'CHL', 'Chile', 'Santiago'),
	(288, 2, 'CHN', 'China', 'Peking (Beijing)'),
	(289, 2, 'COK', 'Cook Islands', 'Avarua'),
	(290, 2, 'CRI', 'Costa Rica', 'San José'),
	(291, 2, 'CIV', 'CÔte D\'ivoire', 'Yamoussoukro'),
	(292, 2, 'DNK', 'Denmark', 'Kopenhagen'),
	(293, 2, 'DEU', 'Germany', 'Berlin'),
	(294, 2, 'SHN', 'Saint Helena', 'Jamestown'),
	(295, 2, 'DGA', 'Diego Garcia', ''),
	(296, 2, 'DMA', 'Dominica', 'Roseau'),
	(297, 2, 'DOM', 'Dominican Republic', 'Santo Domingo'),
	(298, 2, 'DJI', 'Djibouti', 'Dschibuti'),
	(299, 2, 'ECU', 'Ecuador', 'Quito'),
	(300, 2, 'SLV', 'El Salvador', 'San Salvador'),
	(301, 2, 'ERI', 'Eritrea', 'Asmara (Asmera)'),
	(302, 2, 'EST', 'Estonia', 'Tallinn (Reval)'),
	(303, 2, 'FLK', 'Falkland Islands (malvinas)', 'Port Stanley'),
	(304, 2, 'FRO', 'Faroe Islands', 'Tórshavn'),
	(305, 2, 'FJI', 'Fiji', 'Suva'),
	(306, 2, 'FIN', 'Finland', 'Helsinki'),
	(307, 2, 'FRA', 'France', 'Paris'),
	(308, 2, 'GUF', 'French Guiana', 'Cayenne'),
	(309, 2, 'PYF', 'French Polynesia', 'Papeete'),
	(310, 2, 'ATF', 'French Southern Territories', 'Port-aux-Francais'),
	(311, 2, 'GAB', 'Gabon', 'Libreville'),
	(312, 2, 'GMB', 'Gambia', 'Banjul'),
	(313, 2, 'GEO', 'Georgia', 'Tiflis'),
	(314, 2, 'GHA', 'Ghana', 'Accra'),
	(315, 2, 'GIB', 'Gibraltar', 'Gibraltar (Stadt)'),
	(316, 2, 'GRD', 'Grenada', 'St. George\'s'),
	(317, 2, 'GRC', 'Greece', 'Athen'),
	(318, 2, 'GRL', 'Greenland', 'Nuuk'),
	(319, 2, 'GLP', 'Guadeloupe', 'Basse-Terre'),
	(320, 2, 'GUM', 'Guam', '	Hagåtña'),
	(321, 2, 'GTM', 'Guatemala', 'Guatemala-Stadt'),
	(322, 2, 'GGY', 'Guernsey', 'St. Peter Port'),
	(323, 2, 'GIN', 'Guinea', 'Conakry'),
	(324, 2, 'GNB', 'Guinea-bissau', 'Bissau'),
	(325, 2, 'GUY', 'Guyana', 'Georgetown'),
	(326, 2, 'HTI', 'Haiti', 'Port-au-Prince'),
	(327, 2, 'HMD', 'Heard Island and Mcdonald Islands', ''),
	(328, 2, 'HND', 'Honduras', 'Tegucigalpa'),
	(329, 2, 'HKG', 'Hong Kong', ''),
	(330, 2, 'IND', 'India', 'Neu-Delhi'),
	(331, 2, 'IDN', 'Indonesia', 'Jakarta'),
	(332, 2, 'IMN', 'Isle Of Man', ''),
	(333, 2, 'IRQ', 'Iraq', 'Bagdad'),
	(334, 2, 'IRN', 'Iran', 'Teheran'),
	(335, 2, 'IRL', 'Ireland', 'Dublin'),
	(336, 2, 'ISL', 'Iceland', 'Reykjavík'),
	(337, 2, 'ISR', 'Israel', 'Jerusalem'),
	(338, 2, 'ITA', 'Italy', 'Rom'),
	(339, 2, 'JAM', 'Jamaica', 'Kingston'),
	(340, 2, 'JPN', 'Japan', 'Tokio'),
	(341, 2, 'YEM', 'Yemen', 'Sanaa'),
	(342, 2, 'JEY', 'Jersey', 'Saint Helier'),
	(343, 2, 'JOR', 'Jordan', 'Amman'),
	(344, 2, 'CYM', 'Cayman Islands', 'George Town'),
	(345, 2, 'KHM', 'Cambodia', 'Phnom Penh'),
	(346, 2, 'CMR', 'Cameroon', 'Yaoundé'),
	(347, 2, 'CAN', 'Canada', 'Ottawa'),
	(348, 2, 'CPV', 'Cape Verde', 'Praia'),
	(349, 2, 'KAZ', 'Kazakhstan', 'Astana'),
	(350, 2, 'QAT', 'Qatar', 'Doha'),
	(351, 2, 'KEN', 'Kenya', 'Nairobi'),
	(352, 2, 'KGZ', 'Kyrgyzstan', 'Bischkek'),
	(353, 2, 'KIR', 'Kiribati', 'Bairiki'),
	(354, 2, 'CCK', 'Cocos (keeling) Islands', ''),
	(355, 2, 'COL', 'Colombia', 'Santa Fé de Bogotá'),
	(356, 2, 'KM', 'Comoros', 'Moroni'),
	(357, 2, 'COD', 'Congo, Democratic Republic', 'Kinshasa'),
	(358, 2, 'COG', 'Congo', 'Brazzaville'),
	(359, 2, 'PRK', 'Korea, Democratic People\'s Republic', 'Pjöngjang'),
	(360, 2, 'KOR', 'Korea, Republic Of', 'Seoul'),
	(361, 2, 'HRV', 'Croatia', 'Zagreb'),
	(362, 2, 'CUB', 'Cuba', 'Havanna'),
	(363, 2, 'KWT', 'Kuwait', 'Kuwait'),
	(364, 2, 'LAO', 'Laos', 'Vientiane'),
	(365, 2, 'LSO', 'Lesotho', 'Maseru'),
	(366, 2, 'LVA', 'Latvia', 'Rīga'),
	(367, 2, 'LBN', 'Lebanon', 'Beirut'),
	(368, 2, 'LBR', 'Liberia', 'Monrovia'),
	(369, 2, 'LBY', 'Libyan Arab Jamahiriya', 'Tripolis'),
	(370, 2, 'LIE', 'Liechtenstein', 'Vaduz'),
	(371, 2, 'LTU', 'Lithuania', 'Wilna'),
	(372, 2, 'LUX', 'Luxembourg', 'Luxemburg'),
	(373, 2, 'MAC', 'Macao', ''),
	(374, 2, 'MDG', 'Madagascar', 'Antananarivo'),
	(375, 2, 'MWI', 'Malawi', 'Lilongwe'),
	(376, 2, 'MYS', 'Malaysia', 'Kuala Lumpur'),
	(377, 2, 'MDV', 'Maldives', 'Malé'),
	(378, 2, 'MLI', 'Mali', 'Bamako'),
	(379, 2, 'MLT', 'Malta', 'Valletta'),
	(380, 2, 'MAR', 'Morocco', 'Rabat'),
	(381, 2, 'MHL', 'Marshall Islands', 'Delap-Uliga-Darrit'),
	(382, 2, 'MTQ', 'Martinique', 'Fort-de-France'),
	(383, 2, 'MRT', 'Mauritania', 'Nouakchott'),
	(384, 2, 'MUS', 'Mauritius', 'Port Louis'),
	(385, 2, 'MYT', 'Mayotte', 'Mamoudzou'),
	(386, 2, 'MKD', 'Macedonia', 'Skopje'),
	(387, 2, 'MEX', 'Mexico', 'Mexiko-Stadt'),
	(388, 2, 'FSM', 'Micronesia', ''),
	(389, 2, 'MDA', 'Moldova', 'Chişinău'),
	(390, 2, 'MCO', 'Monaco', 'Monaco'),
	(391, 2, 'MNG', 'Mongolia', 'Ulaanbaatar'),
	(392, 2, 'MSR', 'Montserrat', 'Plymouth'),
	(393, 2, 'MOZ', 'Mozambique', 'Maputo'),
	(394, 2, 'MMR', 'Myanmar', 'Rangun'),
	(395, 2, 'NAM', 'Namibia', 'Windhoek'),
	(396, 2, 'NRU', 'Nauru', 'Yaren'),
	(397, 2, 'NPL', 'Nepal', 'Kathmandu'),
	(398, 2, 'NCL', 'New Caledonia', '	Nouméa'),
	(399, 2, 'NZL', 'New Zealand', 'Wellington'),
	(400, 2, 'NIC', 'Nicaragua', 'Managua'),
	(401, 2, 'NLD', 'Netherlands', 'Amsterdam'),
	(402, 2, 'ANT', 'Netherlands Antilles', 'Willemstad'),
	(403, 2, 'NER', 'Niger', 'Niamey'),
	(404, 2, 'NGA', 'Nigeria', 'Abuja'),
	(405, 2, 'NIU', 'Niue', 'Alofi'),
	(406, 2, 'MNP', 'Northern Mariana Islands', 'Saipan'),
	(407, 2, 'NFK', 'Norfolk Island', 'Kingston'),
	(408, 2, 'NOR', 'Norway', 'Oslo'),
	(409, 2, 'OMN', 'Oman', 'Maskat'),
	(410, 2, 'AUT', 'Austria', 'Wien'),
	(411, 2, 'PAK', 'Pakistan', 'Islamabad'),
	(412, 2, 'PSE', 'Palestinian Territory', 'Ramallah'),
	(413, 2, 'PLW', 'Palau', 'Melekeok'),
	(414, 2, 'PAN', 'Panama', 'Panama-Stadt'),
	(415, 2, 'PNG', 'Papua New Guinea', 'Port Moresby'),
	(416, 2, 'PRY', 'Paraguay', '	Asunción'),
	(417, 2, 'PER', 'Peru', 'Lima'),
	(418, 2, 'PHL', 'Philippines', 'Manila'),
	(419, 2, 'PCN', 'Pitcairn', 'Adamstown'),
	(420, 2, 'POL', 'Poland', 'Warschau'),
	(421, 2, 'PRT', 'Portugal', 'Lissabon'),
	(422, 2, 'PRI', 'Puerto Rico', 'San Juan'),
	(423, 2, 'REU', 'Réunion', 'Saint-Denis'),
	(424, 2, 'RWA', 'Rwanda', 'Kigali'),
	(425, 2, 'ROU', 'Romania', 'Bukarest'),
	(426, 2, 'RUS', 'Russian Federation', 'Moskau'),
	(427, 2, 'SLB', 'Solomon Islands', 'Honiara'),
	(428, 2, 'ZMB', 'Zambia', 'Lusaka'),
	(429, 2, 'WSM', 'Samoa', 'Apia'),
	(430, 2, 'SMR', 'San Marino', 'San Marino'),
	(431, 2, 'STP', 'Sao Tome And Principe', 'Sào Tomé'),
	(432, 2, 'SAU', 'Saudi Arabia', 'Riad'),
	(433, 2, 'SWE', 'Sweden', 'Stockholm'),
	(434, 2, 'CHE', 'Switzerland', 'Bern'),
	(435, 2, 'SEN', 'Senegal', 'Dakar'),
	(436, 2, 'SCG', 'Serbia', 'Belgrad'),
	(437, 2, 'SYC', 'Seychelles', 'Victoria'),
	(438, 2, 'SLE', 'Sierra Leone', 'Freetown'),
	(439, 2, 'ZWE', 'Zimbabwe', 'Harare'),
	(440, 2, 'SGP', 'Singapore', 'Singapur'),
	(441, 2, 'SVK', 'Slovakia', 'Bratislava'),
	(442, 2, 'SVN', 'Slovenia', 'Ljubljana'),
	(443, 2, 'SOM', 'Somalia', 'Mogadischu'),
	(444, 2, 'ESP', 'Spain', 'Madrid'),
	(445, 2, 'LKA', 'Sri Lanka', 'Colombo'),
	(446, 2, 'KNA', 'Saint Kitts And Nevis', 'Basseterre'),
	(447, 2, 'LCA', 'Saint Lucia', 'Castries'),
	(448, 2, 'SPM', 'Saint Pierre And Miquelon', 'Saint-Pierre'),
	(449, 2, 'VCT', 'Saint Vincent And The Grenadines', 'Kingstown'),
	(450, 2, 'ZAF', 'South Africa', 'Tshwane / Pretoria'),
	(451, 2, 'SDN', 'Sudan', 'Khartum'),
	(452, 2, 'SGS', 'South Georgia and the South Sandwich Islands', 'Grytviken'),
	(453, 2, 'SUR', 'Suriname', 'Paramaribo'),
	(454, 2, 'SJM', 'Svalbard And Jan Mayen', 'Longyearbyen'),
	(455, 2, 'SWZ', 'Swaziland', 'Mbabane'),
	(456, 2, 'SYR', 'Syrian Arab Republic', 'Damaskus'),
	(457, 2, 'TJK', 'Tajikistan', 'Duschanbe'),
	(458, 2, 'TWN', 'Taiwan', 'Taipeh'),
	(459, 2, 'TZA', 'Tanzania', 'Dodoma'),
	(460, 2, 'THA', 'Thailand', 'Bangkok'),
	(461, 2, 'TLS', 'Timor-leste', 'Dili'),
	(462, 2, 'TGO', 'Togo', 'Lomé'),
	(463, 2, 'TKL', 'Tokelau', ''),
	(464, 2, 'TON', 'Tonga', '	Nuku’alofa'),
	(465, 2, 'TTO', 'Trinidad And Tobago', 'Port-of-Spain'),
	(466, 2, 'TAA', 'Tristan da Cunha', 'Jamestown'),
	(467, 2, 'TCD', 'Chad', 'N\'Djamena'),
	(468, 2, 'CZE', 'Czech Republic', 'Prag'),
	(469, 2, 'TUN', 'Tunisia', 'Tunis'),
	(470, 2, 'TUR', 'Turkey', 'Ankara'),
	(471, 2, 'TKM', 'Turkmenistan', 'Aşgabat'),
	(472, 2, 'TCA', 'Turks And Caicos Islands', 'Cockburn Town on Grand Turk'),
	(473, 2, 'TUV', 'Tuvalu', 'Funafuti'),
	(474, 2, 'UGA', 'Uganda', 'Kampala'),
	(475, 2, 'UKR', 'Ukraine', 'Kiew'),
	(476, 2, 'URY', 'Uruguay', 'Montevideo'),
	(477, 2, 'UZB', 'Uzbekistan', 'Tashkent'),
	(478, 2, 'VUT', 'Vanuatu', 'Port Vila'),
	(479, 2, 'VAT', 'Vatican', 'Vatican City'),
	(480, 2, 'VEN', 'Venezuela', 'Caracas'),
	(481, 2, 'ARE', 'United Arab Emirates', 'Abu Dhabi'),
	(482, 2, 'USA', 'United States', 'Washington, D.C.'),
	(483, 2, 'GBR', 'United Kingdom', 'London'),
	(484, 2, 'VNM', 'Viet Nam', 'Hà Nội'),
	(485, 2, 'WLF', 'Wallis And Futuna', 'Mata-Utu'),
	(486, 2, 'CXR', 'Christmas Island', 'Flying Fish Cove'),
	(487, 2, 'BLR', 'Belarus', 'Minsk'),
	(488, 2, 'ESH', 'Western Sahara', '	El Aaiún'),
	(489, 2, 'CAF', 'Central African Republic', 'Bangui'),
	(490, 2, 'CYP', 'Cyprus', 'Nikosia'),
	(491, 2, 'HUN', 'Hungary', 'Budapest'),
	(492, 2, 'MNE', 'Montenegro', 'Podgorica');
/*!40000 ALTER TABLE `country` ENABLE KEYS */;

-- Exportiere Struktur von Tabelle spm.data_import
CREATE TABLE IF NOT EXISTS `data_import` (
  `data_import_id` int(11) NOT NULL AUTO_INCREMENT,
  `data_import_identifier` varchar(255) DEFAULT NULL,
  `data_import_version` varchar(45) DEFAULT NULL,
  `data_import_is_enabled` int(11) NOT NULL DEFAULT '0',
  PRIMARY KEY (`data_import_id`)
) ENGINE=InnoDB AUTO_INCREMENT=2 DEFAULT CHARSET=latin1;

-- Exportiere Daten aus Tabelle spm.data_import: ~1 rows (ungefähr)
/*!40000 ALTER TABLE `data_import` DISABLE KEYS */;
INSERT INTO `data_import` (`data_import_id`, `data_import_identifier`, `data_import_version`, `data_import_is_enabled`) VALUES
	(1, 'hoefler_customers', '1.0.0', 1);
/*!40000 ALTER TABLE `data_import` ENABLE KEYS */;

-- Exportiere Struktur von Tabelle spm.language
CREATE TABLE IF NOT EXISTS `language` (
  `language_id` int(5) NOT NULL AUTO_INCREMENT,
  `language_code` varchar(3) NOT NULL,
  `language_name` varchar(50) NOT NULL,
  PRIMARY KEY (`language_id`)
) ENGINE=InnoDB AUTO_INCREMENT=5 DEFAULT CHARSET=utf8 COMMENT='Our supported languages';

-- Exportiere Daten aus Tabelle spm.language: ~4 rows (ungefähr)
/*!40000 ALTER TABLE `language` DISABLE KEYS */;
INSERT INTO `language` (`language_id`, `language_code`, `language_name`) VALUES
	(1, 'de', 'Deutsch'),
	(2, 'en', 'English'),
	(3, 'fr', 'Français'),
	(4, 'it', 'Italiano');
/*!40000 ALTER TABLE `language` ENABLE KEYS */;

-- Exportiere Struktur von Tabelle spm.language_variable
CREATE TABLE IF NOT EXISTS `language_variable` (
  `language_variable_id` int(15) NOT NULL AUTO_INCREMENT,
  `language_variable_language_id` int(5) NOT NULL,
  `language_variable_unique_sub_id` varchar(45) NOT NULL,
  `language_variable_content` text NOT NULL,
  PRIMARY KEY (`language_variable_id`),
  KEY `language_variable_language_id` (`language_variable_language_id`),
  CONSTRAINT `language_variable_language_id?language_id` FOREIGN KEY (`language_variable_language_id`) REFERENCES `language` (`language_id`)
) ENGINE=InnoDB AUTO_INCREMENT=7734 DEFAULT CHARSET=utf8 COMMENT='All of the language variables';

-- Exportiere Daten aus Tabelle spm.language_variable: ~6.571 rows (ungefähr)
/*!40000 ALTER TABLE `language_variable` DISABLE KEYS */;
INSERT INTO `language_variable` (`language_variable_id`, `language_variable_language_id`, `language_variable_unique_sub_id`, `language_variable_content`) VALUES
	(1, 1, '10000', 'Systemadministrator'),
	(2, 2, '10000', 'System administrator'),
	(3, 1, '10001', 'Hat dieser Benutzer Administrator-Rechte?'),
	(4, 2, '10001', 'Does this user have administration rights?'),
	(5, 1, '10002', 'Standard-Stundensatz'),
	(6, 2, '10002', 'Hourly standard wage'),
	(7, 1, '10003', 'Dies ist der Standardstundensatz, der beim anlegen eines neuen Projektes automatisch voreingetragen ist.'),
	(8, 2, '10003', 'This is the hourly standard wage, which is automatically being pre-set when creating a new project.'),
	(9, 1, '10004', 'Bezahlt'),
	(10, 2, '10004', 'Paid'),
	(11, 1, '10005', 'Hat der Kunde die aufgelistete Arbeit bereits bezahlt?'),
	(12, 2, '10005', 'Did the client already pay this?'),
	(13, 1, '10006', 'Backend-Titel'),
	(14, 2, '10006', 'Backend title'),
	(15, 1, '10007', 'Dieser Titel erscheint in der Titelleiste des Browsers'),
	(16, 2, '10007', 'This title is shown in the title bar of the browser'),
	(17, 1, '10008', 'Logout'),
	(18, 2, '10008', 'Logout'),
	(19, 1, '10009', 'Angemeldet als'),
	(20, 2, '10009', 'Logged in as'),
	(21, 1, '10010', 'Hauptfunktionen'),
	(22, 2, '10010', 'Main'),
	(23, 1, '10011', 'System'),
	(24, 2, '10011', 'System'),
	(25, 1, '10012', 'Administrator'),
	(26, 2, '10012', 'Administrator'),
	(27, 1, '10013', 'System Menü'),
	(28, 2, '10013', 'System menu'),
	(29, 1, '10014', 'Login für registrierte Benutzer'),
	(30, 2, '10014', 'Login for registered users'),
	(31, 1, '10015', 'Login'),
	(32, 2, '10015', 'Login'),
	(33, 1, '10016', 'Bitte Benutzernamen und Passwort eingeben'),
	(34, 2, '10016', 'Please enter username and password'),
	(35, 1, '10017', 'Hauptfunktionen'),
	(36, 2, '10017', 'Main functions'),
	(37, 1, '10018', 'Sprachvariablen'),
	(38, 2, '10018', 'Language variables'),
	(39, 1, '10019', 'Startseite'),
	(40, 2, '10019', 'Index page'),
	(41, 1, '10020', 'Benutzer'),
	(42, 2, '10020', 'Users'),
	(43, 1, '10021', 'Systemverwaltung'),
	(44, 2, '10021', 'System administration'),
	(45, 1, '10022', 'Menü'),
	(46, 2, '10022', 'Menu'),
	(47, 1, '10023', 'Ein Fehler ist aufgetreten'),
	(48, 2, '10023', 'An error occured'),
	(49, 1, '10024', 'Fehlerbeschreibung:'),
	(50, 2, '10024', 'Error description:'),
	(51, 1, '10025', 'Benutzer'),
	(52, 2, '10025', 'User'),
	(53, 1, '10026', 'Account-Einstellungen'),
	(54, 2, '10026', 'Account settings'),
	(55, 1, '10027', 'System-Einstellungen'),
	(56, 2, '10027', 'System settings'),
	(57, 1, '10028', 'Installierte Sprachen:'),
	(58, 2, '10028', 'Installed languages:'),
	(59, 1, '10029', 'Dies ist die zentrale Sprachverwaltung des Systems. Hier können neue Sprachvariablen angelegt, bestehende editiert oder gelöscht werden. '),
	(60, 2, '10029', 'This is the central language maintenance area. Here you may add new language variables or edit and delete existing ones.'),
	(61, 1, '10030', 'Dies ist die zentrale Benutzerverwaltung des Systems. Benutzer können angelegt, editiert oder gelöscht werden. Verschiedene Rechte können zugewiesen werden.'),
	(62, 2, '10030', 'This is the central user management tool. You may add, edit or delete users here, as well as edit their access rights.'),
	(63, 1, '10031', 'Optionen'),
	(64, 2, '10031', 'Options'),
	(65, 1, '10032', 'Warnung: Ihr Internet-Browser wird nicht oder nur teilweise unterstüzt. Bitte wechseln Sie aus Sicherheitsgründen zu einen modernen Browser.'),
	(66, 2, '10032', 'Warning: You internet browser is not or only partially supported. Please use a modern browser due to various security reasons.'),
	(67, 1, '10033', 'Warnung: Sie haben JavaScript deaktiviert. Sie können deshalb viele Funktionen dieser Webseite nicht verwenden. Bitte aktivieren Sie JavaScript! '),
	(68, 2, '10033', 'Warning: You do not have JavaScript activated. You may not be able to use this website as it was intended to. Please activate JavaScript.'),
	(69, 1, '10034', 'Warnung: Die Unterstützung für Ihren Internet-Browser ist begrenzt. Bitte aktualisieren Sie ihn auf eine aktuelle Version.'),
	(70, 2, '10034', 'Warning: The support for your internet browser is limited. Please update to a more recent version.'),
	(71, 1, '10035', 'Neue Variable'),
	(72, 2, '10035', 'New variable'),
	(73, 1, '10036', 'Variablenliste'),
	(74, 2, '10036', 'Variable list'),
	(75, 1, '10037', 'Funktionen'),
	(76, 2, '10037', 'Functions'),
	(77, 1, '10038', 'Sprache 1'),
	(78, 2, '10038', 'Language 1'),
	(79, 1, '10039', 'Sprache 2'),
	(80, 2, '10039', 'Language 2'),
	(81, 1, '10040', 'Variablen-ID'),
	(82, 2, '10040', 'Variablen-ID'),
	(83, 1, '10041', 'Suchen'),
	(84, 2, '10041', 'Search'),
	(85, 1, '10042', 'Seite zurück'),
	(86, 2, '10042', 'Back'),
	(87, 1, '10043', 'Seite weiter'),
	(88, 2, '10043', 'Forward'),
	(90, 1, '10044', 'Sprache:'),
	(91, 2, '10044', 'Language:'),
	(92, 1, '10055', 'Speichern und schließen'),
	(93, 2, '10055', 'Save and close'),
	(94, 1, '10056', 'Abbrechen'),
	(95, 2, '10056', 'Cancel'),
	(104, 1, '10057', 'Ein Fehler ist aufgetreten.'),
	(105, 2, '10057', 'An error occured.'),
	(108, 1, '10058', 'Die Variable wurde gespeichert.'),
	(109, 2, '10058', 'The variable was saved successfully.'),
	(120, 1, '10060', 'Termine'),
	(121, 2, '10060', 'Calendar'),
	(122, 3, '10060', 'Calendrier'),
	(123, 4, '10060', '?????????'),
	(124, 1, '10061', 'Benutzer'),
	(125, 2, '10061', 'User'),
	(130, 1, '10063', 'Persönlicher Kalender'),
	(131, 2, '10063', 'Personal calendar'),
	(134, 1, '10064', 'Hier sehen Sie eine Übersicht von Kalendereinträgen.'),
	(137, 1, '10065', 'Sprachvariable gespeichert'),
	(138, 2, '10065', 'Language variable saved'),
	(139, 1, '10066', 'Fehler'),
	(140, 2, '10066', 'Error'),
	(141, 1, '10067', 'Die Sprachvariable wurde erfolgreich gespeichert. Ihre ID ist: '),
	(142, 2, '10067', 'The language variable was successfully saved. Its ID is: '),
	(144, 1, '10068', 'Die Sprachvariable konnte nicht gespeichert werden, ein Fehler ist aufgetreten. Bitte probieren Sie es erneut.'),
	(145, 2, '10068', 'The language variable could not be saved, please try again.'),
	(149, 1, '10069', 'Okay'),
	(150, 2, '10069', 'Okay'),
	(157, 1, '10070', 'Variable löschen'),
	(158, 2, '10070', 'Delete variable'),
	(159, 1, '10071', 'Variable bearbeiten'),
	(160, 2, '10071', 'Edit variable'),
	(161, 1, '10072', 'Sprachvariable bearbeiten'),
	(162, 2, '10072', 'Edit language variable'),
	(169, 1, '10073', 'Wollen Sie Diese Sprachvariable wirklich löschen?'),
	(170, 2, '10073', 'Do you really want to delete this language variable?'),
	(203, 2, '10064', 'Here you\\\'ve got an overview of all calendar entries.'),
	(206, 1, '10074', 'Variablen-ID'),
	(207, 2, '10074', 'Variable ID'),
	(208, 1, '10075', 'Benutzer bearbeiten'),
	(209, 2, '10075', 'Edit user'),
	(210, 1, '10076', 'Benutzer löschen'),
	(211, 2, '10076', 'Delete user'),
	(212, 1, '10077', 'Optionen'),
	(213, 2, '10077', 'Options'),
	(214, 1, '10078', 'ID'),
	(215, 2, '10078', 'ID'),
	(216, 3, '10078', 'ID'),
	(217, 4, '10078', 'ID'),
	(218, 1, '10079', 'Benutzername'),
	(219, 2, '10079', 'Username'),
	(220, 1, '10080', 'Voller Name'),
	(221, 2, '10080', 'Full name'),
	(222, 1, '10081', 'E-Mail'),
	(223, 2, '10081', 'E-mail'),
	(224, 1, '10082', 'Letzter Login'),
	(225, 2, '10082', 'Last login'),
	(226, 1, '10083', 'Registrierungsdatum'),
	(227, 2, '10083', 'Register date'),
	(228, 1, '10084', 'Liste aller Benutzer'),
	(229, 2, '10084', 'List of all users'),
	(230, 1, '10085', 'Neuer Benutzer'),
	(231, 2, '10085', 'New user'),
	(232, 1, '10086', 'Details anzeigen'),
	(233, 2, '10086', 'Show details'),
	(234, 1, '10087', 'Neues Passwort erstellen'),
	(235, 2, '10087', 'Create new password'),
	(236, 1, '10088', 'Fehler: Die gesendeten Daten sind leer.'),
	(237, 2, '10088', 'Error: The sent data was empty.'),
	(238, 1, '10089', 'Bitte warten, Daten wurden bereits gesendet.'),
	(239, 2, '10089', 'Please wait, data was already sent.'),
	(240, 1, '10090', 'Benutzer bearbeiten'),
	(241, 2, '10090', 'Edit user'),
	(242, 1, '10091', 'Passwort'),
	(243, 2, '10091', 'Password'),
	(244, 1, '10092', 'Passwort, bitte wiederholen'),
	(245, 2, '10092', 'Password, please repeat'),
	(246, 1, '10093', 'Die Validierung des Formulars schlug fehl.'),
	(247, 2, '10093', 'The validation of the form failed.'),
	(248, 1, '10094', 'Ungültige E-Mail-Adresse.'),
	(249, 2, '10094', 'Invalid email address.'),
	(250, 1, '10095', 'Sie müssen Ihr Passwort zweimal eingeben.'),
	(251, 2, '10095', 'Please enter your password two times.'),
	(252, 1, '10096', 'Die beiden eingegebenen Passwörter sind nicht identisch.'),
	(253, 2, '10096', 'The two entered passwords are not the same.'),
	(254, 1, '10097', 'Das gewünschte Passwort ist zu kurz.'),
	(255, 2, '10097', 'The entered password is too short.'),
	(256, 1, '10098', 'Ein Pflichtfeld ist nicht ausgefüllt.'),
	(257, 2, '10098', 'A required field is not filled.'),
	(258, 1, '10099', 'Wollen Sie diesen Benutzer wirklich löschen?'),
	(259, 2, '10099', 'Do you really want to delete this user?'),
	(260, 1, '10100', 'Wollen sie diesen Eintrag wirklich löschen?'),
	(261, 2, '10100', 'Do you really want to delete this entry?'),
	(262, 1, '10101', 'Der Benutzer konnte nicht gespeichert werden, ein Fehler ist aufgetreten. \n\nMöglicherweise existiert bereits ein Benutzer mit diesem Loginnamen oder dieser E-Mail-Adresse.'),
	(263, 2, '10101', 'The user could not be saved, an error occured.\n\nMaybe there is already an existing user with this login name or email address.'),
	(264, 1, '10102', 'Bitte gehen Sie sicher, dass sie alle Felder korrekt ausgefüllt haben.'),
	(265, 2, '10102', 'Please make sure that you filled all required fields correctly.'),
	(266, 1, '10103', 'Der Benutzer wurde gespeichert. Seine ID ist: '),
	(267, 2, '10103', 'The user was saved. His ID is: '),
	(268, 1, '10104', 'Benutzer gespeichert'),
	(269, 2, '10104', 'User saved'),
	(276, 1, '10105', 'Neues Passwort anlegen'),
	(277, 2, '10105', 'Create a new password'),
	(278, 1, '10106', 'Das Passwort konnte nicht gespeichert werden.'),
	(279, 2, '10106', 'The password could not be saved.'),
	(280, 1, '10107', 'Passwort gespeichert'),
	(281, 2, '10107', 'Password saved'),
	(282, 1, '10108', 'Das neue Passwort für diesen Benutzer wurde erfolgreich gespeichert.'),
	(283, 2, '10108', 'The new password for this user has been successfully saved.'),
	(284, 1, '10109', 'Die übergebene ID ist keine ganze Zahl.'),
	(285, 2, '10109', 'The ID you passed is not a valid integer.'),
	(286, 1, '10110', 'Die übergebene ID ist kleiner 0.'),
	(287, 2, '10110', 'The ID you passed is lower than 0.'),
	(288, 1, '10111', 'Benutzereinstellungen'),
	(289, 2, '10111', 'User\\\'s settings'),
	(290, 3, '10086', 'Montrer details'),
	(291, 3, '10085', 'Nouvel utilisateur'),
	(292, 3, '10084', 'Liste des utilisateurs'),
	(293, 3, '10111', 'Editer les attitudes de l\\\'utilisateur'),
	(294, 3, '10110', 'L\\\'ID que vous avez pass'),
	(295, 3, '10109', 'L\\\'ID que vous avez pass'),
	(296, 3, '10108', 'Le nouveau mot de passe pour cet utilisateur a bien '),
	(297, 3, '10107', 'Mot de passe enregistr'),
	(298, 3, '10106', 'Le mot de passe n\\\'a pas pu '),
	(299, 3, '10105', 'Cr'),
	(300, 3, '10104', 'Utilisateur enregistr'),
	(301, 3, '10103', 'L\\\'utilisateur a '),
	(302, 3, '10102', 'S\\\'il vous pla'),
	(303, 3, '10101', 'L\\\'utilisateur n\\\'a pas pu '),
	(304, 3, '10100', 'Voulez-vous vraiment supprimer cette entr'),
	(305, 3, '10099', 'Voulez-vous vraiment supprimer cet utilisateur?'),
	(306, 3, '10098', 'Un champ obligatoire n\\\'est pas rempli.'),
	(307, 3, '10097', 'Le mot de passe est trop court.'),
	(308, 3, '10096', 'Les deux mots de passe entr'),
	(309, 3, '10095', 'Vous devez sp'),
	(310, 3, '10094', 'Blancs adresse e-mail.'),
	(311, 3, '10093', 'La validation du formulaire a '),
	(312, 3, '10092', 'Mot de passe, r'),
	(313, 3, '10091', 'Mot de passe'),
	(314, 3, '10090', 'Modifier l\\\'utilisateur'),
	(315, 3, '10089', 'Attendre s\\\'il vous pla'),
	(316, 3, '10088', 'Erreur: Les donn'),
	(317, 3, '10087', 'Cr'),
	(319, 1, '10112', 'Unbekannte Methode: '),
	(320, 2, '10112', 'Unknown method: '),
	(321, 3, '10112', 'M'),
	(322, 1, '10113', 'Ein kritischer Fehler ist aufgetreten'),
	(323, 2, '10113', 'A critical error occured'),
	(324, 3, '10113', 'Une erreur critique s\\\'est produite'),
	(325, 1, '10114', 'Zeile'),
	(326, 2, '10114', 'line'),
	(327, 3, '10114', 'ligne'),
	(328, 1, '10115', 'Position: '),
	(329, 2, '10115', 'Position: '),
	(330, 3, '10115', 'Position: '),
	(331, 1, '10116', 'Aufruf-Stapel: '),
	(332, 2, '10116', 'Call stack: '),
	(333, 3, '10116', 'Pile d\\\'appel: '),
	(334, 1, '10117', 'Sie bearbeiten hier die Benutzereinstellungen des Benutzers '),
	(335, 2, '10117', 'You are currently editing the settings of the user '),
	(336, 3, '10117', 'Vous '),
	(337, 1, '10118', 'Der Typ muss definiert werden.'),
	(338, 2, '10118', 'You need to specify the type.'),
	(339, 1, '10119', 'Beschreibung'),
	(340, 2, '10119', 'Description'),
	(341, 1, '10120', 'Einstellungen'),
	(342, 2, '10120', 'Settings'),
	(343, 1, '10121', 'Es gab einen Fehler bei den Einstellungen'),
	(344, 2, '10121', 'There was an error with the settings.'),
	(345, 1, '10122', 'Administrator-Einstellungen'),
	(346, 2, '10122', 'Administrator settings'),
	(347, 1, '10123', 'Benutzer-Einstellungen'),
	(348, 2, '10123', 'User settings'),
	(349, 1, '10124', 'Sprache'),
	(350, 2, '10124', 'Language'),
	(351, 3, '10124', 'Langue'),
	(352, 1, '10125', 'Stellen Sie hier die Systemsprache ein.'),
	(353, 2, '10125', 'Use this to define the language of the system.'),
	(354, 1, '10126', 'Dieses Dropdown-Feld ist nicht defniert: '),
	(355, 2, '10126', 'The following dropdown field is undefined: '),
	(356, 1, '10127', 'Hier können Sie Ihre benutzerspezifischen Einstellungen bearbeiten.'),
	(357, 2, '10127', 'Here you may edit your specific account settings.'),
	(362, 1, '10129', 'Speichern'),
	(363, 2, '10129', 'Save'),
	(364, 1, '10130', 'Sie haben nicht die benötigte Berechtigung für diesen Bereich.'),
	(365, 2, '10130', 'You don\\\'t have the required permission to access this area.'),
	(366, 1, '10131', 'Debug: '),
	(367, 2, '10131', 'Debug: '),
	(368, 3, '10131', 'Debug: '),
	(369, 1, '10132', 'Es gibt ein Problem mit der Datenbank.'),
	(370, 2, '10132', 'There is a problem with the database'),
	(371, 1, '10133', 'Das Datenbankobjekt der Klasse wurde noch nicht gesetzt.'),
	(372, 2, '10133', 'The database object of the class was not yet set.'),
	(373, 1, '10134', 'System-Einstellungen'),
	(374, 2, '10134', 'System settings'),
	(375, 1, '10135', 'Systemeinstellungen bearbeiten'),
	(376, 2, '10135', 'Edit system settings'),
	(377, 1, '10136', 'Bearbeiten Sie hier globale Einstellungen für das komplette System.'),
	(378, 2, '10136', 'Here you my edit global settings of the system.'),
	(379, 1, '10137', 'Aufgabenliste'),
	(380, 2, '10137', 'To do list'),
	(381, 1, '10138', 'Dies ist keine gültige Zahl.'),
	(382, 2, '10138', 'This is not a valid number.'),
	(383, 1, '10139', 'Standard Sprache'),
	(384, 2, '10139', 'Standard language'),
	(385, 1, '10140', 'Stellen Sie hier die Standard-Sprache des Systems ein'),
	(386, 2, '10140', 'Set the standard language of the system here'),
	(387, 1, '10141', 'Zugriff auf die Aufgabenliste'),
	(388, 2, '10141', 'Access to the to do list'),
	(389, 1, '10142', 'Bestimmt den Zugriff auf die Aufgabenliste'),
	(390, 2, '10142', 'Determines the access right to the to do list'),
	(391, 1, '10143', 'Gesperrte Setting IDs für Benutzer'),
	(392, 2, '10143', 'Blocked setting IDs for users'),
	(393, 1, '10144', 'Dies ist eine Reihe von Setting IDs, die Benutzer beim bearbeiten des eigenen Profils nicht ändern dürfen (Einzelne IDs werden durch Kommata getrennt!)'),
	(394, 2, '10144', 'This is a row of setting IDs that users may not change when editing their own profile (the single IDs are comma seperated)'),
	(395, 1, '10145', 'Zugriff auf den Kalender'),
	(396, 2, '10145', 'Access to the calendar'),
	(397, 1, '10146', 'Bestimmt den Zugriff auf den internen Kalender'),
	(398, 2, '10146', 'Determines the access right to the internal calendar'),
	(399, 1, '10147', 'Die Seite wurde nicht gefunden (404)'),
	(400, 2, '10147', 'The page was not found (404)'),
	(401, 1, '10148', 'Falsche Syntax (400)'),
	(402, 2, '10148', 'Wrong syntax (400)'),
	(403, 1, '10149', 'Sie haben keinen Zugriff auf diese Seite! (403)'),
	(404, 2, '10149', 'You are not authorised to access this page! (403)'),
	(405, 1, '10150', 'Interner Server-Fehler (500)'),
	(406, 2, '10150', 'Internal server error (500)'),
	(407, 1, '10151', 'Projekte'),
	(408, 2, '10151', 'Projects'),
	(409, 1, '10152', 'Zugriff auf die Projektverwaltung'),
	(410, 2, '10152', 'Access rights to the project management'),
	(411, 1, '10153', 'Hat dieser Benutzer Zugriff auf die interne Projektverwaltung?'),
	(412, 2, '10153', 'Does this user have access to the internal project management?'),
	(413, 1, '10154', 'Rechnungen, eingehend'),
	(414, 2, '10154', 'Invoices, incoming'),
	(415, 1, '10155', 'Rechnungen, ausgehend'),
	(416, 2, '10155', 'Invoices, outgoing'),
	(417, 1, '10156', 'Buchhaltung'),
	(418, 2, '10156', 'Accounting'),
	(419, 1, '10157', 'Zuriff auf Rechnungen'),
	(420, 2, '10157', 'Access to invoices'),
	(421, 1, '10158', 'Bestimmt den Zugriff auf eingehende und ausgehende Rechnungen'),
	(422, 2, '10158', 'Determines the right to access incoming and outgoing invoices'),
	(423, 1, '10159', 'Verbände'),
	(424, 2, '10159', 'Associations'),
	(425, 1, '10160', 'Zugriff auf die Kundenverwaltung'),
	(426, 2, '10160', 'Access to the client control center'),
	(427, 1, '10161', 'Bestimmt den Zugriff auf die interne Kundenverwaltung'),
	(428, 2, '10161', 'Determines the right to access the internal client control center'),
	(429, 1, '10162', 'Kundenverwaltung'),
	(430, 2, '10162', 'Client administration'),
	(431, 1, '10163', 'Dies ist eine Übersicht sämtlicher Kunden. Kundendetails können betrachtet und bearbeitet werden.'),
	(432, 2, '10163', 'This is an overview of all clients. You may view or edit their details here.'),
	(433, 1, '10164', 'Neuer Kunde'),
	(434, 2, '10164', 'New client'),
	(437, 1, '10166', 'Name'),
	(438, 2, '10166', 'Name'),
	(439, 1, '10167', 'Erstellt'),
	(440, 2, '10167', 'Created'),
	(441, 1, '10168', 'Kundendaten'),
	(442, 2, '10168', 'Client data'),
	(443, 1, '10169', 'Kundendaten betrachten'),
	(444, 2, '10169', 'View client data'),
	(445, 1, '10170', 'Kunde löschen'),
	(446, 2, '10170', 'Delete client'),
	(447, 1, '10171', 'Liste'),
	(448, 2, '10171', 'List'),
	(451, 1, '10172', ' -&amp;gt; '),
	(452, 2, '10172', ' -&amp;gt; '),
	(453, 3, '10172', ' -&amp;gt; '),
	(454, 4, '10172', ' -&amp;gt; '),
	(455, 1, '10173', 'Kundendaten'),
	(456, 2, '10173', 'Client data'),
	(457, 1, '10174', 'Adresse'),
	(458, 2, '10174', 'Address'),
	(459, 1, '10175', 'Strasse'),
	(460, 2, '10175', 'Street'),
	(461, 1, '10176', 'Postleitzahl und Ort'),
	(462, 2, '10176', 'ZIP code and city'),
	(463, 1, '10177', 'Land'),
	(464, 2, '10177', 'Country'),
	(465, 1, '10178', 'Adresse hinzufügen'),
	(466, 2, '10178', 'Add a new addres'),
	(467, 1, '10179', 'Entfernen'),
	(468, 2, '10179', 'Remove'),
	(469, 1, '10180', 'Kommentar hinzufügen'),
	(470, 2, '10180', 'Add comment'),
	(471, 1, '10181', 'Umsatzsteuer-Identifikationsnummer'),
	(472, 2, '10181', 'Value Added Tax Identification Number'),
	(479, 1, '10185', 'Eine Strasse oder ein Postfach'),
	(480, 2, '10185', 'A street or a postbox'),
	(485, 1, '10188', 'Kommentar'),
	(486, 2, '10188', 'Comment'),
	(487, 1, '10189', 'Ein optionaler Kommentar, falls Sonderfälle auftreten'),
	(488, 2, '10189', 'An optional comment field for special cases'),
	(491, 1, '10191', 'Spezifische Funktionen'),
	(492, 2, '10191', 'Specific functions'),
	(493, 1, '10192', 'Kommentare'),
	(494, 2, '10192', 'Comments'),
	(495, 1, '10193', 'Aktionen'),
	(496, 2, '10193', 'Actions'),
	(497, 1, '10194', 'Alles speichern'),
	(498, 2, '10194', 'Save all data'),
	(501, 1, '10196', 'Bearbeitungsmodus'),
	(502, 2, '10196', 'Edit mode'),
	(503, 1, '10197', 'Ansichtsmodus'),
	(504, 2, '10197', 'View mode'),
	(511, 1, '10201', 'Herr'),
	(512, 2, '10201', 'Mr.'),
	(513, 3, '10201', 'Mr.'),
	(514, 1, '10202', 'Frau'),
	(515, 2, '10202', 'Mrs.'),
	(516, 3, '10202', 'Mdm.'),
	(517, 1, '10203', '?'),
	(518, 2, '10203', '?'),
	(521, 1, '10205', 'Feld für Sonderfälle und Anmerkungen'),
	(522, 2, '10205', 'Field for special cases and annotations'),
	(523, 1, '10206', 'Kontaktinformation hinzufügen'),
	(524, 2, '10206', 'Add contact information'),
	(525, 1, '10207', 'Kontaktinformation'),
	(526, 2, '10207', 'Contact information'),
	(527, 1, '10208', 'E-Mail'),
	(528, 2, '10208', 'Email'),
	(529, 1, '10209', 'Festnetz'),
	(530, 2, '10209', 'Landline'),
	(531, 1, '10210', 'Mobil'),
	(532, 2, '10210', 'Mobile'),
	(533, 1, '10211', 'ICQ'),
	(534, 2, '10211', 'ICQ'),
	(535, 1, '10212', 'Skype'),
	(536, 2, '10212', 'Skype'),
	(537, 1, '10213', 'MSN'),
	(538, 2, '10213', 'MSN'),
	(539, 3, '10213', 'MSN'),
	(540, 1, '10214', 'AOL'),
	(541, 2, '10214', 'AOL'),
	(542, 1, '10215', 'Yahoo'),
	(543, 2, '10215', 'Yahoo'),
	(544, 1, '10216', 'Sonstige'),
	(545, 2, '10216', 'Other'),
	(552, 1, '10220', 'Titel im Header'),
	(553, 2, '10220', 'Title in the header'),
	(554, 1, '10221', 'Der Text, der in der Titelleiste des Browsers steht.'),
	(555, 2, '10221', 'The text standing in the title bar of the browser.'),
	(559, 1, '10222', 'Leider gab es ein Problem beim Speichern.'),
	(560, 2, '10222', 'Sadly, there was a problem while trying to save your data.'),
	(561, 1, '10223', 'Dieser Datensatz wurde nicht gefunden.'),
	(562, 2, '10223', 'This data set was not found.'),
	(563, 1, '10224', 'Bearbeitet'),
	(564, 2, '10224', 'Edited'),
	(565, 1, '10225', 'Kontaktinformation entfernen'),
	(566, 2, '10225', 'Remove contact information'),
	(567, 1, '10226', 'Wollen Sie diese Kontaktinformation wirklich entfernen?'),
	(568, 2, '10226', 'Do you really want to remove this contact information?'),
	(569, 1, '10227', 'Fax'),
	(570, 2, '10227', 'Fax'),
	(571, 1, '10228', 'Website'),
	(572, 2, '10228', 'Website'),
	(575, 1, '10230', 'Kommentar löschen'),
	(576, 2, '10230', 'Delete comment'),
	(577, 1, '10231', 'Wollen Sie diesen Kommentar wirklich löschen?'),
	(578, 2, '10231', 'Do you really want to delete this comment?'),
	(579, 1, '10232', 'Geschrieben von'),
	(580, 2, '10232', 'Written by'),
	(581, 1, '10233', 'Dieser Benutzer hat den Kommentar geschrieben'),
	(582, 2, '10233', 'This user wrote this comment'),
	(583, 1, '10234', 'Titel'),
	(584, 2, '10234', 'Title'),
	(585, 1, '10235', 'Der Titel des Kommentars'),
	(586, 2, '10235', 'The title of this comment'),
	(587, 1, '10236', 'Inhalt'),
	(588, 2, '10236', 'Content'),
	(589, 1, '10237', 'Der Verfasser existiert nicht mehr.'),
	(590, 2, '10237', 'The creator does not exist anymore.'),
	(591, 1, '10238', 'Der Fremdschlüssel muss gesetzt sein!'),
	(592, 2, '10238', 'The foreign key must be set!'),
	(593, 1, '10239', 'Standard-Format: Zeit'),
	(594, 2, '10239', 'Standard format: Time'),
	(595, 1, '10240', 'Diese Einstellung besagt, in welches Format UNIX-Zeitstempel für Uhrzeiten standardmäßig umgewandelt werden. Die Syntax des Formats entspricht der von der PHP-Funktion date().'),
	(596, 2, '10240', 'This setting defines how UNIX timestamps are converted to a human readable time by default. The syntax of the format matches that of the PHP function date().'),
	(597, 1, '10241', 'Standard-Format: Datum'),
	(598, 2, '10241', 'Standard format: Date'),
	(599, 1, '10242', 'Diese Einstellung besagt, in welches Format UNIX-Zeitstempel für ein Datum standardmäßig umgewandelt werden. Die Syntax des Formats entspricht der von der PHP-Funktion date().'),
	(600, 2, '10242', 'This setting defines how UNIX timestamps are converted to a human readable date by default. The syntax of the format matches that of the PHP function date().'),
	(601, 1, '10243', 'Format: Zeit'),
	(602, 2, '10243', 'Format: time'),
	(603, 1, '10244', 'Diese Einstellung besagt, in welches Format UNIX-Zeitstempel für Uhrzeiten umgewandelt werden. Die Syntax des Formats entspricht der von der PHP-Funktion date().'),
	(604, 2, '10244', 'This setting defines how UNIX timestamps are converted to a human readable time. The syntax of the format matches that of the PHP function date().'),
	(605, 1, '10245', 'Format: Datum'),
	(606, 2, '10245', 'Format: Date'),
	(607, 1, '10246', 'Diese Einstellung besagt, in welches Format UNIX-Zeitstempel für Uhrzeiten umgewandelt werden. Die Syntax des Formats entspricht der von der PHP-Funktion date().'),
	(608, 2, '10246', 'This setting defines how UNIX timestamps are converted to a human readable date. The syntax of the format matches that of the PHP function date().'),
	(613, 1, '10249', 'Bearbeitungsmodus'),
	(614, 2, '10249', 'Edit mode'),
	(641, 1, '10250', 'Zugriff auf die Benutzerverwaltung'),
	(642, 2, '10250', 'Access to the user management'),
	(643, 1, '10251', 'Hat dieser Benutzer das Recht, die Einstellungen anderer Benutzer zu bearbeiten?'),
	(644, 2, '10251', 'Does this user have the right to edit other user\\\'s settings?'),
	(645, 1, '10252', 'Galerie'),
	(646, 2, '10252', 'Gallery'),
	(647, 1, '10253', 'News'),
	(648, 2, '10253', 'News'),
	(649, 1, '10254', 'Trainingszeiten'),
	(650, 2, '10254', 'Training times'),
	(651, 1, '10255', 'Zugriff auf die Neuigkeiten'),
	(652, 2, '10255', 'Access to the news'),
	(653, 1, '10256', 'Hat dieser Benutzer das Recht, Neuigkeiten zu verfassen, zu bearbeiten und zu löschen?'),
	(654, 2, '10256', 'Does this user have the right to add, edit and delete news entries?'),
	(655, 1, '10257', 'Zugriff auf die Galerie'),
	(656, 2, '10257', 'Access to the gallery'),
	(657, 1, '10258', 'Hat dieser Benutzer das Recht, Bilder-Galerien anzulegen und zu bearbeiten?'),
	(658, 2, '10258', 'Does this user have the right to add, edit or delete galleries?'),
	(659, 1, '10259', 'Zugriff auf die Trainingszeiten'),
	(660, 2, '10259', 'Access to the training times'),
	(661, 1, '10260', 'Hat dieser Benutzer das Recht, die Trainingszeiten zu bearbeiten?'),
	(662, 2, '10260', 'Does this user have the rights to edit the training times?'),
	(663, 1, '10261', 'Verwalten Sie hier die Bildergalerien der Webseite und laden Sie Bilder hoch.'),
	(664, 2, '10261', 'Here you may edit the website\\\'s gallery and upload images.'),
	(665, 1, '10262', 'Liste der Galerien'),
	(666, 2, '10262', 'List of gallerys'),
	(667, 1, '10263', 'Neue Galerie anlegen'),
	(668, 2, '10263', 'Add a new gallery'),
	(669, 1, '10264', 'Anzahl Bilder'),
	(670, 2, '10264', 'Number of images'),
	(671, 1, '10265', 'Galerie bearbeiten'),
	(672, 2, '10265', 'Edit gallery'),
	(673, 1, '10266', 'Galerie anlegen'),
	(674, 2, '10266', 'Adding a gallery'),
	(675, 1, '10267', 'Der Name der Galerie'),
	(676, 2, '10267', 'The name of this gallery'),
	(677, 1, '10268', 'Beschreibung'),
	(678, 2, '10268', 'Description'),
	(679, 1, '10269', 'Beschreiben Sie den Inhalt dieser Galerie mit ein paar Worten.'),
	(680, 2, '10269', 'Describe the content of this gallery in a few words.'),
	(681, 1, '10270', 'Anlegen'),
	(682, 2, '10270', 'Add'),
	(683, 1, '10271', 'Wollen Sie diese Galerie und den kompletten Inhalt wirklich löschen?'),
	(684, 2, '10271', 'Do you really want to delete this gallery and all of its content?'),
	(685, 1, '10272', 'Informationen &amp;amp; Support'),
	(686, 2, '10272', 'Information &amp;amp; support'),
	(687, 1, '10273', 'Sonstiges'),
	(688, 2, '10273', 'Various'),
	(689, 1, '10274', 'Kein Titel'),
	(690, 2, '10274', 'No title'),
	(691, 1, '10275', 'Die Sprache dieser Galerieinformationen'),
	(692, 2, '10275', 'The language of this gallery info'),
	(693, 1, '10276', 'Informationen in einer anderen Sprache hinzufügen'),
	(694, 2, '10276', 'Add information in another language'),
	(695, 1, '10277', 'Galerieinformationen'),
	(696, 2, '10277', 'Gallery information'),
	(697, 1, '10278', 'Bitte Sprache wählen'),
	(698, 2, '10278', 'Please select the language'),
	(699, 1, '10279', 'Hinzufügen'),
	(700, 2, '10279', 'Add'),
	(701, 1, '10280', 'Sprache hinzufügen:'),
	(702, 2, '10280', 'Add language:'),
	(703, 1, '10281', 'Wollen Sie diesen Titel wirklich löschen?'),
	(704, 2, '10281', 'Do you really want to delete this title?'),
	(705, 1, '10282', 'Beschreibung:'),
	(706, 2, '10282', 'Description:'),
	(707, 1, '10283', 'Bilder hochladen'),
	(708, 2, '10283', 'Upload images'),
	(709, 1, '10284', 'Bilder bearbeiten'),
	(710, 2, '10284', 'Edit images'),
	(711, 1, '10285', 'Upload-Ordner für Bilder der Galerie'),
	(712, 2, '10285', 'Upload folder for the gallery'),
	(713, 1, '10286', 'In diesem Ordner werden hochgeladene Bilder gespeichert.'),
	(714, 2, '10286', 'This is the folder where uploaded images are being saved to.'),
	(715, 1, '10287', 'Keine Beschreibung vorhanden'),
	(716, 2, '10287', 'No description available'),
	(717, 1, '10288', 'Laden Sie hier Ihre Bilder hoch. Sie können mehrere Dateien gleichzeitig auswählen.'),
	(718, 2, '10288', 'Upload your images here. You may select multiple files to upload them simultaneously.'),
	(719, 1, '10289', 'Bitte aktivieren Sie JavaScript, um diese Funktion verwenden zu können.'),
	(720, 2, '10289', 'Please activate JavaScript to be able to use this feature.'),
	(721, 1, '10290', 'Ziehen Sie eine Datei hier hin, um die Übertragung zu starten.'),
	(722, 2, '10290', 'Drag and drop a file to this area to start transferring it.'),
	(723, 1, '10291', 'Dateien zum Hochladen auswählen'),
	(724, 2, '10291', 'Choose files to upload'),
	(725, 1, '10292', 'Fehlgeschlagen'),
	(726, 2, '10292', 'Failed'),
	(727, 1, '10293', 'von'),
	(728, 2, '10293', 'of'),
	(729, 1, '10294', 'Diese Datei wurde nicht gefunden.'),
	(730, 2, '10294', 'This file was not found.'),
	(731, 1, '10295', 'Nummer'),
	(732, 2, '10295', 'Item'),
	(733, 1, '10296', 'Die ausgewählten Bilder:'),
	(734, 2, '10296', 'Selected images:'),
	(735, 1, '10297', 'Löschen'),
	(736, 2, '10297', 'Delete'),
	(737, 1, '10298', 'Wollen Sie die ausgewählten Bilder wirklich löschen?'),
	(738, 2, '10298', 'Do you really want to delete the selected images?'),
	(739, 1, '10299', 'Bildreihenfolge speichern'),
	(740, 2, '10299', 'Save image order'),
	(741, 1, '10300', 'Galerie löschen'),
	(742, 2, '10300', 'Delete gallery'),
	(743, 1, '10301', 'Der Schlüssel nach dem sortiert werden soll, ist nicht definiert.'),
	(744, 2, '10301', 'The key to sort by is not set.'),
	(745, 1, '10302', 'Verwalten Sie hier die Neugikeiten der Webseite.'),
	(746, 2, '10302', 'Manage the news section of your website here.'),
	(747, 1, '10303', 'Übersicht'),
	(748, 2, '10303', 'Overview'),
	(749, 1, '10304', 'Neuigkeit verfassen'),
	(750, 2, '10304', 'Write new entry'),
	(751, 1, '10305', 'Wollen Sie diesen Eintrag wirklich löschen?'),
	(752, 2, '10305', 'Do you really want to delete this entry?'),
	(753, 1, '10306', 'Eintrag erstellt:'),
	(754, 2, '10306', 'Entry created:'),
	(755, 1, '10307', 'Eintrag bearbeiten'),
	(756, 2, '10307', 'Edit entry'),
	(757, 1, '10308', 'Eintrag löschen'),
	(758, 2, '10308', 'Delete entry'),
	(759, 1, '10309', 'Einen neuen Eintrag verfassen'),
	(760, 2, '10309', 'Write a new entry'),
	(761, 1, '10310', 'Dies ist die Überschrift der Neuigkeit.'),
	(762, 2, '10310', 'This is the caption of the news entry.'),
	(763, 1, '10311', 'Die Sprache, in der Sie diesen Eintrag verfassen.'),
	(764, 2, '10311', 'The language you are writing this entry in.'),
	(765, 1, '10312', 'Schreiben Sie hier, was Sie loswollen möchten.'),
	(766, 2, '10312', 'Write here what you want to tell the world about.'),
	(767, 1, '10313', 'Bitte füllen Sie alle Felder aus.'),
	(768, 2, '10313', 'Please fill out all fields.'),
	(769, 1, '10314', 'Inhalte verwalten'),
	(770, 2, '10314', 'Content management'),
	(771, 1, '10315', 'Zugriff auf das Content Management System'),
	(772, 2, '10315', 'Access to the Content Management System'),
	(773, 1, '10316', 'Darf dieser Benutzer neue Seiten anlegen oder bestehende löschen?'),
	(774, 2, '10316', 'May this user add new or delete existing contents?'),
	(775, 1, '10317', 'Content Management System'),
	(776, 2, '10317', 'Content Management System'),
	(777, 1, '10318', 'Verwalten Sie heir die Inhalte Ihrer Webseite.'),
	(778, 2, '10318', 'Manage the contents of your website here.'),
	(779, 1, '10319', 'Liste der Inhalte'),
	(780, 2, '10319', 'List of contents'),
	(781, 1, '10320', 'Neuer Inhalt'),
	(782, 2, '10320', 'New content'),
	(783, 1, '10321', 'Inhalt'),
	(784, 2, '10321', 'Content'),
	(785, 1, '10322', 'Wollen Sie diesen Inhalt wirklich löschen?'),
	(786, 2, '10322', 'Do you really want to delete this content?'),
	(787, 1, '10323', 'Inhalt bearbeiten'),
	(788, 2, '10323', 'Edit content'),
	(789, 1, '10324', 'Sprache wählen:'),
	(790, 2, '10324', 'Select language:'),
	(791, 1, '10325', 'Erscheint als Überschrift.'),
	(792, 2, '10325', 'Appears as caption.'),
	(793, 1, '10326', 'Inhalt löschen'),
	(794, 2, '10326', 'Delete content'),
	(797, 1, '10328', 'Lizenzinformationen'),
	(798, 2, '10328', 'License information'),
	(799, 1, '10329', 'Informationen'),
	(800, 2, '10329', 'Information'),
	(803, 1, '10331', 'Frontend-Titel'),
	(804, 2, '10331', 'Frontend title'),
	(805, 1, '10332', 'Dieser Titel erscheint im Frontend in der Titelleiste des Browsers'),
	(806, 2, '10332', 'This title appears in the browser\\\'s title bar at frontend area of the website'),
	(807, 1, '10333', 'Titel im Header - Frontbereich'),
	(808, 2, '10333', 'Title of the header - Front area'),
	(809, 1, '10334', 'Der Titel, der im Header-Bereich des Frontends dieser Seite steht. '),
	(810, 2, '10334', 'The title standing in the header area of this website\\\'s frontend area'),
	(811, 1, '10335', 'Startseite'),
	(812, 2, '10335', 'Index page'),
	(813, 1, '10336', 'Standard Sprache - Frontend'),
	(814, 2, '10336', 'Standard language - Frontend areay'),
	(815, 1, '10337', 'Stellen Sie hier die Standard-Sprache des Frontbereichs ein'),
	(816, 2, '10337', 'Set the standard language of the frontend area here'),
	(817, 1, '10338', 'Bilder'),
	(818, 2, '10338', 'Images'),
	(819, 1, '10339', 'Schwarzes Brett'),
	(820, 2, '10339', 'Bulletin board'),
	(821, 1, '10340', 'Enthält'),
	(822, 2, '10340', 'Contains'),
	(823, 1, '10341', 'Bilder'),
	(824, 2, '10341', 'images'),
	(825, 1, '10342', 'Galerie öffnen'),
	(826, 2, '10342', 'Open gallery'),
	(827, 1, '10343', 'Zurück zur Übersicht'),
	(828, 2, '10343', 'Go back to the overview'),
	(829, 1, '10344', 'Klicken Sie auf die Bilder, um Sie zu vergrößern.'),
	(830, 2, '10344', 'Click the pictures to enlarge them.'),
	(831, 1, '10345', 'Willkommen im Administrationsbereich, verwalten Sie hier Ihre Webseite!'),
	(832, 2, '10345', 'Welcome to the administration area - Manage your website here!'),
	(833, 1, '10346', 'Eintrag bearbeiten'),
	(834, 2, '10346', 'Edit entry'),
	(835, 1, '10347', 'Neuer Eintrag'),
	(836, 2, '10347', 'New entry'),
	(839, 1, '10348', 'Bearbeiten Sie hier die Einträge des Kalenders.'),
	(840, 2, '10348', 'Edit the entries of the calendar here.'),
	(841, 1, '10349', 'List der Einträge'),
	(842, 2, '10349', 'List of entries'),
	(843, 1, '10350', 'Zusätzliche Informationen (optional)'),
	(844, 2, '10350', 'Additional information (optional)'),
	(845, 1, '10351', 'Datum'),
	(846, 2, '10351', 'Date'),
	(847, 1, '10352', 'Wählen Sie hier das Datum für diesen Termin aus'),
	(848, 2, '10352', 'Please pick the date for this calendar entry'),
	(849, 1, '10353', 'Sonntag'),
	(850, 2, '10353', 'Sunday'),
	(851, 1, '10354', 'Montag'),
	(852, 2, '10354', 'Monday'),
	(853, 1, '10355', 'Dienstag'),
	(854, 2, '10355', 'Tuesday'),
	(855, 1, '10356', 'Mittwoch'),
	(856, 2, '10356', 'Wednesday'),
	(857, 1, '10357', 'Donnerstag'),
	(858, 2, '10357', 'Thursday'),
	(859, 1, '10358', 'Freitag'),
	(860, 2, '10358', 'Friday'),
	(861, 1, '10359', 'Samstag'),
	(862, 2, '10359', 'Saturday'),
	(877, 1, '10367', 'Januar'),
	(878, 2, '10367', 'January'),
	(879, 1, '10368', 'Februar'),
	(880, 2, '10368', 'February'),
	(881, 1, '10369', 'März'),
	(882, 2, '10369', 'March'),
	(883, 1, '10370', 'April'),
	(884, 2, '10370', 'April'),
	(885, 1, '10371', 'Mai'),
	(886, 2, '10371', 'May'),
	(887, 1, '10372', 'Juni'),
	(888, 2, '10372', 'June'),
	(889, 1, '10373', 'Juli'),
	(890, 2, '10373', 'July'),
	(891, 1, '10374', 'August'),
	(892, 2, '10374', 'August'),
	(893, 1, '10375', 'September'),
	(894, 2, '10375', 'September'),
	(895, 1, '10376', 'Oktober'),
	(896, 2, '10376', 'October'),
	(897, 1, '10377', 'November'),
	(898, 2, '10377', 'November'),
	(899, 1, '10378', 'Dezember'),
	(900, 2, '10378', 'December'),
	(901, 1, '10379', 'Weiter'),
	(902, 2, '10379', 'Next'),
	(903, 1, '10380', 'Zurück'),
	(904, 2, '10380', 'Previous'),
	(905, 1, '10381', 'Erster Tag der Woche'),
	(906, 2, '10381', 'First day of the week'),
	(907, 1, '10382', 'Bitte geben Sie hier an, mit welchem Tag in Ihrem Land eine neue Woche beginnt.'),
	(908, 2, '10382', 'Please specify here the first day of a new week in your country.'),
	(909, 1, '10383', 'Fehler: Bitte wählen Sie ein Datum.'),
	(910, 2, '10383', 'Error: Please choose a date.'),
	(911, 1, '10384', 'Uhrzeit'),
	(912, 2, '10384', 'Time'),
	(913, 1, '10385', 'Geben Sie hier eine Uhrzeit an.'),
	(914, 2, '10385', 'Please enter a time.'),
	(915, 1, '10386', 'Ganztägig?'),
	(916, 2, '10386', 'Whole day?'),
	(917, 1, '10387', 'Dauert dieser Termin den ganzen Tag oder beginnt er zu einer festen Uhrzeit?'),
	(918, 2, '10387', 'Does this entry take place all-day long or does it have a fixed time?'),
	(919, 1, '10388', 'am'),
	(920, 2, '10388', 'am'),
	(921, 1, '10389', 'pm'),
	(922, 2, '10389', 'pm'),
	(923, 1, '10390', 'Zukünftige Termine anzeigen'),
	(924, 2, '10390', 'Show future appointments'),
	(925, 1, '10391', 'Vergangene Termine anzeigen'),
	(926, 2, '10391', 'Show past appointments'),
	(927, 1, '10392', 'Zukünftige Termine'),
	(928, 2, '10392', 'Future appointments'),
	(929, 1, '10393', 'Vergangene Termine'),
	(930, 2, '10393', 'Past appointments'),
	(931, 1, '10394', 'Angebote anzeigen'),
	(932, 2, '10394', 'Show all offers'),
	(933, 1, '10395', 'Gesuche anzeigen'),
	(934, 2, '10395', 'Show searches'),
	(935, 1, '10396', 'Einen eigenen Eintrag erstellen'),
	(936, 2, '10396', 'Create your own entry'),
	(937, 1, '10397', 'Ihr Eintrag'),
	(938, 2, '10397', 'Your entry'),
	(939, 1, '10398', 'Art:'),
	(940, 2, '10398', 'Type:'),
	(941, 1, '10399', 'Ihre E-Mail-Adresse:'),
	(942, 2, '10399', 'Your email:'),
	(943, 1, '10400', 'Ihr Name:'),
	(944, 2, '10400', 'Your name:'),
	(945, 1, '10401', 'Titel des Eintrags:'),
	(946, 2, '10401', 'Title of your entry:'),
	(947, 1, '10402', 'Angebot'),
	(948, 2, '10402', 'Offer'),
	(949, 1, '10403', 'Gesuch'),
	(950, 2, '10403', 'Search'),
	(951, 1, '10404', 'Ihren Eintrag jetzt anlegen'),
	(952, 2, '10404', 'Save your new entry now'),
	(953, 1, '10405', 'Fügen Sie bitte hier noch eine detaillierte Beschreibung Ihres Anliegens ein:'),
	(954, 2, '10405', 'Please enter a detailled description for your entry below:'),
	(955, 1, '10406', 'Bitte geben Sie eine gültige E-Mail-Adresse ein.'),
	(956, 2, '10406', 'Please enter a valid email address.'),
	(957, 1, '10407', 'Bitte füllen Sie alle Felder aus.'),
	(958, 2, '10407', 'Please fill out every single field.'),
	(959, 1, '10408', 'Ihre Daten werden übertragen...'),
	(960, 2, '10408', 'Transferring your data...'),
	(961, 1, '10409', 'Keine gültige ID'),
	(962, 2, '10409', 'Invalid ID'),
	(963, 1, '10410', 'Schwarzes Brett - E-Mail-Absender'),
	(964, 2, '10410', 'Bulletin board - email sender'),
	(965, 1, '10411', 'Eine E-Mail-Adresse, von der aus E-Mails des schwarzen Bretts versendet werden'),
	(966, 2, '10411', 'An email address from which emails concerning the bulletin board are being sent from'),
	(967, 1, '10412', 'Schwarzes Brett - E-Mail-Absender Name'),
	(968, 2, '10412', 'Bulletin board - email sender name'),
	(969, 1, '10413', 'Ein Name, der neben der angegebenen E-Mail-Adresse erscheint'),
	(970, 2, '10413', 'A name that appears next to the specified related email address'),
	(971, 1, '10414', 'Ihr Eintrag auf unserem schwarzen Brett'),
	(972, 2, '10414', 'Your entry on our bulletin board'),
	(973, 1, '10415', 'Guten Tag,\n\n\nSie haben vor kurzem einen Eintrag auf unserem schwarzen Brett hinterlassen.'),
	(974, 2, '10415', 'Hello,\n\n\nyou recently made an entry on our bulletin board.'),
	(975, 1, '10416', '\nDamit Ihr Eintrag aktiviert wird, verwenden Sie bitte '),
	(976, 2, '10416', '\nTo activate your entry, please '),
	(977, 1, '10417', 'diesen Link'),
	(978, 2, '10417', 'this link'),
	(983, 1, '10420', '\n\nDamit Ihr Eintrag aktiviert wird, verwenden Sie bitte diesen Link, indem Sie ihn in Ihre Adresseleiste des Browsers kopieren:\n'),
	(984, 2, '10420', '\n\nTo activate your entry, please use this link by copying and pasting this link to the address bar of your browser:\n'),
	(989, 1, '10423', 'Zum schwarzen Brett'),
	(990, 2, '10423', 'To the bulletin board'),
	(991, 1, '10424', 'Dieser Eintrag wurde nicht gefunden oder bereits aktiviert.'),
	(992, 2, '10424', 'This entry was not found or already activated.'),
	(993, 1, '10425', 'Eintrag löschen'),
	(994, 2, '10425', 'Delete entry'),
	(995, 1, '10426', 'Dieser Eintrag wurde nicht gefunden oder bereits gelöscht.'),
	(996, 2, '10426', 'This entry was not found or already deleted.'),
	(997, 1, '10427', 'Ihre E-Mail-Adresse'),
	(998, 2, '10427', 'Your email address'),
	(999, 1, '10428', 'Eintrag wurde erfolgreich gelöscht.'),
	(1000, 2, '10428', 'Your entry has been successfully deleted.'),
	(1001, 1, '10429', 'Einträge'),
	(1002, 2, '10429', 'Entries'),
	(1003, 1, '10430', 'Momentan sind hier keine Einträge vorhanden.'),
	(1004, 2, '10430', 'At the moment, there are no entries.'),
	(1005, 1, '10431', 'Details anzeigen'),
	(1006, 2, '10431', 'Show details'),
	(1007, 1, '10432', 'Details verbergen'),
	(1008, 2, '10432', 'Hide details'),
	(1009, 1, '10433', 'Eintrag eingestellt: '),
	(1010, 2, '10433', 'Entry activated: '),
	(1011, 1, '10434', 'Gesuch: '),
	(1012, 2, '10434', 'Search: '),
	(1013, 1, '10435', 'Angebot: '),
	(1014, 2, '10435', 'Offer: '),
	(1015, 1, '10436', 'von'),
	(1016, 2, '10436', 'by'),
	(1017, 1, '10437', 'Kontakt: '),
	(1018, 2, '10437', 'Contact: '),
	(1019, 1, '10438', 'Zugriff auf das schwarze Brett'),
	(1020, 2, '10438', 'Access to the bulletin board'),
	(1021, 1, '10439', 'Hat dieser Benutzer das Recht, Einträge des schwarzen Bretts zu verwalten?'),
	(1022, 2, '10439', 'Does this user have to right to manage entries of the bulletin board?'),
	(1023, 1, '10440', 'Verwalten Sie hier die verschiedenen Einträge des schwarzen Bretts.'),
	(1024, 2, '10440', 'Manage here the various entries of the bulletin board.'),
	(1025, 1, '10441', 'Aktiviert?'),
	(1026, 2, '10441', 'Activated?'),
	(1027, 1, '10442', 'Liste der Einträge'),
	(1028, 2, '10442', 'List of entries'),
	(1029, 1, '10443', 'Autor'),
	(1030, 2, '10443', 'Author'),
	(1031, 1, '10444', 'Bands verwalten'),
	(1032, 2, '10444', 'Band management'),
	(1033, 1, '10445', 'Verwalten Sie hier Ihre Bands.'),
	(1034, 2, '10445', 'Manage your bands here.'),
	(1035, 1, '10446', 'Liste der Bands'),
	(1036, 2, '10446', 'List of bands'),
	(1037, 1, '10447', 'Neue Band'),
	(1038, 2, '10447', 'New band'),
	(1039, 1, '10448', 'Band bearbeiten'),
	(1040, 2, '10448', 'Edit band'),
	(1043, 1, '10450', 'Kontaktformular - E-Mail-Adresse'),
	(1044, 2, '10450', 'Contact form - Email address'),
	(1045, 1, '10451', 'An welche E-Mail-Adresse soll das Formular gesendet werden?'),
	(1046, 2, '10451', 'To which email address shall the form be sent to?'),
	(1047, 1, '10452', 'Kontaktformular - E-Mail Titel'),
	(1048, 2, '10452', 'Contact form - Email title'),
	(1051, 1, '10454', 'Ihr Anliegen:'),
	(1052, 2, '10454', 'Your concern:'),
	(1053, 1, '10455', 'Das Formular abschicken'),
	(1054, 2, '10455', 'Send your concern'),
	(1055, 1, '10456', 'Halllo,\n\njemand hat das Kontaktformular auf Ihrer Webseite ausgefüllt.\n\nHier sind alle Angaben:\n\n'),
	(1056, 2, '10456', 'Hello,\n\nsomeone filled out the contact form on your website.\n\nHere comes the form:\n\n'),
	(1057, 1, '10457', 'Name: '),
	(1058, 2, '10457', 'Name: '),
	(1059, 1, '10458', 'E-Mail-Adresse: '),
	(1060, 2, '10458', 'Email address:'),
	(1061, 1, '10459', '\nAnliegen: '),
	(1062, 2, '10459', '\nTitle: '),
	(1063, 1, '10460', '\n\nInhalt: \n'),
	(1064, 2, '10460', '\n\nContent: \n'),
	(1065, 1, '10461', '\n\nIP-Adresse: '),
	(1066, 2, '10461', '\n\nIP address: '),
	(1067, 1, '10462', 'Ihr Nachricht wurde erfolgreich gesendet.'),
	(1068, 2, '10462', 'Your message was successfully sent.'),
	(1071, 1, '10464', 'Webseite'),
	(1072, 2, '10464', 'Website'),
	(1073, 1, '10465', 'Eingesetzte Technologien'),
	(1074, 2, '10465', 'Used technologies'),
	(1075, 1, '10466', 'Weitere Informationen'),
	(1076, 2, '10466', 'More information'),
	(1077, 1, '10467', 'Alle Rechte vorbehalten'),
	(1078, 2, '10467', 'All rights reserved'),
	(1079, 1, '10468', 'Was wir Ihnen bieten'),
	(1080, 2, '10468', 'What we do'),
	(1081, 1, '10469', 'Geschichte der Firma'),
	(1082, 2, '10469', 'Company history'),
	(1083, 1, '10470', 'Das Impressum'),
	(1084, 2, '10470', 'The imprint'),
	(1085, 1, '10471', 'Kontaktformular'),
	(1086, 2, '10471', 'Contact form'),
	(1087, 1, '10472', 'Betreff'),
	(1088, 2, '10472', 'Subject'),
	(1089, 1, '10473', 'Absenden'),
	(1090, 2, '10473', 'Send form'),
	(1091, 1, '10474', 'Hinweis: Wenn Sie planen uns persönlich zu besuchen, so vereinbaren Sie bitte vorher einen Termin.'),
	(1092, 2, '10474', 'Note: If you plan to visit us in person, please arrange an appointment before.'),
	(1093, 1, '10475', 'Ihre Nachricht wird gesendet...'),
	(1094, 2, '10475', 'Your message is being sent...'),
	(1095, 1, '10476', 'Ihre Nachricht wurde erfolgreich gesendet.'),
	(1096, 2, '10476', 'Your message was successfully sent.'),
	(1099, 1, '10478', 'Erneut versuchen'),
	(1100, 2, '10478', 'Try again'),
	(1109, 1, '10479', 'Der Benutzer wurde gelöscht.'),
	(1110, 2, '10479', 'The user was deleted.'),
	(1111, 1, '10480', 'Allgemein'),
	(1112, 2, '10480', 'General'),
	(1113, 1, '10481', 'Debug-Modus'),
	(1114, 2, '10481', 'Debug mode'),
	(1115, 1, '10482', 'Befindet sich das System im Debug-Modus, werden u.a. erweiterte Fehlermeldungen agezeigt.'),
	(1116, 2, '10482', 'If the system is in debug mode, e.g. advanced error messages will be displayed.'),
	(1117, 1, '10483', 'Einstellungen gespeichert.'),
	(1118, 2, '10483', 'Settings saved.'),
	(1119, 1, '10484', 'Konnte nicht gespeichert werden.'),
	(1120, 2, '10484', 'Could not be saved.'),
	(1121, 1, '10485', 'Kürzel'),
	(1122, 2, '10485', 'Shortcut'),
	(1123, 1, '10486', 'Telefonnummer'),
	(1124, 2, '10486', 'Phone number'),
	(1125, 1, '10487', 'Verbandadministrator'),
	(1126, 2, '10487', 'Association administrator'),
	(1127, 1, '10488', 'Ist dieser Benutzer ein Administrator eines Verbands?'),
	(1128, 2, '10488', 'Is this user an administrator of an association?'),
	(1129, 1, '10489', 'Der Verband wurde erfolgreich gelöscht.'),
	(1130, 2, '10489', 'The association was suxxessfully deleted.'),
	(1131, 1, '10490', 'Neuer Verband'),
	(1132, 2, '10490', 'New association'),
	(1134, 1, '10491', 'Daten importieren'),
	(1135, 2, '10491', 'Daten exportieren'),
	(1136, 1, '10492', 'Daten exportieren'),
	(1137, 2, '10492', 'Export data'),
	(1138, 1, '10493', 'Liste aller Verbände'),
	(1139, 2, '10493', 'List of all associations'),
	(1140, 1, '10494', 'Suchbegriff'),
	(1141, 2, '10494', 'Search term'),
	(1142, 1, '10495', 'Schließen'),
	(1143, 2, '10495', 'Close'),
	(1144, 1, '10496', 'Verband bearbeiten'),
	(1145, 2, '10496', 'Edit association'),
	(1146, 1, '10497', 'Verband gespeichert'),
	(1147, 2, '10497', 'Association saved'),
	(1148, 1, '10498', 'Der Verband wurde gespeichert.'),
	(1149, 2, '10498', 'The association has been saved.'),
	(1150, 1, '10499', 'Verband bearbeiten'),
	(1151, 2, '10499', 'Edit association'),
	(1152, 1, '10500', 'Verband löschen'),
	(1153, 2, '10500', 'Delete association'),
	(1154, 1, '10501', 'Möchten Sie diesen Verband wirklich löschen?'),
	(1155, 2, '10501', 'Do you really want to delete this association?'),
	(1156, 1, '10502', 'Es gab einen Fehler beim Löschen des Eintrags.'),
	(1157, 2, '10502', 'There was an error while deleting the entry.'),
	(1158, 1, '10503', 'Der Initial-Import ist momentan deaktiviert.'),
	(1159, 2, '10503', 'The initial import functionality is currently disabled.'),
	(1160, 1, '10504', 'Bitte melden Sie sich an, um fortzufahren.'),
	(1161, 2, '10504', 'Please log in to proceed.'),
	(1162, 1, '10505', 'Der Verband konnte nicht gefunden werden.'),
	(1163, 2, '10505', 'The association could not be found.'),
	(1164, 1, '10506', 'Die Datei \\"%\\" existiert nicht.'),
	(1165, 2, '10506', 'The file \\"%\\" does not exist.'),
	(1166, 1, '10507', 'Es gab einen Fehler beim Import: \\"%\\"'),
	(1167, 2, '10507', 'There was a problem with the import: \\"%\\"'),
	(1168, 1, '10508', 'Der Import von %1 Einträgen in den Verband \\"%2\\" wurde erfolgreich abgeschlossen. Dauer: %3 ms.'),
	(1169, 2, '10508', 'The import of %1 entries to the association \\"%2\\" was completed successfully. Time taken: %3 ms.'),
	(1170, 1, '10509', 'Mitglieder'),
	(1171, 2, '10509', 'Members'),
	(1172, 1, '10510', 'Mitglieder-Liste des Verbands %'),
	(1173, 2, '10510', 'Member list of the association %'),
	(1174, 1, '10511', 'Neues Mitglied'),
	(1175, 2, '10511', 'New member'),
	(1176, 1, '10512', 'Adresse'),
	(1177, 2, '10512', 'Address'),
	(1178, 1, '10513', 'Kontaktperson'),
	(1179, 2, '10513', 'Contact person'),
	(1180, 1, '10514', 'Firma'),
	(1181, 2, '10514', 'Company'),
	(1182, 1, '10515', 'Deutsch'),
	(1183, 2, '10515', 'German'),
	(1184, 1, '10516', 'Italienisch'),
	(1185, 2, '10516', 'Italian'),
	(1186, 1, '10517', 'Englisch'),
	(1187, 2, '10517', 'English'),
	(1188, 1, '10518', 'Französisch'),
	(1189, 2, '10518', 'French'),
	(1190, 1, '10519', 'Details ein-/ausblenden'),
	(1191, 2, '10519', 'Show/hide details'),
	(1192, 1, '10520', 'Mitglied bearbeiten'),
	(1193, 2, '10520', 'Edit member'),
	(1194, 1, '10521', 'Weitere Informationen'),
	(1195, 2, '10521', 'Further information'),
	(1196, 1, '10522', 'Status'),
	(1197, 2, '10522', 'Status'),
	(1198, 1, '10523', 'Aktiv'),
	(1199, 2, '10523', 'Aktiv'),
	(1200, 1, '10524', 'Inaktiv'),
	(1201, 2, '10524', 'Inactive'),
	(1202, 1, '10525', 'Seit'),
	(1203, 2, '10525', 'Since'),
	(1206, 1, '10526', 'Verbandsmitglied-Nummer'),
	(1207, 2, '10526', 'Association member number'),
	(1208, 1, '10527', 'ID'),
	(1209, 2, '10527', 'ID'),
	(1210, 1, '10528', 'Mitglied seit'),
	(1211, 2, '10528', 'Member since'),
	(1212, 1, '10529', 'Geburtsdatum'),
	(1213, 2, '10529', 'Date of birth'),
	(1214, 1, '10530', 'Kunden-Segment'),
	(1215, 2, '10530', 'Customer segment'),
	(1216, 1, '10531', 'CMA'),
	(1217, 2, '10531', 'CMA'),
	(1218, 1, '10532', 'Keine gültige Verband-ID'),
	(1219, 2, '10532', 'Invalid acossiation ID'),
	(1220, 1, '10533', 'SCN'),
	(1221, 2, '10533', 'SCN'),
	(1222, 1, '10534', 'Affiliation Agreement Symphony'),
	(1223, 2, '10534', 'Affiliation Agreement Symphony'),
	(1224, 1, '10535', 'Profitiert von Verbandskonditionen'),
	(1225, 2, '10535', 'Profits from association conditions'),
	(1226, 1, '10536', 'Corporate Agreement Symphony'),
	(1227, 2, '10536', 'Corporate Agreement Symphony'),
	(1228, 1, '10537', 'Profitiert von individuellen Pricings'),
	(1229, 2, '10537', 'Profits from individual pricings'),
	(1230, 1, '10538', 'Anzahl mobile Anschlüsse'),
	(1231, 2, '10538', 'Number of mobile connections'),
	(1232, 1, '10539', 'Anzahl Festnetz-/Internet-Anschlüsse'),
	(1233, 2, '10539', 'Number of landline/internet connections'),
	(1234, 1, '10540', 'Swisscom Benutzer'),
	(1235, 2, '10540', 'Swisscom User'),
	(1236, 1, '10541', 'Ist dieser Benutzer ein Swisscom Benutzer?'),
	(1237, 2, '10541', 'Is this user a Swisscom user?'),
	(1238, 1, '10542', 'Mitglieder-Verzeichnis'),
	(1239, 2, '10542', 'Member directory'),
	(1240, 1, '10543', 'Mitglied löschen'),
	(1241, 2, '10543', 'Delete member'),
	(1242, 1, '10544', 'Wollen Sie dieses Mitglied wirklich endgültig löschen?'),
	(1243, 2, '10544', 'Do you really want to finally delete this member?'),
	(1244, 1, '10545', 'Mein Verband'),
	(1245, 2, '10545', 'My association'),
	(1246, 1, '10546', 'Verband'),
	(1247, 2, '10546', 'Association'),
	(1248, 1, '10547', 'Kein Verband'),
	(1249, 2, '10547', 'No association'),
	(1250, 1, '10548', 'Hat dieser Benutzer Zugriff auf die System-Einstellungen?'),
	(1251, 2, '10548', 'Does this user have access to the system settings?'),
	(1252, 1, '10549', 'Der Export von %1 Einträgen wurde erfolgreich abgeschlossen. Dauer: %2 ms.'),
	(1253, 2, '10549', 'The export of %1 entries was successfully completed. Time taken: %2 ms.'),
	(1254, 1, '10550', 'Verbandsname'),
	(1255, 2, '10550', 'Association name'),
	(1256, 1, '10551', 'Anrede'),
	(1257, 2, '10551', 'Salutation'),
	(1258, 1, '10552', 'Mitglied Name'),
	(1259, 2, '10552', 'Member name'),
	(1260, 1, '10553', 'Zusatzname'),
	(1261, 2, '10553', 'Additional name'),
	(1262, 1, '10554', 'Nummer'),
	(1263, 2, '10554', 'Number'),
	(1264, 1, '10555', 'Adresse Zusatz'),
	(1265, 2, '10555', 'Additional address'),
	(1266, 1, '10556', 'PLZ'),
	(1267, 2, '10556', 'ZIP'),
	(1268, 1, '10557', 'Stadt'),
	(1269, 2, '10557', 'City'),
	(1270, 1, '10558', 'Festnetz-Nummer der Firma'),
	(1271, 2, '10558', 'Landline number of the company'),
	(1272, 1, '10559', 'Nachname'),
	(1273, 2, '10559', 'Last name'),
	(1274, 1, '10560', 'Vorname'),
	(1275, 2, '10560', 'First name'),
	(1276, 1, '10561', 'NATEL'),
	(1277, 2, '10561', 'NATEL'),
	(1278, 1, '10562', 'Fax'),
	(1279, 2, '10562', 'Fax'),
	(1280, 1, '10563', 'Aktiv seit'),
	(1281, 2, '10563', 'Active since'),
	(1282, 1, '10564', 'Inaktiv seit'),
	(1283, 2, '10564', 'Inactive since'),
	(1284, 1, '10565', 'Ort'),
	(1285, 2, '10565', 'Town'),
	(1286, 1, '10566', 'Swisscom Administrator'),
	(1287, 2, '10566', 'Swisscom Administrator'),
	(1288, 1, '10567', 'Ist dieser Benutzer ein Swisscom-Administrator?'),
	(1289, 2, '10567', 'Is this user a Swisscom administrator?'),
	(1290, 1, '10568', 'Verband exportieren'),
	(1291, 2, '10568', 'Export association'),
	(1292, 1, '10569', 'Verband importieren'),
	(1293, 2, '10569', 'Import association'),
	(1294, 1, '10570', 'Export starten'),
	(1295, 2, '10570', 'Start export'),
	(1296, 1, '10571', 'Direkter Download'),
	(1297, 2, '10571', 'Direct download'),
	(1298, 1, '10572', 'An meine E-Mail-Adresse senden'),
	(1299, 2, '10572', 'Send to my e-mail address'),
	(1300, 1, '10573', 'Der Export wird bearbeitet, bitte warten...'),
	(1301, 2, '10573', 'The export is processing, please wait...'),
	(1302, 1, '10574', 'Es gab ein Problem beim Export.'),
	(1303, 2, '10574', 'There has been a problem with the export.'),
	(1304, 1, '10575', 'Hier können Sie alle Verbands-Mitgliederlisten auf einmal exportieren.'),
	(1305, 2, '10575', 'Here you can export all of the association\\\'s member lists at once.'),
	(1306, 1, '10576', 'Alle Verbände exportieren'),
	(1307, 1, '10577', 'Es können nicht alle Verbände in einer Datei exportiert werden.'),
	(1308, 2, '10577', 'It\\\'s not possible to export all associations in one single file.'),
	(1309, 1, '10578', 'Export erfolgreich.'),
	(1310, 2, '10578', 'Export successful.'),
	(1311, 1, '10579', 'Neues Verbandsmitglied'),
	(1312, 2, '10579', 'New association member'),
	(1313, 1, '10580', '-'),
	(1314, 2, '10580', '-'),
	(1315, 1, '10581', 'Herr'),
	(1316, 2, '10581', 'Mister'),
	(1317, 1, '10582', 'Frau'),
	(1318, 2, '10582', 'Miss'),
	(1319, 1, '10583', 'Kontakt-Nachname'),
	(1320, 2, '10583', 'Contact last name'),
	(1321, 1, '10584', 'Kontakt-Vorname'),
	(1322, 2, '10584', 'Contact first name'),
	(1323, 1, '10585', 'Kontaktperson'),
	(1324, 2, '10585', 'Contact person'),
	(1325, 1, '10586', 'Allgemeine Daten'),
	(1326, 2, '10586', 'General data'),
	(1327, 1, '10587', 'Neu'),
	(1328, 2, '10587', 'New'),
	(1329, 1, '10588', 'Swisscom Kundendaten'),
	(1330, 2, '10588', 'Swisscom customer data'),
	(1331, 1, '10589', 'Das neue Mitglied konnte nicht gespeichert werden.'),
	(1332, 2, '10589', 'The new member could not be saved.'),
	(1333, 1, '10590', 'Das neue Mitglied wurde erfolgreich gespeichert.'),
	(1334, 2, '10590', 'The new member has been successfully saved.'),
	(1335, 1, '10591', 'Mitglied speichern'),
	(1336, 2, '10591', 'Save member'),
	(1337, 1, '10592', 'AAS'),
	(1338, 2, '10592', 'AAS'),
	(1339, 1, '10593', 'CAS'),
	(1340, 2, '10593', 'CAS'),
	(1341, 1, '10594', 'Customer Master Account'),
	(1342, 2, '10594', 'Customer Master Account'),
	(1343, 1, '10595', 'Hauptsitz-Kundennummer'),
	(1344, 2, '10595', 'Hauptsitz-Kundennummer'),
	(1345, 1, '10596', 'Daten gespeichert.'),
	(1346, 2, '10596', 'Data saved.'),
	(1347, 1, '10597', 'Bitte überprüfen Sie die eingegebenen Daten.'),
	(1348, 2, '10597', 'Please check the entered data.'),
	(1349, 1, '10598', 'Das Mitglied wurde erfolgreich gelöscht.'),
	(1350, 2, '10598', 'The member was successfuly deleted.'),
	(1351, 1, '10599', 'Die E-Mail konnte nicht versendet werden.'),
	(1352, 2, '10599', 'The e-mail could not be sent.'),
	(1353, 1, '10600', 'SMTP-Server'),
	(1354, 2, '10600', 'SMTP-Server'),
	(1355, 1, '10601', 'Der Server von dem aus E-Mails des Systems verschickt werden.'),
	(1356, 2, '10601', 'The server from which e-mails of the system are sent out from.'),
	(1357, 1, '10602', 'SMTP-Server Port'),
	(1358, 2, '10602', 'SMTP-Server Port'),
	(1359, 1, '10603', 'Der Verbindungs-Port des SMTP-Servers'),
	(1360, 2, '10603', 'The connection port of the SMTP server'),
	(1361, 1, '10604', 'SMTP-Benutzer'),
	(1362, 2, '10604', 'SMTP user'),
	(1363, 1, '10605', 'Der Benutzer für die Anmeldung am SMTP-Server.'),
	(1364, 2, '10605', 'The user used for the authentification with the SMTP server.'),
	(1365, 1, '10606', 'SMTP-Passwort'),
	(1366, 2, '10606', 'SMTP password'),
	(1367, 1, '10607', 'Das Passwort für die Anmeldung am SMTP-Server.'),
	(1368, 2, '10607', 'The password used for authentification with the SMTP server.'),
	(1369, 1, '10608', 'Verband-Export'),
	(1370, 2, '10608', 'Association export'),
	(1371, 1, '10609', 'Hallo %1,\n\nim Anhang finden Sie den aktuellen Verband-Export aus der Verbandsmanagement-Plattform.\n\n%2'),
	(1372, 2, '10609', 'Hello %1,\n\nyou can find the latest association export from the association management platform as an attachment of this mail.\n\n%2'),
	(1373, 1, '10610', 'A. m. A.'),
	(1374, 2, '10610', 'C. m. c.'),
	(1375, 1, '10611', 'A. F. / I.'),
	(1376, 2, '10611', 'C. L. / I.'),
	(1377, 1, '10612', 'CAS seit'),
	(1378, 2, '10612', 'CAS since'),
	(1379, 1, '10613', 'AAS seit'),
	(1380, 2, '10613', 'AAS since'),
	(1381, 1, '10614', 'Vergessen?'),
	(1382, 2, '10614', 'Forgotten?'),
	(1383, 1, '10615', 'Neu registrieren'),
	(1384, 2, '10615', 'Register now'),
	(1385, 1, '10616', 'Einloggen'),
	(1386, 2, '10616', 'Log in'),
	(1387, 1, '10617', 'Absenden'),
	(1388, 2, '10617', 'Send'),
	(1389, 1, '10618', 'Passwort vergessen?'),
	(1390, 2, '10618', 'Forgot your password?'),
	(1391, 1, '10619', 'Kein Problem. Tragen Sie hier Ihre E-Mail-Adresse ein und wir senden Ihnen\nAnweisungen zur Einrichtung eines neuen Passworts.'),
	(1392, 2, '10619', 'No problem. Enter your e-mail address and we will send you instructions on how to set a new password.'),
	(1393, 1, '10620', 'Zurück zum Login'),
	(1394, 2, '10620', 'Back to the login'),
	(1395, 1, '10621', 'Ihre Daten wurden abgesendet. Bitte überprüfen Sie Ihren Posteingang.'),
	(1396, 2, '10621', 'Your data was sent. Please check your mail inbox.'),
	(1397, 1, '10622', 'Daten gesendet.'),
	(1398, 2, '10622', 'Data sent.'),
	(1399, 1, '10623', 'Fehler'),
	(1400, 2, '10623', 'Error'),
	(1401, 1, '10624', 'Bitte überprüfen Sie die eingegebenen Daten und \nversuchen Sie es erneut.'),
	(1402, 2, '10624', 'Please check the data you entered\nand try again later.'),
	(1403, 1, '10625', 'Diesem Benutzer wurde erst vor kurzem eine E-Mail\nzum Zurücksetzen des Passworts gesendet.\n\nBitte überprüfen Sie Ihren Posteingang oder probieren Sie es später erneut.'),
	(1404, 2, '10625', 'We just already sent this user an e-mail with instructions\non how to reset his or her password.\nPlease check your e-mail inbox or try again later.'),
	(1405, 1, '10626', 'Sehr geehrte(r) %1,\n\nbitte folgen Sie &lt;a href="%2" target="_blank"&gt;diesem Link&lt;/a&gt;, um ein neues Passwort zu erstellen.\n\n%3'),
	(1406, 2, '10626', 'Hello %1,\n\nplease follow &lt;a href="%2" target="_blank"&gt;this link&lt;/a&gt; to generate a new password.\n\n%3'),
	(1407, 1, '10627', 'Sehr geehrte(r) %1, \r \r Sie wurden soeben als neuer Benutzer registriert.\r Bitte folge diesem Link, um ein Passwort fuer Ihren Zugang zu erstellen: \r &lt;a href="%2" target="_blank"&gt;%2 &lt;/a&gt;\r \r %3 '),
	(1408, 2, '10627', 'Hello %1, \r \r you have just been registered as a new user.\r Please follow this link to create a password for your account: \r &lt;a href="%2" target="_blank"&gt;%2 &lt;/a&gt;\r \r %3 '),
	(1409, 1, '10628', 'Registrierung im System'),
	(1410, 2, '10628', 'Registration to the system'),
	(1411, 1, '10629', 'Der von Ihnen aufgerufene Link ist nicht mehr gültig.'),
	(1412, 2, '10629', 'The link you called is no longer valid.'),
	(1413, 1, '10630', 'Passwort festlegen'),
	(1414, 2, '10630', 'Save password'),
	(1415, 1, '10631', 'Passwort festlegen'),
	(1416, 2, '10631', 'Setting a password'),
	(1417, 1, '10632', 'Bitte tragen Sie hier Ihr neues Passwort ein.'),
	(1418, 2, '10632', 'Please enter your new password.'),
	(1419, 1, '10633', 'Passwort gespeichert'),
	(1420, 2, '10633', 'Password saved'),
	(1421, 1, '10634', 'Sie können sich mit Ihrem gewählten Passwort nun einloggen.'),
	(1422, 2, '10634', 'You may now log in with your newly set password.'),
	(1423, 1, '10635', 'Die eingegebenen Daten waren nicht korrekt. Bitte versuchen Sie es erneut.'),
	(1424, 2, '10635', 'The data you entered was invalid. Please try again.'),
	(1425, 1, '10636', 'Benutzer-Status'),
	(1426, 2, '10636', 'User status'),
	(1427, 1, '10637', 'Aktiviert'),
	(1428, 2, '10637', 'Activated'),
	(1429, 1, '10638', 'Deaktiviert'),
	(1430, 2, '10638', 'Deactivated'),
	(1431, 1, '10639', 'Dieser Benutzer ist momentan deaktiviert. \nNach der Registrierung haben Sie eine E-Mail mit einem Aktivierungslink erhalten. Bitte folgen Sie den Anweisungen in dieser E-Mail.'),
	(1432, 2, '10639', 'This user is currently deactivated.\nAfter the registration, you have received an e-mail with an activation link. Please follow the instructions in this e-mail to proceed.'),
	(1433, 1, '10640', 'Jetzt registrieren'),
	(1434, 2, '10640', 'Register now'),
	(1435, 1, '10641', 'Registrierung'),
	(1436, 2, '10641', 'Registration'),
	(1437, 1, '10642', 'Hier können Sie sich für "Online-Termine" registrieren. Nach der Registrierung erhalten sie einen Aktivierungslink per E-Mail.'),
	(1438, 2, '10642', 'Here you can register for "online appointments". After the registration, you\'ll receive an e-mail with an activation link.'),
	(1439, 1, '10643', 'Leider gab es ein Problem. Bitte überprüfen Sie die eingegebenen Daten.'),
	(1440, 2, '10643', 'Sorry, there was a problem. Please check your entered data.'),
	(1441, 1, '10644', 'Der Benutzername oder die E-Mail-Adresse sind bereits registriert.'),
	(1442, 2, '10644', 'The username or the e-mail-address is already registered.'),
	(1443, 1, '10645', 'Ihre Registrierung'),
	(1444, 2, '10645', 'Your registration'),
	(1445, 1, '10646', 'Sehr geehrte(r) %1,\r \r vielen Dank fuer Ihre Registrierung. &lt;a href="%2" target="_blank"&gt;Bitte folgen Sie diesem Link zur Aktivierung Ihres Benutzerkontos.&lt;/a&gt;\r \r %3'),
	(1446, 2, '10646', 'Hello %1,\r \r thank you for your registration. &lt;a href="%2" target="_blank"&gt;Please follow this link to activate your account.&lt;/a&gt;\r \r %3'),
	(1447, 1, '10647', 'Registrierung erfolgreich'),
	(1448, 2, '10647', 'Registration successful'),
	(1449, 1, '10648', 'Ihre Anmeldung war erfolgreich. Bitte überprüfen Sie nun Ihr E-Mail-Postfach auf eine E-Mail vom System und bestätigen Sie Ihren Account mit dem Aufruf des enthaltenen Links. Nach diesem Schritt können Sie sich einloggen.'),
	(1450, 2, '10648', 'Your registration was successful. Please head to your e-mail inbox and check for an e-mail from the system. Open the contained link to confirm your e-mail address. After this step, you can log in!'),
	(1451, 1, '10649', 'Aktivierung erfolgreich'),
	(1452, 2, '10649', 'Activation successful'),
	(1453, 1, '10650', 'Vielen Dank, Sie können sich nun mit Ihren Benutzerdaten anmelden.'),
	(1454, 2, '10650', 'Thank you very much, you may now log in with your account data.'),
	(1455, 1, '10651', 'Bitte verwenden Sie eine E-Mail-Adresse mit der Endung \\"@swisscom.com\\" oder \\"@swisscom.ch\\".'),
	(1456, 2, '10651', 'Please use an e-mail address with the suffix \\"@swisscom.com\\" or \\"@swisscom.ch\\".'),
	(1457, 1, '10652', 'Der Benutzername sollte aus mindestens 4 Buchstaben bestehen.'),
	(1458, 2, '10652', 'The user name should consist of at least 4 letters.'),
	(1459, 1, '10653', 'Das Passwort sollte aus mindestens drei Buchstaben bestehen.'),
	(1460, 2, '10653', 'The password should consist of at least three letters.'),
	(1461, 1, '10654', 'genaue Position: Zeile % im Dokument.'),
	(1462, 2, '10654', 'exact position: row % in the document.'),
	(1463, 1, '10655', 'Der Verband des Mitglieds und der ausgewählte Verband für den Import stimmen nicht überein!'),
	(1464, 2, '10655', 'The association of the member and the selected association for the import do not match!'),
	(1465, 1, '10656', 'Das Mitglied konnte keinem Verband zugeordnet werden.'),
	(1466, 2, '10656', 'The member could not be associated with any association.'),
	(1467, 1, '10657', 'Der Import von %1 Einträgen wurde erfolgreich abgeschlossen. Dauer: %2 ms.'),
	(1468, 2, '10657', 'The import of %1 entries was successfully completed. Time taken: %2 ms.'),
	(1469, 1, '10658', 'Bei einem Import werden eventuell bestehende Mitgliederdaten des Verbands % im Verbandsmanagement überschrieben.'),
	(1470, 2, '10658', 'Through an import, existing data of the association %1 will be overwritten.'),
	(1471, 1, '10659', 'Mitglieder importieren'),
	(1472, 2, '10659', 'Import members'),
	(1473, 1, '10660', 'Import starten'),
	(1474, 2, '10660', 'Start import'),
	(1475, 1, '10661', 'Datei auswählen'),
	(1476, 2, '10661', 'Pick your file'),
	(1477, 1, '10662', 'Datei hier hineinziehen oder klicken zum auswählen.'),
	(1478, 2, '10662', 'Drop file here or click to upload.'),
	(1479, 1, '10663', 'Sie können nur eine Datei hochladen.'),
	(1480, 2, '10663', 'You can only upload one file.'),
	(1481, 1, '10664', 'Ungültiger Dateityp'),
	(1482, 2, '10664', 'Invalid filetype'),
	(1483, 1, '10665', 'Es gab ein Problem beim Upload.'),
	(1484, 2, '10665', 'There was a problem with the upload.'),
	(1485, 1, '10666', 'Upload erfolgreich.'),
	(1486, 2, '10666', 'Upload succeeded.'),
	(1487, 1, '10667', 'Der Import läuft, bitte warten...'),
	(1488, 2, '10667', 'The import is processing, please wait...'),
	(1489, 1, '10668', 'Bei einem Import werden eventuell existierende Einträge im Verbandsamanagement mit den Daten aus dem Upload überschrieben.'),
	(1490, 2, '10668', 'When importing, existing entries in the association management platform might be overwritten by the data contained in the upload.'),
	(1491, 1, '10669', 'Erfolgreich gespeichert.'),
	(1492, 2, '10669', 'Saved successfully.'),
	(1493, 1, '10670', 'Konnte nicht gespeichert werden. Bitte überprüfen Sie Ihre Eingaben.'),
	(1494, 2, '10670', 'Could not be saved. Please check what you entered.'),
	(1495, 1, '10671', 'Monatliche Reports per E-Mail'),
	(1496, 2, '10671', 'Monthly reports via e-mail'),
	(1497, 1, '10672', 'Auflistung aller Neueintritte in die Verbände'),
	(1498, 2, '10672', 'List of all new members in the associations'),
	(1499, 1, '10673', 'Auflistung aller Austritte aus den Verbänden'),
	(1500, 2, '10673', 'List of all deactivations of members within the associations'),
	(1501, 1, '10674', 'Vergleich der Anzahl Eintritte/Austritte zum Vormonat'),
	(1502, 2, '10674', 'Comparison of activations/deactivations of members per month'),
	(1503, 1, '10675', 'Workflow starten: Kunde erfassen'),
	(1504, 2, '10675', 'Start workflow: Create customer'),
	(1505, 1, '10676', 'Workflow starten: Verbandskonditionen aktivieren'),
	(1506, 2, '10676', 'Start workflow: Activate association conditions'),
	(1507, 1, '10677', 'Der Workflow konnte nicht gestartet werden.'),
	(1508, 2, '10677', 'The workflow could not be started.'),
	(1509, 1, '10678', 'Cronjob erfolgreich ausgeführt.'),
	(1510, 2, '10678', 'Cronjob executed successfully.'),
	(1511, 1, '10679', 'Die Reports konnten nicht erstellt werden.'),
	(1512, 2, '10679', 'The reports could not be created.'),
	(1513, 1, '10680', 'Es gibt momentan keine Benutzer, die einen Report per E-Mail wünschen.'),
	(1514, 2, '10680', 'There are currently no users having activated monthly reports for their accounts.'),
	(1515, 1, '10681', 'Diese Funktion darf nur von einem Cronjob ausgeführt werden.'),
	(1516, 2, '10681', 'This functionality must only be executed by a cronjob.'),
	(1517, 1, '10682', 'Hallo %1, \n\nim Anhang finden Sie Ihre abonnierten monatlichen Reports.\n\n%2'),
	(1518, 2, '10682', 'Hello %1,\n\nyou can find your subscribed monthly reports as an attachmne,t\n\n%2'),
	(1519, 1, '10683', 'Verbandsmanagement - Monatlich abonnierte(r) Report(s)'),
	(1520, 2, '10683', 'Association management - Subscribed monthly report(s)'),
	(1521, 1, '10684', 'Die Reports wurden erstellt und versendet.'),
	(1522, 2, '10684', 'The reports have been created and sent.'),
	(1523, 1, '10685', 'Neueintritte'),
	(1524, 2, '10685', 'New members'),
	(1525, 1, '10686', 'Deaktivierungen'),
	(1526, 2, '10686', 'Deactivations'),
	(1527, 1, '10687', 'Monatsvergleich'),
	(1528, 2, '10687', 'Monthly comparison'),
	(1529, 1, '10688', 'bis'),
	(1530, 2, '10688', 'to'),
	(1531, 1, '10689', 'Es gab einen Fehler beim Export: \\"%\\"'),
	(1532, 2, '10689', 'There was a problem with the export: \\"%\\"'),
	(1533, 1, '10690', 'Es gab einen Fehler beim Report: \\"%\\"'),
	(1534, 2, '10690', 'There was a problem with the report: \\"%\\"'),
	(1535, 1, '10691', 'Anzahl Mitglieder'),
	(1536, 2, '10691', 'Count of members'),
	(1537, 1, '10692', 'Neu %'),
	(1538, 2, '10692', 'New %'),
	(1539, 1, '10693', 'Deaktiviert %'),
	(1540, 2, '10693', 'Deactivated %'),
	(1541, 1, '10694', 'Mitglieder Status'),
	(1542, 2, '10694', 'Member status'),
	(1543, 1, '10695', 'Gesamt'),
	(1544, 2, '10695', 'Total'),
	(1545, 1, '10696', 'Noch keine Mitglieder im System.'),
	(1546, 2, '10696', 'No members in the system yet.'),
	(1547, 1, '10697', 'Aktivierungen / Deaktivierungen'),
	(1548, 2, '10697', 'Activations / Deactivations'),
	(1549, 1, '10698', 'Verband-Export-Datei nicht gefunden.'),
	(1550, 2, '10698', 'Association export file not found.'),
	(1551, 1, '10699', 'Mitglieder nach Ort'),
	(1552, 2, '10699', 'Members by location'),
	(1553, 1, '10700', 'SMTP-Server - SSL-Verbindung'),
	(1554, 2, '10700', 'SMTP-Server - SSL connection'),
	(1555, 1, '10701', 'Wird die Verbindung zum SMTP-Server SSL-verschlüsselt?'),
	(1556, 2, '10701', 'Is the connection to the SMTP server SSL-secured?'),
	(1557, 1, '10702', 'Die E-Mail konnte nicht versendet werden. Möglicherweise haben Sie diese Funktion erst vor kurzem verwendet?'),
	(1558, 2, '10702', 'The e-mail could not be sent. Is it possible you used this functionality before, lately?'),
	(1559, 1, '10703', 'SMTP-Einstellungen'),
	(1560, 2, '10703', 'SMTP settings'),
	(1561, 1, '10704', 'Rechte'),
	(1562, 2, '10704', 'Rights'),
	(1563, 1, '10705', 'Generelles'),
	(1564, 2, '10705', 'General'),
	(1565, 1, '10706', 'Ungültiger Workflow'),
	(1566, 2, '10706', 'Invalid workflow'),
	(1567, 1, '10707', 'Die Ressource für den Workflow konnte nicht aufgerufen werden.'),
	(1568, 2, '10707', 'The resource for the workflow could not be queried.'),
	(1569, 1, '10708', 'Der Workflow wurde erfolgreich gestartet.'),
	(1570, 2, '10708', 'The workflow has been successfully started.'),
	(1571, 1, '10709', 'Auf dem lokalen Testserver sind die Workflows deaktiviert.'),
	(1572, 2, '10709', 'On the local test server, workflows are deactivated.'),
	(1573, 1, '10710', 'SR NE'),
	(1574, 2, '10710', 'SR CC'),
	(1575, 1, '10711', 'Service Request Nummer: &#039;Neue Kunden erstellen&#039;'),
	(1576, 2, '10711', 'Service request number: &#039;Create client&#039;'),
	(1577, 1, '10712', 'SR VKA'),
	(1578, 2, '10712', 'SR AAC'),
	(1579, 1, '10713', 'Service Request Nummer: \\\'Verbandskonditionen aktivieren\\\''),
	(1580, 2, '10713', 'Service Request Nummer: \\\'Activate association conditions\\\''),
	(1581, 1, '10714', 'SR VKD Status'),
	(1582, 2, '10714', 'SR DAC status'),
	(1583, 1, '10715', 'Service Request Status: \\\'Verbandskonditionen deaktivieren\\\''),
	(1584, 2, '10715', 'Service Request status: \\\'Deactivate association conditions\\\''),
	(1585, 1, '10716', 'SR NE Datum'),
	(1586, 2, '10716', 'SR CC date'),
	(1587, 1, '10717', 'SR VKA Datum'),
	(1588, 2, '10717', 'SR AAC date'),
	(1589, 1, '10718', 'SR VKD Datum'),
	(1590, 2, '10718', 'SR DAC date'),
	(1591, 1, '10719', 'Kein Status'),
	(1592, 2, '10719', 'No status'),
	(1593, 1, '10720', 'Dieser Kunde hat die Konditionen nicht. Keine weitere Verarbeitung.'),
	(1594, 2, '10720', 'This client does not have the conditions. No further processing.'),
	(1595, 1, '10721', 'Etwaiger Workflow: Deaktivierung für Kunden'),
	(1596, 2, '10721', 'Association conditions for this client were successfully deactivated.'),
	(1597, 1, '10722', 'Andere Gründe / Entscheidung'),
	(1598, 2, '10722', 'Other reasons / decision'),
	(1599, 1, '10723', 'Das System befindet sich nicht im Debug-Modus.'),
	(1600, 2, '10723', 'The system is not in debug mode.'),
	(1601, 3, '10000', 'Systemadministrator'),
	(1602, 3, '10001', 'Hat dieser Benutzer Administrator-Rechte?'),
	(1603, 3, '10002', 'Standard-Stundensatz'),
	(1604, 3, '10003', 'Dies ist der Standardstundensatz, der beim anlegen eines neuen Projektes automatisch voreingetragen ist.'),
	(1605, 3, '10004', 'Bezahlt'),
	(1606, 3, '10005', 'Hat der Kunde die aufgelistete Arbeit bereits bezahlt?'),
	(1607, 3, '10006', 'Backend title'),
	(1608, 3, '10007', 'Dieser Titel erscheint in der Titelleiste des Browsers'),
	(1609, 3, '10008', 'Logout'),
	(1610, 3, '10009', 'Logged in as'),
	(1611, 3, '10010', 'Hauptfunktionen'),
	(1612, 3, '10011', 'System'),
	(1613, 3, '10012', 'Administrator'),
	(1614, 3, '10013', 'System Menü'),
	(1615, 3, '10014', 'Login für registrierte Benutzer'),
	(1616, 3, '10015', 'Login'),
	(1617, 3, '10016', 'Bitte Benutzernamen und Passwort eingeben'),
	(1618, 3, '10017', 'Hauptfunktionen'),
	(1619, 3, '10018', 'Sprachvariablen'),
	(1620, 3, '10019', 'Début'),
	(1621, 3, '10020', 'Benutzer'),
	(1622, 3, '10021', 'Systemverwaltung'),
	(1623, 3, '10022', 'Menü'),
	(1624, 3, '10023', 'Ein Fehler ist aufgetreten'),
	(1625, 3, '10024', 'Fehlerbeschreibung:'),
	(1626, 3, '10025', 'Benutzer'),
	(1627, 3, '10026', 'Account-Einstellungen'),
	(1628, 3, '10027', 'System-Einstellungen'),
	(1629, 3, '10028', 'Installierte Sprachen:'),
	(1630, 3, '10029', 'Dies ist die zentrale Sprachverwaltung des Systems. Hier können neue Sprachvariablen angelegt, bestehende editiert oder gelöscht werden. '),
	(1631, 3, '10030', 'Dies ist die zentrale Benutzerverwaltung des Systems. Benutzer können angelegt, editiert oder gelöscht werden. Verschiedene Rechte können zugewiesen werden.'),
	(1632, 3, '10031', 'Optionen'),
	(1633, 3, '10032', 'Warnung: Ihr Internet-Browser wird nicht oder nur teilweise unterstüzt. Bitte wechseln Sie aus Sicherheitsgründen zu einen modernen Browser.'),
	(1634, 3, '10033', 'Warnung: Sie haben JavaScript deaktiviert. Sie können deshalb viele Funktionen dieser Webseite nicht verwenden. Bitte aktivieren Sie JavaScript! '),
	(1635, 3, '10034', 'Warnung: Die Unterstützung für Ihren Internet-Browser ist begrenzt. Bitte aktualisieren Sie ihn auf eine aktuelle Version.'),
	(1636, 3, '10035', 'Neue Variable'),
	(1637, 3, '10036', 'Variablenliste'),
	(1638, 3, '10037', 'Funktionen'),
	(1639, 3, '10038', 'Sprache 1'),
	(1640, 3, '10039', 'Sprache 2'),
	(1641, 3, '10040', 'Variablen-ID'),
	(1642, 3, '10041', 'Suchen'),
	(1643, 3, '10042', 'Seite zurück'),
	(1644, 3, '10043', 'Seite weiter'),
	(1645, 3, '10044', 'Sprache:'),
	(1646, 3, '10055', 'Speichern und schliessen'),
	(1647, 3, '10056', 'Abbrechen'),
	(1648, 3, '10057', 'Ein Fehler ist aufgetreten.'),
	(1649, 3, '10058', 'Die Variable wurde gespeichert.'),
	(1650, 3, '10060', 'Termine'),
	(1651, 3, '10061', 'Benutzer'),
	(1652, 3, '10063', 'Persönlicher Kalender'),
	(1653, 3, '10064', 'Hier sehen Sie eine Übersicht von Kalendereinträgen.'),
	(1654, 3, '10065', 'Sprachvariable gespeichert'),
	(1655, 3, '10066', 'Fehler'),
	(1656, 3, '10067', 'Die Sprachvariable wurde erfolgreich gespeichert. Ihre ID ist: '),
	(1657, 3, '10068', 'Die Sprachvariable konnte nicht gespeichert werden, ein Fehler ist aufgetreten. Bitte probieren Sie es erneut.'),
	(1658, 3, '10069', 'Okay'),
	(1659, 3, '10070', 'Variable löschen'),
	(1660, 3, '10071', 'Variable bearbeiten'),
	(1661, 3, '10072', 'Sprachvariable bearbeiten'),
	(1662, 3, '10073', 'Wollen Sie Diese Sprachvariable wirklich löschen?'),
	(1663, 3, '10074', 'Variablen-ID'),
	(1664, 3, '10075', 'Benutzer bearbeiten'),
	(1665, 3, '10076', 'Benutzer löschen'),
	(1666, 3, '10077', 'Optionen'),
	(1667, 3, '10078', 'ID'),
	(1668, 3, '10079', 'Benutzername'),
	(1669, 3, '10080', 'Voller Name'),
	(1670, 3, '10081', 'E-Mail'),
	(1671, 3, '10082', 'Letzter Login'),
	(1672, 3, '10083', 'Registrierungsdatum'),
	(1673, 3, '10084', 'Liste aller Benutzer'),
	(1674, 3, '10085', 'Neuer Benutzer'),
	(1675, 3, '10086', 'Details anzeigen'),
	(1676, 3, '10087', 'Neues Passwort erstellen'),
	(1677, 3, '10088', 'Fehler: Die gesendeten Daten sind leer.'),
	(1678, 3, '10089', 'Bitte warten, Daten wurden bereits gesendet.'),
	(1679, 3, '10090', 'Benutzer bearbeiten'),
	(1680, 3, '10091', 'Passwort'),
	(1681, 3, '10092', 'Passwort, bitte wiederholen'),
	(1682, 3, '10093', 'Die Validierung des Formulars schlug fehl.'),
	(1683, 3, '10094', 'Ungültige E-Mail-Adresse.'),
	(1684, 3, '10095', 'Vous devez sp'),
	(1685, 3, '10096', 'Die beiden eingegebenen Passwörter sind nicht identisch.'),
	(1686, 3, '10097', 'Das gewünschte Passwort ist zu kurz.'),
	(1687, 3, '10098', 'Ein Pflichtfeld ist nicht ausgefüllt.'),
	(1688, 3, '10099', 'Wollen Sie diesen Benutzer wirklich löschen?'),
	(1689, 3, '10100', 'Wollen sie diesen Eintrag wirklich löschen?'),
	(1690, 3, '10101', 'Der Benutzer konnte nicht gespeichert werden, ein Fehler ist aufgetreten. \n\nMöglicherweise existiert bereits ein Benutzer mit diesem Loginnamen oder dieser E-Mail-Adresse.'),
	(1691, 3, '10102', 'Bitte gehen Sie sicher, dass sie alle Felder korrekt ausgefüllt haben.'),
	(1692, 3, '10103', 'Der Benutzer wurde gespeichert. Seine ID ist: '),
	(1693, 3, '10104', 'Benutzer gespeichert'),
	(1694, 3, '10105', 'Neues Passwort anlegen'),
	(1695, 3, '10106', 'Das Passwort konnte nicht gespeichert werden.'),
	(1696, 3, '10107', 'Passwort gespeichert'),
	(1697, 3, '10108', 'Das neue Passwort für diesen Benutzer wurde erfolgreich gespeichert.'),
	(1698, 3, '10109', 'Die übergebene ID ist keine ganze Zahl.'),
	(1699, 3, '10110', 'Die übergebene ID ist kleiner 0.'),
	(1700, 3, '10111', 'Benutzereinstellungen'),
	(1701, 3, '10112', 'Unbekannte Methode: '),
	(1702, 3, '10113', 'Ein kritischer Fehler ist aufgetreten'),
	(1703, 3, '10114', 'Zeile'),
	(1704, 3, '10115', 'Position: '),
	(1705, 3, '10116', 'Aufruf-Stapel: '),
	(1706, 3, '10117', 'Sie bearbeiten hier die Benutzereinstellungen des Benutzers '),
	(1707, 3, '10118', 'Der Typ muss definiert werden.'),
	(1708, 3, '10119', 'Beschreibung'),
	(1709, 3, '10120', 'Einstellungen'),
	(1710, 3, '10121', 'Es gab einen Fehler bei den Einstellungen'),
	(1711, 3, '10122', 'Administrator-Einstellungen'),
	(1712, 3, '10123', 'Benutzer-Einstellungen'),
	(1713, 3, '10124', 'Sprache'),
	(1714, 3, '10125', 'Stellen Sie hier die Systemsprache ein.'),
	(1715, 3, '10126', 'Dieses Dropdown-Feld ist nicht defniert: '),
	(1716, 3, '10127', 'Hier können Sie Ihre benutzerspezifischen Einstellungen bearbeiten.'),
	(1717, 3, '10129', 'Speichern'),
	(1718, 3, '10130', 'Sie haben nicht die benötigte Berechtigung für diesen Bereich.'),
	(1719, 3, '10131', 'Debug: '),
	(1720, 3, '10132', 'Es gibt ein Problem mit der Datenbank.'),
	(1721, 3, '10133', 'Das Datenbankobjekt der Klasse wurde noch nicht gesetzt.'),
	(1722, 3, '10134', 'System-Einstellungen'),
	(1723, 3, '10135', 'Systemeinstellungen bearbeiten'),
	(1724, 3, '10136', 'Bearbeiten Sie hier globale Einstellungen für das komplette System.'),
	(1725, 3, '10137', 'Aufgabenliste'),
	(1726, 3, '10138', 'Dies ist keine gültige Zahl.'),
	(1727, 3, '10139', 'Standard Sprache'),
	(1728, 3, '10140', 'Stellen Sie hier die Standard-Sprache des Systems ein'),
	(1729, 3, '10141', 'Zugriff auf die Aufgabenliste'),
	(1730, 3, '10142', 'Bestimmt den Zugriff auf die Aufgabenliste'),
	(1731, 3, '10143', 'Gesperrte Setting IDs für Benutzer'),
	(1732, 3, '10144', 'Dies ist eine Reihe von Setting IDs, die Benutzer beim bearbeiten des eigenen Profils nicht ändern dürfen (Einzelne IDs werden durch Kommata getrennt!)'),
	(1733, 3, '10145', 'Zugriff auf den Kalender'),
	(1734, 3, '10146', 'Bestimmt den Zugriff auf den internen Kalender'),
	(1735, 3, '10147', 'Die Seite wurde nicht gefunden (404)'),
	(1736, 3, '10148', 'Falsche Syntax (400)'),
	(1737, 3, '10149', 'Sie haben keinen Zugriff auf diese Seite! (403)'),
	(1738, 3, '10150', 'Interner Server-Fehler (500)'),
	(1739, 3, '10151', 'Projekte'),
	(1740, 3, '10152', 'Zugriff auf die Projektverwaltung'),
	(1741, 3, '10153', 'Hat dieser Benutzer Zugriff auf die interne Projektverwaltung?'),
	(1742, 3, '10154', 'Rechnungen, eingehend'),
	(1743, 3, '10155', 'Rechnungen, ausgehend'),
	(1744, 3, '10156', 'Buchhaltung'),
	(1745, 3, '10157', 'Zuriff auf Rechnungen'),
	(1746, 3, '10158', 'Bestimmt den Zugriff auf eingehende und ausgehende Rechnungen'),
	(1747, 3, '10159', 'Verbände'),
	(1748, 3, '10160', 'Zugriff auf die Kundenverwaltung'),
	(1749, 3, '10161', 'Bestimmt den Zugriff auf die interne Kundenverwaltung'),
	(1750, 3, '10162', 'Kundenverwaltung'),
	(1751, 3, '10163', 'Dies ist eine Übersicht sämtlicher Kunden. Kundendetails können betrachtet und bearbeitet werden.'),
	(1752, 3, '10164', 'Neuer Kunde'),
	(1753, 3, '10166', 'Name'),
	(1754, 3, '10167', 'Erstellt'),
	(1755, 3, '10168', 'Kundendaten'),
	(1756, 3, '10169', 'Kundendaten betrachten'),
	(1757, 3, '10170', 'Kunde löschen'),
	(1758, 3, '10171', 'Liste'),
	(1759, 3, '10172', ' -&amp;gt; '),
	(1760, 3, '10173', 'Kundendaten'),
	(1761, 3, '10174', 'Adresse'),
	(1762, 3, '10175', 'Strasse'),
	(1763, 3, '10176', 'Postleitzahl und Ort'),
	(1764, 3, '10177', 'Land'),
	(1765, 3, '10178', 'Adresse hinzufügen'),
	(1766, 3, '10179', 'Entfernen'),
	(1767, 3, '10180', 'Kommentar hinzufügen'),
	(1768, 3, '10181', 'Umsatzsteuer-Identifikationsnummer'),
	(1769, 3, '10185', 'Eine Strasse oder ein Postfach'),
	(1770, 3, '10188', 'Kommentar'),
	(1771, 3, '10189', 'Ein optionaler Kommentar, falls Sonderfälle auftreten'),
	(1772, 3, '10191', 'Spezifische Funktionen'),
	(1773, 3, '10192', 'Kommentare'),
	(1774, 3, '10193', 'Aktionen'),
	(1775, 3, '10194', 'Alles speichern'),
	(1776, 3, '10196', 'Bearbeitungsmodus'),
	(1777, 3, '10197', 'Ansichtsmodus'),
	(1778, 3, '10201', 'Herr'),
	(1779, 3, '10202', 'Frau'),
	(1780, 3, '10203', '?'),
	(1781, 3, '10205', 'Feld für Sonderfälle und Anmerkungen'),
	(1782, 3, '10206', 'Kontaktinformation hinzufügen'),
	(1783, 3, '10207', 'Kontaktinformation'),
	(1784, 3, '10208', 'E-Mail'),
	(1785, 3, '10209', 'Festnetz'),
	(1786, 3, '10210', 'Mobil'),
	(1787, 3, '10211', 'ICQ'),
	(1788, 3, '10212', 'Skype'),
	(1789, 3, '10213', 'MSN'),
	(1790, 3, '10214', 'AOL'),
	(1791, 3, '10215', 'Yahoo'),
	(1792, 3, '10216', 'Sonstige'),
	(1793, 3, '10220', 'Titel im Header'),
	(1794, 3, '10221', 'The text standing in the title bar of the browser.'),
	(1795, 3, '10222', 'Leider gab es ein Problem beim Speichern.'),
	(1796, 3, '10223', 'Dieser Datensatz wurde nicht gefunden.'),
	(1797, 3, '10224', 'Bearbeitet'),
	(1798, 3, '10225', 'Kontaktinformation entfernen'),
	(1799, 3, '10226', 'Wollen Sie diese Kontaktinformation wirklich entfernen?'),
	(1800, 3, '10227', 'Fax'),
	(1801, 3, '10228', 'Website'),
	(1802, 3, '10230', 'Kommentar löschen'),
	(1803, 3, '10231', 'Wollen Sie diesen Kommentar wirklich löschen?'),
	(1804, 3, '10232', 'Geschrieben von'),
	(1805, 3, '10233', 'Dieser Benutzer hat den Kommentar geschrieben'),
	(1806, 3, '10234', 'Titel'),
	(1807, 3, '10235', 'Der Titel des Kommentars'),
	(1808, 3, '10236', 'Inhalt'),
	(1809, 3, '10237', 'Der Verfasser existiert nicht mehr.'),
	(1810, 3, '10238', 'Der Fremdschlüssel muss gesetzt sein!'),
	(1811, 3, '10239', 'Standard-Format: Zeit'),
	(1812, 3, '10240', 'Diese Einstellung besagt, in welches Format UNIX-Zeitstempel für Uhrzeiten standardmäßig umgewandelt werden. Die Syntax des Formats entspricht der von der PHP-Funktion date().'),
	(1813, 3, '10241', 'Standard-Format: Datum'),
	(1814, 3, '10242', 'Diese Einstellung besagt, in welches Format UNIX-Zeitstempel für ein Datum standardmäßig umgewandelt werden. Die Syntax des Formats entspricht der von der PHP-Funktion date().'),
	(1815, 3, '10243', 'Format: Zeit'),
	(1816, 3, '10244', 'Diese Einstellung besagt, in welches Format UNIX-Zeitstempel für Uhrzeiten umgewandelt werden. Die Syntax des Formats entspricht der von der PHP-Funktion date().'),
	(1817, 3, '10245', 'Format: Datum'),
	(1818, 3, '10246', 'Diese Einstellung besagt, in welches Format UNIX-Zeitstempel für Uhrzeiten umgewandelt werden. Die Syntax des Formats entspricht der von der PHP-Funktion date().'),
	(1819, 3, '10249', 'Bearbeitungsmodus'),
	(1820, 3, '10250', 'Zugriff auf die Benutzerverwaltung'),
	(1821, 3, '10251', 'Hat dieser Benutzer das Recht, die Einstellungen anderer Benutzer zu bearbeiten?'),
	(1822, 3, '10252', 'Galerie'),
	(1823, 3, '10253', 'News'),
	(1824, 3, '10254', 'Trainingszeiten'),
	(1825, 3, '10255', 'Zugriff auf die Neuigkeiten'),
	(1826, 3, '10256', 'Hat dieser Benutzer das Recht, Neuigkeiten zu verfassen, zu bearbeiten und zu löschen?'),
	(1827, 3, '10257', 'Zugriff auf die Galerie'),
	(1828, 3, '10258', 'Hat dieser Benutzer das Recht, Bilder-Galerien anzulegen und zu bearbeiten?'),
	(1829, 3, '10259', 'Zugriff auf die Trainingszeiten'),
	(1830, 3, '10260', 'Hat dieser Benutzer das Recht, die Trainingszeiten zu bearbeiten?'),
	(1831, 3, '10261', 'Verwalten Sie hier die Bildergalerien der Webseite und laden Sie Bilder hoch.'),
	(1832, 3, '10262', 'Liste der Galerien'),
	(1833, 3, '10263', 'Neue Galerie anlegen'),
	(1834, 3, '10264', 'Anzahl Bilder'),
	(1835, 3, '10265', 'Galerie bearbeiten'),
	(1836, 3, '10266', 'Galerie anlegen'),
	(1837, 3, '10267', 'Der Name der Galerie'),
	(1838, 3, '10268', 'Beschreibung'),
	(1839, 3, '10269', 'Beschreiben Sie den Inhalt dieser Galerie mit ein paar Worten.'),
	(1840, 3, '10270', 'Anlegen'),
	(1841, 3, '10271', 'Wollen Sie diese Galerie und den kompletten Inhalt wirklich löschen?'),
	(1842, 3, '10272', 'Informationen &amp;amp; Support'),
	(1843, 3, '10273', 'Sonstiges'),
	(1844, 3, '10274', 'Kein Titel'),
	(1845, 3, '10275', 'Die Sprache dieser Galerieinformationen'),
	(1846, 3, '10276', 'Informationen in einer anderen Sprache hinzufügen'),
	(1847, 3, '10277', 'Galerieinformationen'),
	(1848, 3, '10278', 'Bitte Sprache wählen'),
	(1849, 3, '10279', 'Hinzufügen'),
	(1850, 3, '10280', 'Sprache hinzufügen:'),
	(1851, 3, '10281', 'Wollen Sie diesen Titel wirklich löschen?'),
	(1852, 3, '10282', 'Beschreibung:'),
	(1853, 3, '10283', 'Bilder hochladen'),
	(1854, 3, '10284', 'Bilder bearbeiten'),
	(1855, 3, '10285', 'Upload-Ordner für Bilder der Galerie'),
	(1856, 3, '10286', 'In diesem Ordner werden hochgeladene Bilder gespeichert.'),
	(1857, 3, '10287', 'Keine Beschreibung vorhanden'),
	(1858, 3, '10288', 'Laden Sie hier Ihre Bilder hoch. Sie können mehrere Dateien gleichzeitig auswählen.'),
	(1859, 3, '10289', 'Bitte aktivieren Sie JavaScript, um diese Funktion verwenden zu können.'),
	(1860, 3, '10290', 'Ziehen Sie eine Datei hier hin, um die Übertragung zu starten.'),
	(1861, 3, '10291', 'Dateien zum Hochladen auswählen'),
	(1862, 3, '10292', 'Fehlgeschlagen'),
	(1863, 3, '10293', 'von'),
	(1864, 3, '10294', 'Diese Datei wurde nicht gefunden.'),
	(1865, 3, '10295', 'Nummer'),
	(1866, 3, '10296', 'Die ausgewählten Bilder:'),
	(1867, 3, '10297', 'Löschen'),
	(1868, 3, '10298', 'Wollen Sie die ausgewählten Bilder wirklich löschen?'),
	(1869, 3, '10299', 'Bildreihenfolge speichern'),
	(1870, 3, '10300', 'Galerie löschen'),
	(1871, 3, '10301', 'Der Schlüssel nach dem sortiert werden soll, ist nicht definiert.'),
	(1872, 3, '10302', 'Verwalten Sie hier die Neugikeiten der Webseite.'),
	(1873, 3, '10303', 'Übersicht'),
	(1874, 3, '10304', 'Neuigkeit verfassen'),
	(1875, 3, '10305', 'Wollen Sie diesen Eintrag wirklich löschen?'),
	(1876, 3, '10306', 'Eintrag erstellt:'),
	(1877, 3, '10307', 'Eintrag bearbeiten'),
	(1878, 3, '10308', 'Eintrag löschen'),
	(1879, 3, '10309', 'Einen neuen Eintrag verfassen'),
	(1880, 3, '10310', 'Dies ist die Überschrift der Neuigkeit.'),
	(1881, 3, '10311', 'Die Sprache, in der Sie diesen Eintrag verfassen.'),
	(1882, 3, '10312', 'Schreiben Sie hier, was Sie loswollen möchten.'),
	(1883, 3, '10313', 'Bitte füllen Sie alle Felder aus.'),
	(1884, 3, '10314', 'Inhalte verwalten'),
	(1885, 3, '10315', 'Zugriff auf das Content Management System'),
	(1886, 3, '10316', 'Darf dieser Benutzer neue Seiten anlegen oder bestehende löschen?'),
	(1887, 3, '10317', 'Content Management System'),
	(1888, 3, '10318', 'Verwalten Sie heir die Inhalte Ihrer Webseite.'),
	(1889, 3, '10319', 'Liste der Inhalte'),
	(1890, 3, '10320', 'Neuer Inhalt'),
	(1891, 3, '10321', 'Inhalt'),
	(1892, 3, '10322', 'Wollen Sie diesen Inhalt wirklich löschen?'),
	(1893, 3, '10323', 'Inhalt bearbeiten'),
	(1894, 3, '10324', 'Sprache wählen:'),
	(1895, 3, '10325', 'Erscheint als Überschrift.'),
	(1896, 3, '10326', 'Inhalt löschen'),
	(1897, 3, '10328', 'Lizenzinformationen'),
	(1898, 3, '10329', 'Informationen'),
	(1899, 3, '10331', 'Frontend title'),
	(1900, 3, '10332', 'Dieser Titel erscheint im Frontend in der Titelleiste des Browsers'),
	(1901, 3, '10333', 'Titel im Header - Frontbereich'),
	(1902, 3, '10334', 'Der Titel, der im Header-Bereich des Frontends dieser Seite steht. '),
	(1903, 3, '10335', 'Début'),
	(1904, 3, '10336', 'Standard Sprache - Frontend'),
	(1905, 3, '10337', 'Stellen Sie hier die Standard-Sprache des Frontbereichs ein'),
	(1906, 3, '10338', 'Bilder'),
	(1907, 3, '10339', 'Schwarzes Brett'),
	(1908, 3, '10340', 'Enthält'),
	(1909, 3, '10341', 'Bilder'),
	(1910, 3, '10342', 'Galerie öffnen'),
	(1911, 3, '10343', 'Zurück zur Übersicht'),
	(1912, 3, '10344', 'Klicken Sie auf die Bilder, um Sie zu vergrößern.'),
	(1913, 3, '10345', 'Willkommen im Administrationsbereich, verwalten Sie hier Ihre Webseite!'),
	(1914, 3, '10346', 'Eintrag bearbeiten'),
	(1915, 3, '10347', 'Neuer Eintrag'),
	(1916, 3, '10348', 'Bearbeiten Sie hier die Einträge des Kalenders.'),
	(1917, 3, '10349', 'List der Einträge'),
	(1918, 3, '10350', 'Zusätzliche Informationen (optional)'),
	(1919, 3, '10351', 'Datum'),
	(1920, 3, '10352', 'Wählen Sie hier das Datum für diesen Termin aus'),
	(1921, 3, '10353', 'Sonntag'),
	(1922, 3, '10354', 'Montag'),
	(1923, 3, '10355', 'Dienstag'),
	(1924, 3, '10356', 'Mittwoch'),
	(1925, 3, '10357', 'Donnerstag'),
	(1926, 3, '10358', 'Freitag'),
	(1927, 3, '10359', 'Samstag'),
	(1928, 3, '10367', 'Januar'),
	(1929, 3, '10368', 'Februar'),
	(1930, 3, '10369', 'März'),
	(1931, 3, '10370', 'April'),
	(1932, 3, '10371', 'Mai'),
	(1933, 3, '10372', 'Juni'),
	(1934, 3, '10373', 'Juli'),
	(1935, 3, '10374', 'August'),
	(1936, 3, '10375', 'September'),
	(1937, 3, '10376', 'Oktober'),
	(1938, 3, '10377', 'November'),
	(1939, 3, '10378', 'Dezember'),
	(1940, 3, '10379', 'Weiter'),
	(1941, 3, '10380', 'Zurück'),
	(1942, 3, '10381', 'Erster Tag der Woche'),
	(1943, 3, '10382', 'Bitte geben Sie hier an, mit welchem Tag in Ihrem Land eine neue Woche beginnt.'),
	(1944, 3, '10383', 'Fehler: Bitte wählen Sie ein Datum.'),
	(1945, 3, '10384', 'Uhrzeit'),
	(1946, 3, '10385', 'Geben Sie hier eine Uhrzeit an.'),
	(1947, 3, '10386', 'Ganztägig?'),
	(1948, 3, '10387', 'Dauert dieser Termin den ganzen Tag oder beginnt er zu einer festen Uhrzeit?'),
	(1949, 3, '10388', 'am'),
	(1950, 3, '10389', 'pm'),
	(1951, 3, '10390', 'Zukünftige Termine anzeigen'),
	(1952, 3, '10391', 'Vergangene Termine anzeigen'),
	(1953, 3, '10392', 'Zukünftige Termine'),
	(1954, 3, '10393', 'Vergangene Termine'),
	(1955, 3, '10394', 'Angebote anzeigen'),
	(1956, 3, '10395', 'Gesuche anzeigen'),
	(1957, 3, '10396', 'Einen eigenen Eintrag erstellen'),
	(1958, 3, '10397', 'Ihr Eintrag'),
	(1959, 3, '10398', 'Art:'),
	(1960, 3, '10399', 'Ihre E-Mail-Adresse:'),
	(1961, 3, '10400', 'Ihr Name:'),
	(1962, 3, '10401', 'Titel des Eintrags:'),
	(1963, 3, '10402', 'Angebot'),
	(1964, 3, '10403', 'Gesuch'),
	(1965, 3, '10404', 'Ihren Eintrag jetzt anlegen'),
	(1966, 3, '10405', 'Fügen Sie bitte hier noch eine detaillierte Beschreibung Ihres Anliegens ein:'),
	(1967, 3, '10406', 'Bitte geben Sie eine gültige E-Mail-Adresse ein.'),
	(1968, 3, '10407', 'Bitte füllen Sie alle Felder aus.'),
	(1969, 3, '10408', 'Ihre Daten werden übertragen...'),
	(1970, 3, '10409', 'Keine gültige ID'),
	(1971, 3, '10410', 'Schwarzes Brett - E-Mail-Absender'),
	(1972, 3, '10411', 'Eine E-Mail-Adresse, von der aus E-Mails des schwarzen Bretts versendet werden'),
	(1973, 3, '10412', 'Schwarzes Brett - E-Mail-Absender Name'),
	(1974, 3, '10413', 'Ein Name, der neben der angegebenen E-Mail-Adresse erscheint'),
	(1975, 3, '10414', 'Ihr Eintrag auf unserem schwarzen Brett'),
	(1976, 3, '10415', 'Guten Tag,\n\n\nSie haben vor kurzem einen Eintrag auf unserem schwarzen Brett hinterlassen.'),
	(1977, 3, '10416', '\nDamit Ihr Eintrag aktiviert wird, verwenden Sie bitte '),
	(1978, 3, '10417', 'diesen Link'),
	(1979, 3, '10420', '\n\nDamit Ihr Eintrag aktiviert wird, verwenden Sie bitte diesen Link, indem Sie ihn in Ihre Adresseleiste des Browsers kopieren:\n'),
	(1980, 3, '10423', 'Zum schwarzen Brett'),
	(1981, 3, '10424', 'Dieser Eintrag wurde nicht gefunden oder bereits aktiviert.'),
	(1982, 3, '10425', 'Eintrag löschen'),
	(1983, 3, '10426', 'Dieser Eintrag wurde nicht gefunden oder bereits gelöscht.'),
	(1984, 3, '10427', 'Your email address'),
	(1985, 3, '10428', 'Eintrag wurde erfolgreich gelöscht.'),
	(1986, 3, '10429', 'Einträge'),
	(1987, 3, '10430', 'Momentan sind hier keine Einträge vorhanden.'),
	(1988, 3, '10431', 'Details anzeigen'),
	(1989, 3, '10432', 'Details verbergen'),
	(1990, 3, '10433', 'Eintrag eingestellt: '),
	(1991, 3, '10434', 'Gesuch: '),
	(1992, 3, '10435', 'Angebot: '),
	(1993, 3, '10436', 'von'),
	(1994, 3, '10437', 'Kontakt: '),
	(1995, 3, '10438', 'Zugriff auf das schwarze Brett'),
	(1996, 3, '10439', 'Hat dieser Benutzer das Recht, Einträge des schwarzen Bretts zu verwalten?'),
	(1997, 3, '10440', 'Verwalten Sie hier die verschiedenen Einträge des schwarzen Bretts.'),
	(1998, 3, '10441', 'Aktiviert?'),
	(1999, 3, '10442', 'Liste der Einträge'),
	(2000, 3, '10443', 'Autor'),
	(2001, 3, '10444', 'Bands verwalten'),
	(2002, 3, '10445', 'Verwalten Sie hier Ihre Bands.'),
	(2003, 3, '10446', 'Liste der Bands'),
	(2004, 3, '10447', 'Neue Band'),
	(2005, 3, '10448', 'Band bearbeiten'),
	(2006, 3, '10450', 'Kontaktformular - E-Mail-Adresse'),
	(2007, 3, '10451', 'An welche E-Mail-Adresse soll das Formular gesendet werden?'),
	(2008, 3, '10452', 'Kontaktformular - E-Mail Titel'),
	(2009, 3, '10454', 'Ihr Anliegen:'),
	(2010, 3, '10455', 'Das Formular abschicken'),
	(2011, 3, '10456', 'Halllo,\n\njemand hat das Kontaktformular auf Ihrer Webseite ausgefüllt.\n\nHier sind alle Angaben:\n\n'),
	(2012, 3, '10457', 'Name: '),
	(2013, 3, '10458', 'E-Mail-Adresse: '),
	(2014, 3, '10459', '\nAnliegen: '),
	(2015, 3, '10460', '\n\nInhalt: \n'),
	(2016, 3, '10461', '\n\nIP-Adresse: '),
	(2017, 3, '10462', 'Ihr Nachricht wurde erfolgreich gesendet.'),
	(2018, 3, '10464', 'Webseite'),
	(2019, 3, '10465', 'Eingesetzte Technologien'),
	(2020, 3, '10466', 'Weitere Informationen'),
	(2021, 3, '10467', 'Alle Rechte vorbehalten'),
	(2022, 3, '10468', 'Was wir Ihnen bieten'),
	(2023, 3, '10469', 'Geschichte der Firma'),
	(2024, 3, '10470', 'Das Impressum'),
	(2025, 3, '10471', 'Kontaktformular'),
	(2026, 3, '10472', 'Betreff'),
	(2027, 3, '10473', 'Absenden'),
	(2028, 3, '10474', 'Hinweis: Wenn Sie planen uns persönlich zu besuchen, so vereinbaren Sie bitte vorher einen Termin.'),
	(2029, 3, '10475', 'Ihre Nachricht wird gesendet...'),
	(2030, 3, '10476', 'Ihre Nachricht wurde erfolgreich gesendet.'),
	(2031, 3, '10478', 'Erneut versuchen'),
	(2032, 3, '10479', 'Der Benutzer wurde gelöscht.'),
	(2033, 3, '10480', 'Allgemein'),
	(2034, 3, '10481', 'Debug-Modus'),
	(2035, 3, '10482', 'Befindet sich das System im Debug-Modus, werden u.a. erweiterte Fehlermeldungen agezeigt.'),
	(2036, 3, '10483', 'Einstellungen gespeichert.'),
	(2037, 3, '10484', 'Konnte nicht gespeichert werden.'),
	(2038, 3, '10485', 'Kürzel'),
	(2039, 3, '10486', 'Telefonnummer'),
	(2040, 3, '10487', 'Verbandadministrator'),
	(2041, 3, '10488', 'Ist dieser Benutzer ein Administrator eines Verbands?'),
	(2042, 3, '10489', 'Der Verband wurde erfolgreich gelöscht.'),
	(2043, 3, '10490', 'Neuer Verband'),
	(2044, 3, '10491', 'Daten importieren'),
	(2045, 3, '10492', 'Daten exportieren'),
	(2046, 3, '10493', 'Liste aller Verbände'),
	(2047, 3, '10494', 'Suchbegriff'),
	(2048, 3, '10495', 'Schließen'),
	(2049, 3, '10496', 'Verband bearbeiten'),
	(2050, 3, '10497', 'Verband gespeichert'),
	(2051, 3, '10498', 'Der Verband wurde gespeichert.'),
	(2052, 3, '10499', 'Verband bearbeiten'),
	(2053, 3, '10500', 'Verband löschen'),
	(2054, 3, '10501', 'Möchten Sie diesen Verband wirklich löschen?'),
	(2055, 3, '10502', 'Es gab einen Fehler beim Löschen des Eintrags.'),
	(2056, 3, '10503', 'Der Initial-Import ist momentan deaktiviert.'),
	(2057, 3, '10504', 'Bitte melden Sie sich an, um fortzufahren.'),
	(2058, 3, '10505', 'Der Verband konnte nicht gefunden werden.'),
	(2059, 3, '10506', 'Die Datei \\"%\\" existiert nicht.'),
	(2060, 3, '10507', 'Es gab einen Fehler beim Import: \\"%\\"'),
	(2061, 3, '10508', 'Der Import von %1 Einträgen in den Verband \\"%2\\" wurde erfolgreich abgeschlossen. Dauer: %3 ms.'),
	(2062, 3, '10509', 'Mitglieder'),
	(2063, 3, '10510', 'Mitglieder-Liste des Verbands %'),
	(2064, 3, '10511', 'Neues Mitglied'),
	(2065, 3, '10512', 'Adresse'),
	(2066, 3, '10513', 'Kontaktperson'),
	(2067, 3, '10514', 'Firma'),
	(2068, 3, '10515', 'Deutsch'),
	(2069, 3, '10516', 'Italienisch'),
	(2070, 3, '10517', 'Englisch'),
	(2071, 3, '10518', 'Französisch'),
	(2072, 3, '10519', 'Details ein-/ausblenden'),
	(2073, 3, '10520', 'Mitglied bearbeiten'),
	(2074, 3, '10521', 'Weitere Informationen'),
	(2075, 3, '10522', 'Status'),
	(2076, 3, '10523', 'Aktiv'),
	(2077, 3, '10524', 'Inaktiv'),
	(2078, 3, '10525', 'Seit'),
	(2079, 3, '10526', 'Verbandsmitglied-Nummer'),
	(2080, 3, '10527', 'ID'),
	(2081, 3, '10528', 'Mitglied seit'),
	(2082, 3, '10529', 'Geburtsdatum'),
	(2083, 3, '10530', 'Kunden-Segment'),
	(2084, 3, '10531', 'CMA'),
	(2085, 3, '10532', 'Keine gültige Verband-ID'),
	(2086, 3, '10533', 'SCN'),
	(2087, 3, '10534', 'Affiliation Agreement Symphony'),
	(2088, 3, '10535', 'Profitiert von Verbandskonditionen'),
	(2089, 3, '10536', 'Corporate Agreement Symphony'),
	(2090, 3, '10537', 'Profitiert von individuellen Pricings'),
	(2091, 3, '10538', 'Anzahl mobile Anschlüsse'),
	(2092, 3, '10539', 'Anzahl Festnetz-/Internet-Anschlüsse'),
	(2093, 3, '10540', 'Swisscom Benutzer'),
	(2094, 3, '10541', 'Ist dieser Benutzer ein Swisscom Benutzer?'),
	(2095, 3, '10542', 'Mitglieder-Verzeichnis'),
	(2096, 3, '10543', 'Mitglied löschen'),
	(2097, 3, '10544', 'Wollen Sie dieses Mitglied wirklich endgültig löschen?'),
	(2098, 3, '10545', 'Mein Verband'),
	(2099, 3, '10546', 'Verband'),
	(2100, 3, '10547', 'Kein Verband'),
	(2101, 3, '10548', 'Hat dieser Benutzer Zugriff auf die System-Einstellungen?'),
	(2102, 3, '10549', 'Der Export von %1 Einträgen wurde erfolgreich abgeschlossen. Dauer: %2 ms.'),
	(2103, 3, '10550', 'Verbandsname'),
	(2104, 3, '10551', 'Anrede'),
	(2105, 3, '10552', 'Mitglied Name'),
	(2106, 3, '10553', 'Zusatzname'),
	(2107, 3, '10554', 'Nummer'),
	(2108, 3, '10555', 'Adresse Zusatz'),
	(2109, 3, '10556', 'PLZ'),
	(2110, 3, '10557', 'Stadt'),
	(2111, 3, '10558', 'Festnetz-Nummer der Firma'),
	(2112, 3, '10559', 'Nachname'),
	(2113, 3, '10560', 'Vorname'),
	(2114, 3, '10561', 'NATEL'),
	(2115, 3, '10562', 'Fax'),
	(2116, 3, '10563', 'Aktiv seit'),
	(2117, 3, '10564', 'Inaktiv seit'),
	(2118, 3, '10565', 'Ort'),
	(2119, 3, '10566', 'Swisscom Administrator'),
	(2120, 3, '10567', 'Ist dieser Benutzer ein Swisscom-Administrator?'),
	(2121, 3, '10568', 'Verband exportieren'),
	(2122, 3, '10569', 'Verband importieren'),
	(2123, 3, '10570', 'Export starten'),
	(2124, 3, '10571', 'Direkter Download'),
	(2125, 3, '10572', 'An meine E-Mail-Adresse senden'),
	(2126, 3, '10573', 'Der Export wird bearbeitet, bitte warten...'),
	(2127, 3, '10574', 'Es gab ein Problem beim Export.'),
	(2128, 3, '10575', 'Hier können Sie alle Verbands-Mitgliederlisten auf einmal exportieren.'),
	(2129, 3, '10576', 'Alle Verbände exportieren'),
	(2130, 3, '10577', 'Es können nicht alle Verbände in einer Datei exportiert werden.'),
	(2131, 3, '10578', 'Export erfolgreich.'),
	(2132, 3, '10579', 'Neues Verbandsmitglied'),
	(2133, 3, '10580', '-'),
	(2134, 3, '10581', 'Herr'),
	(2135, 3, '10582', 'Frau'),
	(2136, 3, '10583', 'Kontakt-Nachname'),
	(2137, 3, '10584', 'Kontakt-Vorname'),
	(2138, 3, '10585', 'Kontaktperson'),
	(2139, 3, '10586', 'Allgemeine Daten'),
	(2140, 3, '10587', 'Neu'),
	(2141, 3, '10588', 'Swisscom Kundendaten'),
	(2142, 3, '10589', 'Das neue Mitglied konnte nicht gespeichert werden.'),
	(2143, 3, '10590', 'Das neue Mitglied wurde erfolgreich gespeichert.'),
	(2144, 3, '10591', 'Mitglied speichern'),
	(2145, 3, '10592', 'AAS'),
	(2146, 3, '10593', 'CAS'),
	(2147, 3, '10594', 'Customer Master Account'),
	(2148, 3, '10595', 'Hauptsitz-Kundennummer'),
	(2149, 3, '10596', 'Daten gespeichert.'),
	(2150, 3, '10597', 'Bitte überprüfen Sie die eingegebenen Daten.'),
	(2151, 3, '10598', 'Das Mitglied wurde erfolgreich gelöscht.'),
	(2152, 3, '10599', 'Die E-Mail konnte nicht versendet werden.'),
	(2153, 3, '10600', 'SMTP-Server'),
	(2154, 3, '10601', 'Der Server von dem aus E-Mails des Systems verschickt werden.'),
	(2155, 3, '10602', 'SMTP-Server Port'),
	(2156, 3, '10603', 'Der Verbindungs-Port des SMTP-Servers'),
	(2157, 3, '10604', 'SMTP-Benutzer'),
	(2158, 3, '10605', 'Der Benutzer für die Anmeldung am SMTP-Server.'),
	(2159, 3, '10606', 'SMTP-Passwort'),
	(2160, 3, '10607', 'Das Passwort für die Anmeldung am SMTP-Server.'),
	(2161, 3, '10608', 'Verband-Export'),
	(2162, 3, '10609', 'Hallo %1,\n\nim Anhang finden Sie den aktuellen Verband-Export aus der Verbandsmanagement-Plattform.\n\n%2'),
	(2163, 3, '10610', 'A. m. A.'),
	(2164, 3, '10611', 'A. F. / I.'),
	(2165, 3, '10612', 'CAS seit'),
	(2166, 3, '10613', 'AAS seit'),
	(2167, 3, '10614', 'Vergessen?'),
	(2168, 3, '10615', 'Neu registrieren'),
	(2169, 3, '10616', 'Einloggen'),
	(2170, 3, '10617', 'Absenden'),
	(2171, 3, '10618', 'Passwort vergessen?'),
	(2172, 3, '10619', 'Kein Problem. Tragen Sie hier Ihre E-Mail-Adresse ein und wir senden Ihnen\nAnweisungen zur Einrichtung eines neuen Passworts.'),
	(2173, 3, '10620', 'Zurück zum Login'),
	(2174, 3, '10621', 'Ihre Daten wurden abgesendet. Bitte überprüfen Sie Ihren Posteingang.'),
	(2175, 3, '10622', 'Daten gesendet.'),
	(2176, 3, '10623', 'Fehler'),
	(2177, 3, '10624', 'Bitte überprüfen Sie die eingegebenen Daten und \nversuchen Sie es erneut.'),
	(2178, 3, '10625', 'Diesem Benutzer wurde erst vor kurzem eine E-Mail\nzum Zurücksetzen des Passworts gesendet.\n\nBitte überprüfen Sie Ihren Posteingang oder probieren Sie es später erneut.'),
	(2179, 3, '10626', 'Hello %1,\n\nplease follow &lt;a href="%2" target="_blank"&gt;this link&lt;/a&gt; to generate a new password.\n\n%3'),
	(2180, 3, '10627', 'Hello %1, \r \r you have just been registered as a new user.\r Please follow this link to create a password for your account: \r &lt;a href="%2" target="_blank"&gt;%2 &lt;/a&gt;\r \r %3 '),
	(2181, 3, '10628', 'Registrierung im System'),
	(2182, 3, '10629', 'Der von Ihnen aufgerufene Link ist nicht mehr gültig.'),
	(2183, 3, '10630', 'Passwort festlegen'),
	(2184, 3, '10631', 'Passwort festlegen'),
	(2185, 3, '10632', 'Bitte tragen Sie hier Ihr neues Passwort ein.'),
	(2186, 3, '10633', 'Passwort gespeichert'),
	(2187, 3, '10634', 'Sie können sich mit Ihrem gewählten Passwort nun einloggen.'),
	(2188, 3, '10635', 'Die eingegebenen Daten waren nicht korrekt. Bitte versuchen Sie es erneut.'),
	(2189, 3, '10636', 'Benutzer-Status'),
	(2190, 3, '10637', 'Aktiviert'),
	(2191, 3, '10638', 'Deaktiviert'),
	(2192, 3, '10639', 'Dieser Benutzer ist momentan deaktiviert. \nNach der Registrierung haben Sie eine E-Mail mit einem Aktivierungslink erhalten. Bitte folgen Sie den Anweisungen in dieser E-Mail.'),
	(2193, 3, '10640', 'Jetzt registrieren'),
	(2194, 3, '10641', 'Registrierung'),
	(2195, 3, '10642', 'Here you can register for the system supporting medical praxis management. After the registration, you\'ll receive an e-mail with an activation link.'),
	(2196, 3, '10643', 'Leider gab es ein Problem. Bitte überprüfen Sie die eingegebenen Daten.'),
	(2197, 3, '10644', 'Der Benutzername oder die E-Mail-Adresse sind bereits registriert.'),
	(2198, 3, '10645', 'Ihre Registrierung'),
	(2199, 3, '10646', 'Hello %1,\r \r thank you for your registration. &lt;a href="%2" target="_blank"&gt;Please follow this link to activate your account.&lt;/a&gt;\r \r %3'),
	(2200, 3, '10647', 'Registrierung erfolgreich'),
	(2201, 3, '10648', 'Ihre Anmeldung war erfolgreich. Bitte überprüfen Sie nun Ihr E-Mail-Postfach auf eine E-Mail vom System und bestätigen Sie Ihren Account mit dem Aufruf des enthaltenen Links. Nach diesem Schritt können Sie sich einloggen.'),
	(2202, 3, '10649', 'Aktivierung erfolgreich'),
	(2203, 3, '10650', 'Vielen Dank, Sie können sich nun mit Ihren Benutzerdaten anmelden.'),
	(2204, 3, '10651', 'Bitte verwenden Sie eine E-Mail-Adresse mit der Endung \\"@swisscom.com\\" oder \\"@swisscom.ch\\".'),
	(2205, 3, '10652', 'Der Benutzername sollte aus mindestens 4 Buchstaben bestehen.'),
	(2206, 3, '10653', 'Das Passwort sollte aus mindestens drei Buchstaben bestehen.'),
	(2207, 3, '10654', 'genaue Position: Zeile % im Dokument.'),
	(2208, 3, '10655', 'Der Verband des Mitglieds und der ausgewählte Verband für den Import stimmen nicht überein!'),
	(2209, 3, '10656', 'Das Mitglied konnte keinem Verband zugeordnet werden.'),
	(2210, 3, '10657', 'Der Import von %1 Einträgen wurde erfolgreich abgeschlossen. Dauer: %2 ms.'),
	(2211, 3, '10658', 'Bei einem Import werden eventuell bestehende Mitgliederdaten des Verbands % im Verbandsmanagement überschrieben.'),
	(2212, 3, '10659', 'Mitglieder importieren'),
	(2213, 3, '10660', 'Import starten'),
	(2214, 3, '10661', 'Datei auswählen'),
	(2215, 3, '10662', 'Datei hier hineinziehen oder klicken zum auswählen.'),
	(2216, 3, '10663', 'Sie können nur eine Datei hochladen.'),
	(2217, 3, '10664', 'Ungültiger Dateityp'),
	(2218, 3, '10665', 'Es gab ein Problem beim Upload.'),
	(2219, 3, '10666', 'Upload erfolgreich.'),
	(2220, 3, '10667', 'Der Import läuft, bitte warten...'),
	(2221, 3, '10668', 'Bei einem Import werden eventuell existierende Einträge im Verbandsamanagement mit den Daten aus dem Upload überschrieben.'),
	(2222, 3, '10669', 'Erfolgreich gespeichert.'),
	(2223, 3, '10670', 'Konnte nicht gespeichert werden. Bitte überprüfen Sie Ihre Eingaben.'),
	(2224, 3, '10671', 'Monatliche Reports per E-Mail'),
	(2225, 3, '10672', 'Auflistung aller Neueintritte in die Verbände'),
	(2226, 3, '10673', 'Auflistung aller Austritte aus den Verbänden'),
	(2227, 3, '10674', 'Vergleich der Anzahl Eintritte/Austritte zum Vormonat'),
	(2228, 3, '10675', 'Workflow starten: Kunde erfassen'),
	(2229, 3, '10676', 'Workflow starten: Verbandskonditionen aktivieren'),
	(2230, 3, '10677', 'Der Workflow konnte nicht gestartet werden.'),
	(2231, 3, '10678', 'Cronjob erfolgreich ausgeführt.'),
	(2232, 3, '10679', 'Die Reports konnten nicht erstellt werden.'),
	(2233, 3, '10680', 'Es gibt momentan keine Benutzer, die einen Report per E-Mail wünschen.'),
	(2234, 3, '10681', 'Diese Funktion darf nur von einem Cronjob ausgeführt werden.'),
	(2235, 3, '10682', 'Hallo %1, \n\nim Anhang finden Sie Ihre abonnierten monatlichen Reports.\n\n%2'),
	(2236, 3, '10683', 'Verbandsmanagement - Monatlich abonnierte(r) Report(s)'),
	(2237, 3, '10684', 'Die Reports wurden erstellt und versendet.'),
	(2238, 3, '10685', 'Neueintritte'),
	(2239, 3, '10686', 'Deaktivierungen'),
	(2240, 3, '10687', 'Monatsvergleich'),
	(2241, 3, '10688', 'bis'),
	(2242, 3, '10689', 'Es gab einen Fehler beim Export: \\"%\\"'),
	(2243, 3, '10690', 'Es gab einen Fehler beim Report: \\"%\\"'),
	(2244, 3, '10691', 'Anzahl Mitglieder'),
	(2245, 3, '10692', 'Neu %'),
	(2246, 3, '10693', 'Deaktiviert %'),
	(2247, 3, '10694', 'Mitglieder Status'),
	(2248, 3, '10695', 'Gesamt'),
	(2249, 3, '10696', 'Noch keine Mitglieder im System.'),
	(2250, 3, '10697', 'Aktivierungen / Deaktivierungen'),
	(2251, 3, '10698', 'Verband-Export-Datei nicht gefunden.'),
	(2252, 3, '10699', 'Mitglieder nach Ort'),
	(2253, 3, '10700', 'SMTP-Server - SSL-Verbindung'),
	(2254, 3, '10701', 'Wird die Verbindung zum SMTP-Server SSL-verschlüsselt?'),
	(2255, 3, '10702', 'Die E-Mail konnte nicht versendet werden. Möglicherweise haben Sie diese Funktion erst vor kurzem verwendet?'),
	(2256, 3, '10703', 'SMTP-Einstellungen'),
	(2257, 3, '10704', 'Rechte'),
	(2258, 3, '10705', 'Generelles'),
	(2259, 3, '10706', 'Ungültiger Workflow'),
	(2260, 3, '10707', 'Die Resource für den Workflow konnte nicht aufgerufen werden.'),
	(2261, 3, '10708', 'Der Workflow wurde erfolgreich gestartet.'),
	(2262, 3, '10709', 'Auf dem lokalen Testserver sind die Workflows deaktiviert.'),
	(2263, 3, '10710', 'SR NE'),
	(2264, 3, '10711', 'Service Request Nummer: &#039;Neukunde erstellen&#039;'),
	(2265, 3, '10712', 'SR VKA'),
	(2266, 3, '10713', 'Service Request Nummer: \\\'Verbandskonditionen aktivieren\\\''),
	(2267, 3, '10714', 'SR VKD Status'),
	(2268, 3, '10715', 'Service Request Status: \\\'Verbandskonditionen deaktivieren\\\''),
	(2269, 3, '10716', 'SR NE Datum'),
	(2270, 3, '10717', 'SR VKA Datum'),
	(2271, 3, '10718', 'SR VKD Datum'),
	(2272, 3, '10719', 'Kein Status'),
	(2273, 3, '10720', 'Diese Kunde hat die Konditionen nicht. Keine weitere Verarbeitung.'),
	(2274, 3, '10721', 'Verbands-Konditionen für diesen Kunden wurden erfolgreich deaktiviert.'),
	(2275, 3, '10722', 'Andere Gründe / Entscheidung'),
	(2276, 3, '10723', 'Das System befindet sich nicht im Debug-Modus.'),
	(2624, 4, '10000', 'Systemadministrator'),
	(2625, 4, '10001', 'Hat dieser Benutzer Administrator-Rechte?'),
	(2626, 4, '10002', 'Standard-Stundensatz'),
	(2627, 4, '10003', 'Dies ist der Standardstundensatz, der beim anlegen eines neuen Projektes automatisch voreingetragen ist.'),
	(2628, 4, '10004', 'Bezahlt'),
	(2629, 4, '10005', 'Hat der Kunde die aufgelistete Arbeit bereits bezahlt?'),
	(2630, 4, '10006', 'Backend title'),
	(2631, 4, '10007', 'Dieser Titel erscheint in der Titelleiste des Browsers'),
	(2632, 4, '10008', 'Logout'),
	(2633, 4, '10009', 'Logged in as'),
	(2634, 4, '10010', 'Hauptfunktionen'),
	(2635, 4, '10011', 'System'),
	(2636, 4, '10012', 'Administrator'),
	(2637, 4, '10013', 'System Menü'),
	(2638, 4, '10014', 'Login für registrierte Benutzer'),
	(2639, 4, '10015', 'Login'),
	(2640, 4, '10016', 'Bitte Benutzernamen und Passwort eingeben'),
	(2641, 4, '10017', 'Hauptfunktionen'),
	(2642, 4, '10018', 'Sprachvariablen'),
	(2643, 4, '10019', 'Pagina iniziale'),
	(2644, 4, '10020', 'Benutzer'),
	(2645, 4, '10021', 'Systemverwaltung'),
	(2646, 4, '10022', 'Menü'),
	(2647, 4, '10023', 'Ein Fehler ist aufgetreten'),
	(2648, 4, '10024', 'Fehlerbeschreibung:'),
	(2649, 4, '10025', 'Benutzer'),
	(2650, 4, '10026', 'Account-Einstellungen'),
	(2651, 4, '10027', 'System-Einstellungen'),
	(2652, 4, '10028', 'Installierte Sprachen:'),
	(2653, 4, '10029', 'Dies ist die zentrale Sprachverwaltung des Systems. Hier können neue Sprachvariablen angelegt, bestehende editiert oder gelöscht werden. '),
	(2654, 4, '10030', 'Dies ist die zentrale Benutzerverwaltung des Systems. Benutzer können angelegt, editiert oder gelöscht werden. Verschiedene Rechte können zugewiesen werden.'),
	(2655, 4, '10031', 'Optionen'),
	(2656, 4, '10032', 'Warnung: Ihr Internet-Browser wird nicht oder nur teilweise unterstüzt. Bitte wechseln Sie aus Sicherheitsgründen zu einen modernen Browser.'),
	(2657, 4, '10033', 'Warnung: Sie haben JavaScript deaktiviert. Sie können deshalb viele Funktionen dieser Webseite nicht verwenden. Bitte aktivieren Sie JavaScript! '),
	(2658, 4, '10034', 'Warnung: Die Unterstützung für Ihren Internet-Browser ist begrenzt. Bitte aktualisieren Sie ihn auf eine aktuelle Version.'),
	(2659, 4, '10035', 'Neue Variable'),
	(2660, 4, '10036', 'Variablenliste'),
	(2661, 4, '10037', 'Funktionen'),
	(2662, 4, '10038', 'Sprache 1'),
	(2663, 4, '10039', 'Sprache 2'),
	(2664, 4, '10040', 'Variablen-ID'),
	(2665, 4, '10041', 'Suchen'),
	(2666, 4, '10042', 'Seite zurück'),
	(2667, 4, '10043', 'Seite weiter'),
	(2668, 4, '10044', 'Sprache:'),
	(2669, 4, '10055', 'Speichern und schliessen'),
	(2670, 4, '10056', 'Abbrechen'),
	(2671, 4, '10057', 'Ein Fehler ist aufgetreten.'),
	(2672, 4, '10058', 'Die Variable wurde gespeichert.'),
	(2673, 4, '10060', 'Termine'),
	(2674, 4, '10061', 'Benutzer'),
	(2675, 4, '10063', 'Persönlicher Kalender'),
	(2676, 4, '10064', 'Hier sehen Sie eine Übersicht von Kalendereinträgen.'),
	(2677, 4, '10065', 'Sprachvariable gespeichert'),
	(2678, 4, '10066', 'Fehler'),
	(2679, 4, '10067', 'Die Sprachvariable wurde erfolgreich gespeichert. Ihre ID ist: '),
	(2680, 4, '10068', 'Die Sprachvariable konnte nicht gespeichert werden, ein Fehler ist aufgetreten. Bitte probieren Sie es erneut.'),
	(2681, 4, '10069', 'Okay'),
	(2682, 4, '10070', 'Variable löschen'),
	(2683, 4, '10071', 'Variable bearbeiten'),
	(2684, 4, '10072', 'Sprachvariable bearbeiten'),
	(2685, 4, '10073', 'Wollen Sie Diese Sprachvariable wirklich löschen?'),
	(2686, 4, '10074', 'Variablen-ID'),
	(2687, 4, '10075', 'Benutzer bearbeiten'),
	(2688, 4, '10076', 'Benutzer löschen'),
	(2689, 4, '10077', 'Optionen'),
	(2690, 4, '10078', 'ID'),
	(2691, 4, '10079', 'Benutzername'),
	(2692, 4, '10080', 'Voller Name'),
	(2693, 4, '10081', 'E-Mail'),
	(2694, 4, '10082', 'Letzter Login'),
	(2695, 4, '10083', 'Registrierungsdatum'),
	(2696, 4, '10084', 'Liste aller Benutzer'),
	(2697, 4, '10085', 'Neuer Benutzer'),
	(2698, 4, '10086', 'Details anzeigen'),
	(2699, 4, '10087', 'Neues Passwort erstellen'),
	(2700, 4, '10088', 'Fehler: Die gesendeten Daten sind leer.'),
	(2701, 4, '10089', 'Bitte warten, Daten wurden bereits gesendet.'),
	(2702, 4, '10090', 'Benutzer bearbeiten'),
	(2703, 4, '10091', 'Passwort'),
	(2704, 4, '10092', 'Passwort, bitte wiederholen'),
	(2705, 4, '10093', 'Die Validierung des Formulars schlug fehl.'),
	(2706, 4, '10094', 'Ungültige E-Mail-Adresse.'),
	(2707, 4, '10095', 'Please enter your password two times.'),
	(2708, 4, '10096', 'Die beiden eingegebenen Passwörter sind nicht identisch.'),
	(2709, 4, '10097', 'Das gewünschte Passwort ist zu kurz.'),
	(2710, 4, '10098', 'Ein Pflichtfeld ist nicht ausgefüllt.'),
	(2711, 4, '10099', 'Wollen Sie diesen Benutzer wirklich löschen?'),
	(2712, 4, '10100', 'Wollen sie diesen Eintrag wirklich löschen?'),
	(2713, 4, '10101', 'Der Benutzer konnte nicht gespeichert werden, ein Fehler ist aufgetreten. \n\nMöglicherweise existiert bereits ein Benutzer mit diesem Loginnamen oder dieser E-Mail-Adresse.'),
	(2714, 4, '10102', 'Bitte gehen Sie sicher, dass sie alle Felder korrekt ausgefüllt haben.'),
	(2715, 4, '10103', 'Der Benutzer wurde gespeichert. Seine ID ist: '),
	(2716, 4, '10104', 'Benutzer gespeichert'),
	(2717, 4, '10105', 'Neues Passwort anlegen'),
	(2718, 4, '10106', 'Das Passwort konnte nicht gespeichert werden.'),
	(2719, 4, '10107', 'Passwort gespeichert'),
	(2720, 4, '10108', 'Das neue Passwort für diesen Benutzer wurde erfolgreich gespeichert.'),
	(2721, 4, '10109', 'Die übergebene ID ist keine ganze Zahl.'),
	(2722, 4, '10110', 'Die übergebene ID ist kleiner 0.'),
	(2723, 4, '10111', 'Benutzereinstellungen'),
	(2724, 4, '10112', 'Unbekannte Methode: '),
	(2725, 4, '10113', 'Ein kritischer Fehler ist aufgetreten'),
	(2726, 4, '10114', 'Zeile'),
	(2727, 4, '10115', 'Position: '),
	(2728, 4, '10116', 'Aufruf-Stapel: '),
	(2729, 4, '10117', 'Sie bearbeiten hier die Benutzereinstellungen des Benutzers '),
	(2730, 4, '10118', 'Der Typ muss definiert werden.'),
	(2731, 4, '10119', 'Beschreibung'),
	(2732, 4, '10120', 'Einstellungen'),
	(2733, 4, '10121', 'Es gab einen Fehler bei den Einstellungen'),
	(2734, 4, '10122', 'Administrator-Einstellungen'),
	(2735, 4, '10123', 'Benutzer-Einstellungen'),
	(2736, 4, '10124', 'Sprache'),
	(2737, 4, '10125', 'Stellen Sie hier die Systemsprache ein.'),
	(2738, 4, '10126', 'Dieses Dropdown-Feld ist nicht defniert: '),
	(2739, 4, '10127', 'Hier können Sie Ihre benutzerspezifischen Einstellungen bearbeiten.'),
	(2740, 4, '10129', 'Speichern'),
	(2741, 4, '10130', 'Sie haben nicht die benötigte Berechtigung für diesen Bereich.'),
	(2742, 4, '10131', 'Debug: '),
	(2743, 4, '10132', 'Es gibt ein Problem mit der Datenbank.'),
	(2744, 4, '10133', 'Das Datenbankobjekt der Klasse wurde noch nicht gesetzt.'),
	(2745, 4, '10134', 'System-Einstellungen'),
	(2746, 4, '10135', 'Systemeinstellungen bearbeiten'),
	(2747, 4, '10136', 'Bearbeiten Sie hier globale Einstellungen für das komplette System.'),
	(2748, 4, '10137', 'Aufgabenliste'),
	(2749, 4, '10138', 'Dies ist keine gültige Zahl.'),
	(2750, 4, '10139', 'Standard Sprache'),
	(2751, 4, '10140', 'Stellen Sie hier die Standard-Sprache des Systems ein'),
	(2752, 4, '10141', 'Zugriff auf die Aufgabenliste'),
	(2753, 4, '10142', 'Bestimmt den Zugriff auf die Aufgabenliste'),
	(2754, 4, '10143', 'Gesperrte Setting IDs für Benutzer'),
	(2755, 4, '10144', 'Dies ist eine Reihe von Setting IDs, die Benutzer beim bearbeiten des eigenen Profils nicht ändern dürfen (Einzelne IDs werden durch Kommata getrennt!)'),
	(2756, 4, '10145', 'Zugriff auf den Kalender'),
	(2757, 4, '10146', 'Bestimmt den Zugriff auf den internen Kalender'),
	(2758, 4, '10147', 'Die Seite wurde nicht gefunden (404)'),
	(2759, 4, '10148', 'Falsche Syntax (400)'),
	(2760, 4, '10149', 'Sie haben keinen Zugriff auf diese Seite! (403)'),
	(2761, 4, '10150', 'Interner Server-Fehler (500)'),
	(2762, 4, '10151', 'Projekte'),
	(2763, 4, '10152', 'Zugriff auf die Projektverwaltung'),
	(2764, 4, '10153', 'Hat dieser Benutzer Zugriff auf die interne Projektverwaltung?'),
	(2765, 4, '10154', 'Rechnungen, eingehend'),
	(2766, 4, '10155', 'Rechnungen, ausgehend'),
	(2767, 4, '10156', 'Buchhaltung'),
	(2768, 4, '10157', 'Zuriff auf Rechnungen'),
	(2769, 4, '10158', 'Bestimmt den Zugriff auf eingehende und ausgehende Rechnungen'),
	(2770, 4, '10159', 'Verbände'),
	(2771, 4, '10160', 'Zugriff auf die Kundenverwaltung'),
	(2772, 4, '10161', 'Bestimmt den Zugriff auf die interne Kundenverwaltung'),
	(2773, 4, '10162', 'Kundenverwaltung'),
	(2774, 4, '10163', 'Dies ist eine Übersicht sämtlicher Kunden. Kundendetails können betrachtet und bearbeitet werden.'),
	(2775, 4, '10164', 'Neuer Kunde'),
	(2776, 4, '10166', 'Name'),
	(2777, 4, '10167', 'Erstellt'),
	(2778, 4, '10168', 'Kundendaten'),
	(2779, 4, '10169', 'Kundendaten betrachten'),
	(2780, 4, '10170', 'Kunde löschen'),
	(2781, 4, '10171', 'Liste'),
	(2782, 4, '10172', ' -&amp;gt; '),
	(2783, 4, '10173', 'Kundendaten'),
	(2784, 4, '10174', 'Adresse'),
	(2785, 4, '10175', 'Strasse'),
	(2786, 4, '10176', 'Postleitzahl und Ort'),
	(2787, 4, '10177', 'Land'),
	(2788, 4, '10178', 'Adresse hinzufügen'),
	(2789, 4, '10179', 'Entfernen'),
	(2790, 4, '10180', 'Kommentar hinzufügen'),
	(2791, 4, '10181', 'Umsatzsteuer-Identifikationsnummer'),
	(2792, 4, '10185', 'Eine Strasse oder ein Postfach'),
	(2793, 4, '10188', 'Kommentar'),
	(2794, 4, '10189', 'Ein optionaler Kommentar, falls Sonderfälle auftreten'),
	(2795, 4, '10191', 'Spezifische Funktionen'),
	(2796, 4, '10192', 'Kommentare'),
	(2797, 4, '10193', 'Aktionen'),
	(2798, 4, '10194', 'Alles speichern'),
	(2799, 4, '10196', 'Bearbeitungsmodus'),
	(2800, 4, '10197', 'Ansichtsmodus'),
	(2801, 4, '10201', 'Herr'),
	(2802, 4, '10202', 'Frau'),
	(2803, 4, '10203', '?'),
	(2804, 4, '10205', 'Feld für Sonderfälle und Anmerkungen'),
	(2805, 4, '10206', 'Kontaktinformation hinzufügen'),
	(2806, 4, '10207', 'Kontaktinformation'),
	(2807, 4, '10208', 'E-Mail'),
	(2808, 4, '10209', 'Festnetz'),
	(2809, 4, '10210', 'Mobil'),
	(2810, 4, '10211', 'ICQ'),
	(2811, 4, '10212', 'Skype'),
	(2812, 4, '10213', 'MSN'),
	(2813, 4, '10214', 'AOL'),
	(2814, 4, '10215', 'Yahoo'),
	(2815, 4, '10216', 'Sonstige'),
	(2816, 4, '10220', 'Titel im Header'),
	(2817, 4, '10221', 'The text standing in the title bar of the browser.'),
	(2818, 4, '10222', 'Leider gab es ein Problem beim Speichern.'),
	(2819, 4, '10223', 'Dieser Datensatz wurde nicht gefunden.'),
	(2820, 4, '10224', 'Bearbeitet'),
	(2821, 4, '10225', 'Kontaktinformation entfernen'),
	(2822, 4, '10226', 'Wollen Sie diese Kontaktinformation wirklich entfernen?'),
	(2823, 4, '10227', 'Fax'),
	(2824, 4, '10228', 'Website'),
	(2825, 4, '10230', 'Kommentar löschen'),
	(2826, 4, '10231', 'Wollen Sie diesen Kommentar wirklich löschen?'),
	(2827, 4, '10232', 'Geschrieben von'),
	(2828, 4, '10233', 'Dieser Benutzer hat den Kommentar geschrieben'),
	(2829, 4, '10234', 'Titel'),
	(2830, 4, '10235', 'Der Titel des Kommentars'),
	(2831, 4, '10236', 'Inhalt'),
	(2832, 4, '10237', 'Der Verfasser existiert nicht mehr.'),
	(2833, 4, '10238', 'Der Fremdschlüssel muss gesetzt sein!'),
	(2834, 4, '10239', 'Standard-Format: Zeit'),
	(2835, 4, '10240', 'Diese Einstellung besagt, in welches Format UNIX-Zeitstempel für Uhrzeiten standardmäßig umgewandelt werden. Die Syntax des Formats entspricht der von der PHP-Funktion date().'),
	(2836, 4, '10241', 'Standard-Format: Datum'),
	(2837, 4, '10242', 'Diese Einstellung besagt, in welches Format UNIX-Zeitstempel für ein Datum standardmäßig umgewandelt werden. Die Syntax des Formats entspricht der von der PHP-Funktion date().'),
	(2838, 4, '10243', 'Format: Zeit'),
	(2839, 4, '10244', 'Diese Einstellung besagt, in welches Format UNIX-Zeitstempel für Uhrzeiten umgewandelt werden. Die Syntax des Formats entspricht der von der PHP-Funktion date().'),
	(2840, 4, '10245', 'Format: Datum'),
	(2841, 4, '10246', 'Diese Einstellung besagt, in welches Format UNIX-Zeitstempel für Uhrzeiten umgewandelt werden. Die Syntax des Formats entspricht der von der PHP-Funktion date().'),
	(2842, 4, '10249', 'Bearbeitungsmodus'),
	(2843, 4, '10250', 'Zugriff auf die Benutzerverwaltung'),
	(2844, 4, '10251', 'Hat dieser Benutzer das Recht, die Einstellungen anderer Benutzer zu bearbeiten?'),
	(2845, 4, '10252', 'Galerie'),
	(2846, 4, '10253', 'News'),
	(2847, 4, '10254', 'Trainingszeiten'),
	(2848, 4, '10255', 'Zugriff auf die Neuigkeiten'),
	(2849, 4, '10256', 'Hat dieser Benutzer das Recht, Neuigkeiten zu verfassen, zu bearbeiten und zu löschen?'),
	(2850, 4, '10257', 'Zugriff auf die Galerie'),
	(2851, 4, '10258', 'Hat dieser Benutzer das Recht, Bilder-Galerien anzulegen und zu bearbeiten?'),
	(2852, 4, '10259', 'Zugriff auf die Trainingszeiten'),
	(2853, 4, '10260', 'Hat dieser Benutzer das Recht, die Trainingszeiten zu bearbeiten?'),
	(2854, 4, '10261', 'Verwalten Sie hier die Bildergalerien der Webseite und laden Sie Bilder hoch.'),
	(2855, 4, '10262', 'Liste der Galerien'),
	(2856, 4, '10263', 'Neue Galerie anlegen'),
	(2857, 4, '10264', 'Anzahl Bilder'),
	(2858, 4, '10265', 'Galerie bearbeiten'),
	(2859, 4, '10266', 'Galerie anlegen'),
	(2860, 4, '10267', 'Der Name der Galerie'),
	(2861, 4, '10268', 'Beschreibung'),
	(2862, 4, '10269', 'Beschreiben Sie den Inhalt dieser Galerie mit ein paar Worten.'),
	(2863, 4, '10270', 'Anlegen'),
	(2864, 4, '10271', 'Wollen Sie diese Galerie und den kompletten Inhalt wirklich löschen?'),
	(2865, 4, '10272', 'Informationen &amp;amp; Support'),
	(2866, 4, '10273', 'Sonstiges'),
	(2867, 4, '10274', 'Kein Titel'),
	(2868, 4, '10275', 'Die Sprache dieser Galerieinformationen'),
	(2869, 4, '10276', 'Informationen in einer anderen Sprache hinzufügen'),
	(2870, 4, '10277', 'Galerieinformationen'),
	(2871, 4, '10278', 'Bitte Sprache wählen'),
	(2872, 4, '10279', 'Hinzufügen'),
	(2873, 4, '10280', 'Sprache hinzufügen:'),
	(2874, 4, '10281', 'Wollen Sie diesen Titel wirklich löschen?'),
	(2875, 4, '10282', 'Beschreibung:'),
	(2876, 4, '10283', 'Bilder hochladen'),
	(2877, 4, '10284', 'Bilder bearbeiten'),
	(2878, 4, '10285', 'Upload-Ordner für Bilder der Galerie'),
	(2879, 4, '10286', 'In diesem Ordner werden hochgeladene Bilder gespeichert.'),
	(2880, 4, '10287', 'Keine Beschreibung vorhanden'),
	(2881, 4, '10288', 'Laden Sie hier Ihre Bilder hoch. Sie können mehrere Dateien gleichzeitig auswählen.'),
	(2882, 4, '10289', 'Bitte aktivieren Sie JavaScript, um diese Funktion verwenden zu können.'),
	(2883, 4, '10290', 'Ziehen Sie eine Datei hier hin, um die Übertragung zu starten.'),
	(2884, 4, '10291', 'Dateien zum Hochladen auswählen'),
	(2885, 4, '10292', 'Fehlgeschlagen'),
	(2886, 4, '10293', 'von'),
	(2887, 4, '10294', 'Diese Datei wurde nicht gefunden.'),
	(2888, 4, '10295', 'Nummer'),
	(2889, 4, '10296', 'Die ausgewählten Bilder:'),
	(2890, 4, '10297', 'Löschen'),
	(2891, 4, '10298', 'Wollen Sie die ausgewählten Bilder wirklich löschen?'),
	(2892, 4, '10299', 'Bildreihenfolge speichern'),
	(2893, 4, '10300', 'Galerie löschen'),
	(2894, 4, '10301', 'Der Schlüssel nach dem sortiert werden soll, ist nicht definiert.'),
	(2895, 4, '10302', 'Verwalten Sie hier die Neugikeiten der Webseite.'),
	(2896, 4, '10303', 'Übersicht'),
	(2897, 4, '10304', 'Neuigkeit verfassen'),
	(2898, 4, '10305', 'Wollen Sie diesen Eintrag wirklich löschen?'),
	(2899, 4, '10306', 'Eintrag erstellt:'),
	(2900, 4, '10307', 'Eintrag bearbeiten'),
	(2901, 4, '10308', 'Eintrag löschen'),
	(2902, 4, '10309', 'Einen neuen Eintrag verfassen'),
	(2903, 4, '10310', 'Dies ist die Überschrift der Neuigkeit.'),
	(2904, 4, '10311', 'Die Sprache, in der Sie diesen Eintrag verfassen.'),
	(2905, 4, '10312', 'Schreiben Sie hier, was Sie loswollen möchten.'),
	(2906, 4, '10313', 'Bitte füllen Sie alle Felder aus.'),
	(2907, 4, '10314', 'Inhalte verwalten'),
	(2908, 4, '10315', 'Zugriff auf das Content Management System'),
	(2909, 4, '10316', 'Darf dieser Benutzer neue Seiten anlegen oder bestehende löschen?'),
	(2910, 4, '10317', 'Content Management System'),
	(2911, 4, '10318', 'Verwalten Sie heir die Inhalte Ihrer Webseite.'),
	(2912, 4, '10319', 'Liste der Inhalte'),
	(2913, 4, '10320', 'Neuer Inhalt'),
	(2914, 4, '10321', 'Inhalt'),
	(2915, 4, '10322', 'Wollen Sie diesen Inhalt wirklich löschen?'),
	(2916, 4, '10323', 'Inhalt bearbeiten'),
	(2917, 4, '10324', 'Sprache wählen:'),
	(2918, 4, '10325', 'Erscheint als Überschrift.'),
	(2919, 4, '10326', 'Inhalt löschen'),
	(2920, 4, '10328', 'Lizenzinformationen'),
	(2921, 4, '10329', 'Informationen'),
	(2922, 4, '10331', 'Frontend title'),
	(2923, 4, '10332', 'Dieser Titel erscheint im Frontend in der Titelleiste des Browsers'),
	(2924, 4, '10333', 'Titel im Header - Frontbereich'),
	(2925, 4, '10334', 'Der Titel, der im Header-Bereich des Frontends dieser Seite steht. '),
	(2926, 4, '10335', 'Pagina iniziale'),
	(2927, 4, '10336', 'Standard Sprache - Frontend'),
	(2928, 4, '10337', 'Stellen Sie hier die Standard-Sprache des Frontbereichs ein'),
	(2929, 4, '10338', 'Bilder'),
	(2930, 4, '10339', 'Schwarzes Brett'),
	(2931, 4, '10340', 'Enthält'),
	(2932, 4, '10341', 'Bilder'),
	(2933, 4, '10342', 'Galerie öffnen'),
	(2934, 4, '10343', 'Zurück zur Übersicht'),
	(2935, 4, '10344', 'Klicken Sie auf die Bilder, um Sie zu vergrößern.'),
	(2936, 4, '10345', 'Willkommen im Administrationsbereich, verwalten Sie hier Ihre Webseite!'),
	(2937, 4, '10346', 'Eintrag bearbeiten'),
	(2938, 4, '10347', 'Neuer Eintrag'),
	(2939, 4, '10348', 'Bearbeiten Sie hier die Einträge des Kalenders.'),
	(2940, 4, '10349', 'List der Einträge'),
	(2941, 4, '10350', 'Zusätzliche Informationen (optional)'),
	(2942, 4, '10351', 'Datum'),
	(2943, 4, '10352', 'Wählen Sie hier das Datum für diesen Termin aus'),
	(2944, 4, '10353', 'Sonntag'),
	(2945, 4, '10354', 'Montag'),
	(2946, 4, '10355', 'Dienstag'),
	(2947, 4, '10356', 'Mittwoch'),
	(2948, 4, '10357', 'Donnerstag'),
	(2949, 4, '10358', 'Freitag'),
	(2950, 4, '10359', 'Samstag'),
	(2951, 4, '10367', 'Januar'),
	(2952, 4, '10368', 'Februar'),
	(2953, 4, '10369', 'März'),
	(2954, 4, '10370', 'April'),
	(2955, 4, '10371', 'Mai'),
	(2956, 4, '10372', 'Juni'),
	(2957, 4, '10373', 'Juli'),
	(2958, 4, '10374', 'August'),
	(2959, 4, '10375', 'September'),
	(2960, 4, '10376', 'Oktober'),
	(2961, 4, '10377', 'November'),
	(2962, 4, '10378', 'Dezember'),
	(2963, 4, '10379', 'Weiter'),
	(2964, 4, '10380', 'Zurück'),
	(2965, 4, '10381', 'Erster Tag der Woche'),
	(2966, 4, '10382', 'Bitte geben Sie hier an, mit welchem Tag in Ihrem Land eine neue Woche beginnt.'),
	(2967, 4, '10383', 'Fehler: Bitte wählen Sie ein Datum.'),
	(2968, 4, '10384', 'Uhrzeit'),
	(2969, 4, '10385', 'Geben Sie hier eine Uhrzeit an.'),
	(2970, 4, '10386', 'Ganztägig?'),
	(2971, 4, '10387', 'Dauert dieser Termin den ganzen Tag oder beginnt er zu einer festen Uhrzeit?'),
	(2972, 4, '10388', 'am'),
	(2973, 4, '10389', 'pm'),
	(2974, 4, '10390', 'Zukünftige Termine anzeigen'),
	(2975, 4, '10391', 'Vergangene Termine anzeigen'),
	(2976, 4, '10392', 'Zukünftige Termine'),
	(2977, 4, '10393', 'Vergangene Termine'),
	(2978, 4, '10394', 'Angebote anzeigen'),
	(2979, 4, '10395', 'Gesuche anzeigen'),
	(2980, 4, '10396', 'Einen eigenen Eintrag erstellen'),
	(2981, 4, '10397', 'Ihr Eintrag'),
	(2982, 4, '10398', 'Art:'),
	(2983, 4, '10399', 'Ihre E-Mail-Adresse:'),
	(2984, 4, '10400', 'Ihr Name:'),
	(2985, 4, '10401', 'Titel des Eintrags:'),
	(2986, 4, '10402', 'Angebot'),
	(2987, 4, '10403', 'Gesuch'),
	(2988, 4, '10404', 'Ihren Eintrag jetzt anlegen'),
	(2989, 4, '10405', 'Fügen Sie bitte hier noch eine detaillierte Beschreibung Ihres Anliegens ein:'),
	(2990, 4, '10406', 'Bitte geben Sie eine gültige E-Mail-Adresse ein.'),
	(2991, 4, '10407', 'Bitte füllen Sie alle Felder aus.'),
	(2992, 4, '10408', 'Ihre Daten werden übertragen...'),
	(2993, 4, '10409', 'Keine gültige ID'),
	(2994, 4, '10410', 'Schwarzes Brett - E-Mail-Absender'),
	(2995, 4, '10411', 'Eine E-Mail-Adresse, von der aus E-Mails des schwarzen Bretts versendet werden'),
	(2996, 4, '10412', 'Schwarzes Brett - E-Mail-Absender Name'),
	(2997, 4, '10413', 'Ein Name, der neben der angegebenen E-Mail-Adresse erscheint'),
	(2998, 4, '10414', 'Ihr Eintrag auf unserem schwarzen Brett'),
	(2999, 4, '10415', 'Guten Tag,\n\n\nSie haben vor kurzem einen Eintrag auf unserem schwarzen Brett hinterlassen.'),
	(3000, 4, '10416', '\nDamit Ihr Eintrag aktiviert wird, verwenden Sie bitte '),
	(3001, 4, '10417', 'diesen Link'),
	(3002, 4, '10420', '\n\nDamit Ihr Eintrag aktiviert wird, verwenden Sie bitte diesen Link, indem Sie ihn in Ihre Adresseleiste des Browsers kopieren:\n'),
	(3003, 4, '10423', 'Zum schwarzen Brett'),
	(3004, 4, '10424', 'Dieser Eintrag wurde nicht gefunden oder bereits aktiviert.'),
	(3005, 4, '10425', 'Eintrag löschen'),
	(3006, 4, '10426', 'Dieser Eintrag wurde nicht gefunden oder bereits gelöscht.'),
	(3007, 4, '10427', 'Your email address'),
	(3008, 4, '10428', 'Eintrag wurde erfolgreich gelöscht.'),
	(3009, 4, '10429', 'Einträge'),
	(3010, 4, '10430', 'Momentan sind hier keine Einträge vorhanden.'),
	(3011, 4, '10431', 'Details anzeigen'),
	(3012, 4, '10432', 'Details verbergen'),
	(3013, 4, '10433', 'Eintrag eingestellt: '),
	(3014, 4, '10434', 'Gesuch: '),
	(3015, 4, '10435', 'Angebot: '),
	(3016, 4, '10436', 'von'),
	(3017, 4, '10437', 'Kontakt: '),
	(3018, 4, '10438', 'Zugriff auf das schwarze Brett'),
	(3019, 4, '10439', 'Hat dieser Benutzer das Recht, Einträge des schwarzen Bretts zu verwalten?'),
	(3020, 4, '10440', 'Verwalten Sie hier die verschiedenen Einträge des schwarzen Bretts.'),
	(3021, 4, '10441', 'Aktiviert?'),
	(3022, 4, '10442', 'Liste der Einträge'),
	(3023, 4, '10443', 'Autor'),
	(3024, 4, '10444', 'Bands verwalten'),
	(3025, 4, '10445', 'Verwalten Sie hier Ihre Bands.'),
	(3026, 4, '10446', 'Liste der Bands'),
	(3027, 4, '10447', 'Neue Band'),
	(3028, 4, '10448', 'Band bearbeiten'),
	(3029, 4, '10450', 'Kontaktformular - E-Mail-Adresse'),
	(3030, 4, '10451', 'An welche E-Mail-Adresse soll das Formular gesendet werden?'),
	(3031, 4, '10452', 'Kontaktformular - E-Mail Titel'),
	(3032, 4, '10454', 'Ihr Anliegen:'),
	(3033, 4, '10455', 'Das Formular abschicken'),
	(3034, 4, '10456', 'Halllo,\n\njemand hat das Kontaktformular auf Ihrer Webseite ausgefüllt.\n\nHier sind alle Angaben:\n\n'),
	(3035, 4, '10457', 'Name: '),
	(3036, 4, '10458', 'E-Mail-Adresse: '),
	(3037, 4, '10459', '\nAnliegen: '),
	(3038, 4, '10460', '\n\nInhalt: \n'),
	(3039, 4, '10461', '\n\nIP-Adresse: '),
	(3040, 4, '10462', 'Ihr Nachricht wurde erfolgreich gesendet.'),
	(3041, 4, '10464', 'Webseite'),
	(3042, 4, '10465', 'Eingesetzte Technologien'),
	(3043, 4, '10466', 'Weitere Informationen'),
	(3044, 4, '10467', 'Alle Rechte vorbehalten'),
	(3045, 4, '10468', 'Was wir Ihnen bieten'),
	(3046, 4, '10469', 'Geschichte der Firma'),
	(3047, 4, '10470', 'Das Impressum'),
	(3048, 4, '10471', 'Kontaktformular'),
	(3049, 4, '10472', 'Betreff'),
	(3050, 4, '10473', 'Absenden'),
	(3051, 4, '10474', 'Hinweis: Wenn Sie planen uns persönlich zu besuchen, so vereinbaren Sie bitte vorher einen Termin.'),
	(3052, 4, '10475', 'Ihre Nachricht wird gesendet...'),
	(3053, 4, '10476', 'Ihre Nachricht wurde erfolgreich gesendet.'),
	(3054, 4, '10478', 'Erneut versuchen'),
	(3055, 4, '10479', 'Der Benutzer wurde gelöscht.'),
	(3056, 4, '10480', 'Allgemein'),
	(3057, 4, '10481', 'Debug-Modus'),
	(3058, 4, '10482', 'Befindet sich das System im Debug-Modus, werden u.a. erweiterte Fehlermeldungen agezeigt.'),
	(3059, 4, '10483', 'Einstellungen gespeichert.'),
	(3060, 4, '10484', 'Konnte nicht gespeichert werden.'),
	(3061, 4, '10485', 'Kürzel'),
	(3062, 4, '10486', 'Telefonnummer'),
	(3063, 4, '10487', 'Verbandadministrator'),
	(3064, 4, '10488', 'Ist dieser Benutzer ein Administrator eines Verbands?'),
	(3065, 4, '10489', 'Der Verband wurde erfolgreich gelöscht.'),
	(3066, 4, '10490', 'Neuer Verband'),
	(3067, 4, '10491', 'Daten importieren'),
	(3068, 4, '10492', 'Daten exportieren'),
	(3069, 4, '10493', 'Liste aller Verbände'),
	(3070, 4, '10494', 'Suchbegriff'),
	(3071, 4, '10495', 'Schließen'),
	(3072, 4, '10496', 'Verband bearbeiten'),
	(3073, 4, '10497', 'Verband gespeichert'),
	(3074, 4, '10498', 'Der Verband wurde gespeichert.'),
	(3075, 4, '10499', 'Verband bearbeiten'),
	(3076, 4, '10500', 'Verband löschen'),
	(3077, 4, '10501', 'Möchten Sie diesen Verband wirklich löschen?'),
	(3078, 4, '10502', 'Es gab einen Fehler beim Löschen des Eintrags.'),
	(3079, 4, '10503', 'Der Initial-Import ist momentan deaktiviert.'),
	(3080, 4, '10504', 'Bitte melden Sie sich an, um fortzufahren.'),
	(3081, 4, '10505', 'Der Verband konnte nicht gefunden werden.'),
	(3082, 4, '10506', 'Die Datei \\"%\\" existiert nicht.'),
	(3083, 4, '10507', 'Es gab einen Fehler beim Import: \\"%\\"'),
	(3084, 4, '10508', 'Der Import von %1 Einträgen in den Verband \\"%2\\" wurde erfolgreich abgeschlossen. Dauer: %3 ms.'),
	(3085, 4, '10509', 'Mitglieder'),
	(3086, 4, '10510', 'Mitglieder-Liste des Verbands %'),
	(3087, 4, '10511', 'Neues Mitglied'),
	(3088, 4, '10512', 'Adresse'),
	(3089, 4, '10513', 'Kontaktperson'),
	(3090, 4, '10514', 'Firma'),
	(3091, 4, '10515', 'Deutsch'),
	(3092, 4, '10516', 'Italienisch'),
	(3093, 4, '10517', 'Englisch'),
	(3094, 4, '10518', 'Französisch'),
	(3095, 4, '10519', 'Details ein-/ausblenden'),
	(3096, 4, '10520', 'Mitglied bearbeiten'),
	(3097, 4, '10521', 'Weitere Informationen'),
	(3098, 4, '10522', 'Status'),
	(3099, 4, '10523', 'Aktiv'),
	(3100, 4, '10524', 'Inaktiv'),
	(3101, 4, '10525', 'Seit'),
	(3102, 4, '10526', 'Verbandsmitglied-Nummer'),
	(3103, 4, '10527', 'ID'),
	(3104, 4, '10528', 'Mitglied seit'),
	(3105, 4, '10529', 'Geburtsdatum'),
	(3106, 4, '10530', 'Kunden-Segment'),
	(3107, 4, '10531', 'CMA'),
	(3108, 4, '10532', 'Keine gültige Verband-ID'),
	(3109, 4, '10533', 'SCN'),
	(3110, 4, '10534', 'Affiliation Agreement Symphony'),
	(3111, 4, '10535', 'Profitiert von Verbandskonditionen'),
	(3112, 4, '10536', 'Corporate Agreement Symphony'),
	(3113, 4, '10537', 'Profitiert von individuellen Pricings'),
	(3114, 4, '10538', 'Anzahl mobile Anschlüsse'),
	(3115, 4, '10539', 'Anzahl Festnetz-/Internet-Anschlüsse'),
	(3116, 4, '10540', 'Swisscom Benutzer'),
	(3117, 4, '10541', 'Ist dieser Benutzer ein Swisscom Benutzer?'),
	(3118, 4, '10542', 'Mitglieder-Verzeichnis'),
	(3119, 4, '10543', 'Mitglied löschen'),
	(3120, 4, '10544', 'Wollen Sie dieses Mitglied wirklich endgültig löschen?'),
	(3121, 4, '10545', 'Mein Verband'),
	(3122, 4, '10546', 'Verband'),
	(3123, 4, '10547', 'Kein Verband'),
	(3124, 4, '10548', 'Hat dieser Benutzer Zugriff auf die System-Einstellungen?'),
	(3125, 4, '10549', 'Der Export von %1 Einträgen wurde erfolgreich abgeschlossen. Dauer: %2 ms.'),
	(3126, 4, '10550', 'Verbandsname'),
	(3127, 4, '10551', 'Anrede'),
	(3128, 4, '10552', 'Mitglied Name'),
	(3129, 4, '10553', 'Zusatzname'),
	(3130, 4, '10554', 'Nummer'),
	(3131, 4, '10555', 'Adresse Zusatz'),
	(3132, 4, '10556', 'PLZ'),
	(3133, 4, '10557', 'Stadt'),
	(3134, 4, '10558', 'Festnetz-Nummer der Firma'),
	(3135, 4, '10559', 'Nachname'),
	(3136, 4, '10560', 'Vorname'),
	(3137, 4, '10561', 'NATEL'),
	(3138, 4, '10562', 'Fax'),
	(3139, 4, '10563', 'Aktiv seit'),
	(3140, 4, '10564', 'Inaktiv seit'),
	(3141, 4, '10565', 'Ort'),
	(3142, 4, '10566', 'Swisscom Administrator'),
	(3143, 4, '10567', 'Ist dieser Benutzer ein Swisscom-Administrator?'),
	(3144, 4, '10568', 'Verband exportieren'),
	(3145, 4, '10569', 'Verband importieren'),
	(3146, 4, '10570', 'Export starten'),
	(3147, 4, '10571', 'Direkter Download'),
	(3148, 4, '10572', 'An meine E-Mail-Adresse senden'),
	(3149, 4, '10573', 'Der Export wird bearbeitet, bitte warten...'),
	(3150, 4, '10574', 'Es gab ein Problem beim Export.'),
	(3151, 4, '10575', 'Hier können Sie alle Verbands-Mitgliederlisten auf einmal exportieren.'),
	(3152, 4, '10576', 'Alle Verbände exportieren'),
	(3153, 4, '10577', 'Es können nicht alle Verbände in einer Datei exportiert werden.'),
	(3154, 4, '10578', 'Export erfolgreich.'),
	(3155, 4, '10579', 'Neues Verbandsmitglied'),
	(3156, 4, '10580', '-'),
	(3157, 4, '10581', 'Herr'),
	(3158, 4, '10582', 'Frau'),
	(3159, 4, '10583', 'Kontakt-Nachname'),
	(3160, 4, '10584', 'Kontakt-Vorname'),
	(3161, 4, '10585', 'Kontaktperson'),
	(3162, 4, '10586', 'Allgemeine Daten'),
	(3163, 4, '10587', 'Neu'),
	(3164, 4, '10588', 'Swisscom Kundendaten'),
	(3165, 4, '10589', 'Das neue Mitglied konnte nicht gespeichert werden.'),
	(3166, 4, '10590', 'Das neue Mitglied wurde erfolgreich gespeichert.'),
	(3167, 4, '10591', 'Mitglied speichern'),
	(3168, 4, '10592', 'AAS'),
	(3169, 4, '10593', 'CAS'),
	(3170, 4, '10594', 'Customer Master Account'),
	(3171, 4, '10595', 'Hauptsitz-Kundennummer'),
	(3172, 4, '10596', 'Daten gespeichert.'),
	(3173, 4, '10597', 'Bitte überprüfen Sie die eingegebenen Daten.'),
	(3174, 4, '10598', 'Das Mitglied wurde erfolgreich gelöscht.'),
	(3175, 4, '10599', 'Die E-Mail konnte nicht versendet werden.'),
	(3176, 4, '10600', 'SMTP-Server'),
	(3177, 4, '10601', 'Der Server von dem aus E-Mails des Systems verschickt werden.'),
	(3178, 4, '10602', 'SMTP-Server Port'),
	(3179, 4, '10603', 'Der Verbindungs-Port des SMTP-Servers'),
	(3180, 4, '10604', 'SMTP-Benutzer'),
	(3181, 4, '10605', 'Der Benutzer für die Anmeldung am SMTP-Server.'),
	(3182, 4, '10606', 'SMTP-Passwort'),
	(3183, 4, '10607', 'Das Passwort für die Anmeldung am SMTP-Server.'),
	(3184, 4, '10608', 'Verband-Export'),
	(3185, 4, '10609', 'Hallo %1,\n\nim Anhang finden Sie den aktuellen Verband-Export aus der Verbandsmanagement-Plattform.\n\n%2'),
	(3186, 4, '10610', 'A. m. A.'),
	(3187, 4, '10611', 'A. F. / I.'),
	(3188, 4, '10612', 'CAS seit'),
	(3189, 4, '10613', 'AAS seit'),
	(3190, 4, '10614', 'Vergessen?'),
	(3191, 4, '10615', 'Neu registrieren'),
	(3192, 4, '10616', 'Einloggen'),
	(3193, 4, '10617', 'Absenden'),
	(3194, 4, '10618', 'Passwort vergessen?'),
	(3195, 4, '10619', 'Kein Problem. Tragen Sie hier Ihre E-Mail-Adresse ein und wir senden Ihnen\nAnweisungen zur Einrichtung eines neuen Passworts.'),
	(3196, 4, '10620', 'Zurück zum Login'),
	(3197, 4, '10621', 'Ihre Daten wurden abgesendet. Bitte überprüfen Sie Ihren Posteingang.'),
	(3198, 4, '10622', 'Daten gesendet.'),
	(3199, 4, '10623', 'Fehler'),
	(3200, 4, '10624', 'Bitte überprüfen Sie die eingegebenen Daten und \nversuchen Sie es erneut.'),
	(3201, 4, '10625', 'Diesem Benutzer wurde erst vor kurzem eine E-Mail\nzum Zurücksetzen des Passworts gesendet.\n\nBitte überprüfen Sie Ihren Posteingang oder probieren Sie es später erneut.'),
	(3202, 4, '10626', 'Hello %1,\n\nplease follow &lt;a href="%2" target="_blank"&gt;this link&lt;/a&gt; to generate a new password.\n\n%3'),
	(3203, 4, '10627', 'Hello %1, \r \r you have just been registered as a new user.\r Please follow this link to create a password for your account: \r &lt;a href="%2" target="_blank"&gt;%2 &lt;/a&gt;\r \r %3 '),
	(3204, 4, '10628', 'Registrierung im System'),
	(3205, 4, '10629', 'Der von Ihnen aufgerufene Link ist nicht mehr gültig.'),
	(3206, 4, '10630', 'Passwort festlegen'),
	(3207, 4, '10631', 'Passwort festlegen'),
	(3208, 4, '10632', 'Bitte tragen Sie hier Ihr neues Passwort ein.'),
	(3209, 4, '10633', 'Passwort gespeichert'),
	(3210, 4, '10634', 'Sie können sich mit Ihrem gewählten Passwort nun einloggen.'),
	(3211, 4, '10635', 'Die eingegebenen Daten waren nicht korrekt. Bitte versuchen Sie es erneut.'),
	(3212, 4, '10636', 'Benutzer-Status'),
	(3213, 4, '10637', 'Aktiviert'),
	(3214, 4, '10638', 'Deaktiviert'),
	(3215, 4, '10639', 'Dieser Benutzer ist momentan deaktiviert. \nNach der Registrierung haben Sie eine E-Mail mit einem Aktivierungslink erhalten. Bitte folgen Sie den Anweisungen in dieser E-Mail.'),
	(3216, 4, '10640', 'Jetzt registrieren'),
	(3217, 4, '10641', 'Registrierung'),
	(3218, 4, '10642', 'Here you can register for the system supporting medical praxis management. After the registration, you\'ll receive an e-mail with an activation link.'),
	(3219, 4, '10643', 'Leider gab es ein Problem. Bitte überprüfen Sie die eingegebenen Daten.'),
	(3220, 4, '10644', 'Der Benutzername oder die E-Mail-Adresse sind bereits registriert.'),
	(3221, 4, '10645', 'Ihre Registrierung'),
	(3222, 4, '10646', 'Hello %1,\r \r thank you for your registration. &lt;a href="%2" target="_blank"&gt;Please follow this link to activate your account.&lt;/a&gt;\r \r %3'),
	(3223, 4, '10647', 'Registrierung erfolgreich'),
	(3224, 4, '10648', 'Ihre Anmeldung war erfolgreich. Bitte überprüfen Sie nun Ihr E-Mail-Postfach auf eine E-Mail vom System und bestätigen Sie Ihren Account mit dem Aufruf des enthaltenen Links. Nach diesem Schritt können Sie sich einloggen.'),
	(3225, 4, '10649', 'Aktivierung erfolgreich'),
	(3226, 4, '10650', 'Vielen Dank, Sie können sich nun mit Ihren Benutzerdaten anmelden.'),
	(3227, 4, '10651', 'Bitte verwenden Sie eine E-Mail-Adresse mit der Endung \\"@swisscom.com\\" oder \\"@swisscom.ch\\".'),
	(3228, 4, '10652', 'Der Benutzername sollte aus mindestens 4 Buchstaben bestehen.'),
	(3229, 4, '10653', 'Das Passwort sollte aus mindestens drei Buchstaben bestehen.'),
	(3230, 4, '10654', 'genaue Position: Zeile % im Dokument.'),
	(3231, 4, '10655', 'Der Verband des Mitglieds und der ausgewählte Verband für den Import stimmen nicht überein!'),
	(3232, 4, '10656', 'Das Mitglied konnte keinem Verband zugeordnet werden.'),
	(3233, 4, '10657', 'Der Import von %1 Einträgen wurde erfolgreich abgeschlossen. Dauer: %2 ms.'),
	(3234, 4, '10658', 'Bei einem Import werden eventuell bestehende Mitgliederdaten des Verbands % im Verbandsmanagement überschrieben.'),
	(3235, 4, '10659', 'Mitglieder importieren'),
	(3236, 4, '10660', 'Import starten'),
	(3237, 4, '10661', 'Datei auswählen'),
	(3238, 4, '10662', 'Datei hier hineinziehen oder klicken zum auswählen.'),
	(3239, 4, '10663', 'Sie können nur eine Datei hochladen.'),
	(3240, 4, '10664', 'Ungültiger Dateityp'),
	(3241, 4, '10665', 'Es gab ein Problem beim Upload.'),
	(3242, 4, '10666', 'Upload erfolgreich.'),
	(3243, 4, '10667', 'Der Import läuft, bitte warten...'),
	(3244, 4, '10668', 'Bei einem Import werden eventuell existierende Einträge im Verbandsamanagement mit den Daten aus dem Upload überschrieben.'),
	(3245, 4, '10669', 'Erfolgreich gespeichert.'),
	(3246, 4, '10670', 'Konnte nicht gespeichert werden. Bitte überprüfen Sie Ihre Eingaben.'),
	(3247, 4, '10671', 'Monatliche Reports per E-Mail'),
	(3248, 4, '10672', 'Auflistung aller Neueintritte in die Verbände'),
	(3249, 4, '10673', 'Auflistung aller Austritte aus den Verbänden'),
	(3250, 4, '10674', 'Vergleich der Anzahl Eintritte/Austritte zum Vormonat'),
	(3251, 4, '10675', 'Workflow starten: Kunde erfassen'),
	(3252, 4, '10676', 'Workflow starten: Verbandskonditionen aktivieren'),
	(3253, 4, '10677', 'Der Workflow konnte nicht gestartet werden.'),
	(3254, 4, '10678', 'Cronjob erfolgreich ausgeführt.'),
	(3255, 4, '10679', 'Die Reports konnten nicht erstellt werden.'),
	(3256, 4, '10680', 'Es gibt momentan keine Benutzer, die einen Report per E-Mail wünschen.'),
	(3257, 4, '10681', 'Diese Funktion darf nur von einem Cronjob ausgeführt werden.'),
	(3258, 4, '10682', 'Hallo %1, \n\nim Anhang finden Sie Ihre abonnierten monatlichen Reports.\n\n%2'),
	(3259, 4, '10683', 'Verbandsmanagement - Monatlich abonnierte(r) Report(s)'),
	(3260, 4, '10684', 'Die Reports wurden erstellt und versendet.'),
	(3261, 4, '10685', 'Neueintritte'),
	(3262, 4, '10686', 'Deaktivierungen'),
	(3263, 4, '10687', 'Monatsvergleich'),
	(3264, 4, '10688', 'bis'),
	(3265, 4, '10689', 'Es gab einen Fehler beim Export: \\"%\\"'),
	(3266, 4, '10690', 'Es gab einen Fehler beim Report: \\"%\\"'),
	(3267, 4, '10691', 'Anzahl Mitglieder'),
	(3268, 4, '10692', 'Neu %'),
	(3269, 4, '10693', 'Deaktiviert %'),
	(3270, 4, '10694', 'Mitglieder Status'),
	(3271, 4, '10695', 'Gesamt'),
	(3272, 4, '10696', 'Noch keine Mitglieder im System.'),
	(3273, 4, '10697', 'Aktivierungen / Deaktivierungen'),
	(3274, 4, '10698', 'Verband-Export-Datei nicht gefunden.'),
	(3275, 4, '10699', 'Mitglieder nach Ort'),
	(3276, 4, '10700', 'SMTP-Server - SSL-Verbindung'),
	(3277, 4, '10701', 'Wird die Verbindung zum SMTP-Server SSL-verschlüsselt?'),
	(3278, 4, '10702', 'Die E-Mail konnte nicht versendet werden. Möglicherweise haben Sie diese Funktion erst vor kurzem verwendet?'),
	(3279, 4, '10703', 'SMTP-Einstellungen'),
	(3280, 4, '10704', 'Rechte'),
	(3281, 4, '10705', 'Generelles'),
	(3282, 4, '10706', 'Ungültiger Workflow'),
	(3283, 4, '10707', 'Die Resource für den Workflow konnte nicht aufgerufen werden.'),
	(3284, 4, '10708', 'Der Workflow wurde erfolgreich gestartet.'),
	(3285, 4, '10709', 'Auf dem lokalen Testserver sind die Workflows deaktiviert.'),
	(3286, 4, '10710', 'SR NE'),
	(3287, 4, '10711', 'Service Request Nummer: &#039;Neukunde erstellen&#039;'),
	(3288, 4, '10712', 'SR VKA'),
	(3289, 4, '10713', 'Service Request Nummer: \\\'Verbandskonditionen aktivieren\\\''),
	(3290, 4, '10714', 'SR VKD Status'),
	(3291, 4, '10715', 'Service Request Status: \\\'Verbandskonditionen deaktivieren\\\''),
	(3292, 4, '10716', 'SR NE Datum'),
	(3293, 4, '10717', 'SR VKA Datum'),
	(3294, 4, '10718', 'SR VKD Datum'),
	(3295, 4, '10719', 'Kein Status'),
	(3296, 4, '10720', 'Diese Kunde hat die Konditionen nicht. Keine weitere Verarbeitung.'),
	(3297, 4, '10721', 'Verbands-Konditionen für diesen Kunden wurden erfolgreich deaktiviert.'),
	(3298, 4, '10722', 'Andere Gründe / Entscheidung'),
	(3299, 4, '10723', 'Das System befindet sich nicht im Debug-Modus.'),
	(3647, 1, '10724', 'Fehler vor dem Speichern.'),
	(3648, 2, '10724', 'Error before saving.'),
	(3649, 3, '10724', 'Fehler vor dem Speichern.'),
	(3650, 4, '10724', 'Fehler vor dem Speichern.'),
	(3651, 1, '10725', 'Keine Berechtigung.'),
	(3652, 2, '10725', 'Not allowed.'),
	(3653, 3, '10725', 'Keine Berechtigung.'),
	(3654, 4, '10725', 'Keine Berechtigung.'),
	(3655, 1, '10726', 'Workflows für Swisscom-User sperren.'),
	(3656, 2, '10726', 'Disable workflows for Swisscom users.'),
	(3657, 3, '10726', 'Workflows für Swisscom-User sperren.'),
	(3658, 4, '10726', 'Workflows für Swisscom-User sperren.'),
	(3659, 1, '10727', 'Rolle'),
	(3660, 2, '10727', 'Role'),
	(3661, 3, '10727', 'Rolle'),
	(3662, 4, '10727', 'Rolle'),
	(3663, 1, '10728', 'Das Passwort muss mindestens eine Zahl enthalten.'),
	(3664, 2, '10728', 'The password must contain at least one number.'),
	(3665, 3, '10728', 'Das Passwort muss mindestens eine Zahl enthalten.'),
	(3666, 4, '10728', 'Das Passwort muss mindestens eine Zahl enthalten.'),
	(3667, 1, '10729', 'Das Passwort muss mindestens einen Kleinbuchstaben enthalten.'),
	(3668, 2, '10729', 'The password must contain at least one lower case letter.'),
	(3669, 3, '10729', 'Das Passwort muss mindestens einen Kleinbuchstaben enthalten.'),
	(3670, 4, '10729', 'Das Passwort muss mindestens einen Kleinbuchstaben enthalten.'),
	(3671, 1, '10730', 'Das Passwort muss mindestens einen Großbuchstaben enthalten.'),
	(3672, 2, '10730', 'The password must contain at least one capital letter.'),
	(3673, 3, '10730', 'Das Passwort muss mindestens einen Großbuchstaben enthalten.'),
	(3674, 4, '10730', 'Das Passwort muss mindestens einen Großbuchstaben enthalten.'),
	(3675, 1, '10731', 'Das Passwort muss mindestens ein Sonderzeichen enthalten.'),
	(3676, 2, '10731', 'The password must contain at least one special character.'),
	(3677, 3, '10731', 'Das Passwort muss mindestens ein Sonderzeichen enthalten.'),
	(3678, 4, '10731', 'Das Passwort muss mindestens ein Sonderzeichen enthalten.'),
	(3679, 1, '10732', 'E-Mail-Einstellungen'),
	(3680, 2, '10732', 'Email settings'),
	(3681, 3, '10732', 'E-Mail-Einstellungen'),
	(3682, 4, '10732', 'E-Mail-Einstellungen'),
	(3683, 1, '10733', 'Versandzeit für automatisierte E-Mails'),
	(3684, 2, '10733', 'Sending time for automatised e-mails'),
	(3685, 3, '10733', 'Versandzeit für automatisierte E-Mails'),
	(3686, 4, '10733', 'Versandzeit für automatisierte E-Mails'),
	(3687, 1, '10734', 'Wann sollen die automatisierten E-Mails des Systems versendet werden?'),
	(3688, 2, '10734', 'When shall the automatised system e-mails be sent?'),
	(3689, 3, '10734', 'Wann sollen die automatisierten E-Mails des Systems versendet werden?'),
	(3690, 4, '10734', 'Wann sollen die automatisierten E-Mails des Systems versendet werden?'),
	(3691, 1, '10735', 'E-Mail-Verteiler für Reports'),
	(3692, 2, '10735', 'E-Mail distribution for reports'),
	(3693, 3, '10735', 'E-Mail-Verteiler für Reports'),
	(3694, 4, '10735', 'E-Mail-Verteiler für Reports'),
	(3695, 1, '10736', 'Tragen Sie hier z.B. E-Mail-Adressen von Mitarbeitern ein, welche die monatlichen Reports empfangen sollen und nicht im System angemeldet sind.'),
	(3696, 2, '10736', 'Enter here e.g. e-mail addresses of coworkers that shall receive the monthly reports but who are not registered to the system.'),
	(3697, 3, '10736', 'Tragen Sie hier z.B. E-Mail-Adressen von Mitarbeitern ein, die die monatlichen Reports empfangen sollen und nicht im System angemeldet sind.'),
	(3698, 4, '10736', 'Tragen Sie hier z.B. E-Mail-Adressen von Mitarbeitern ein, die die monatlichen Reports empfangen sollen und nicht im System angemeldet sind.'),
	(3699, 1, '10737', 'Empfänger Name'),
	(3700, 2, '10737', 'Recipient name'),
	(3701, 3, '10737', 'Empfänger Name'),
	(3702, 4, '10737', 'Empfänger Name'),
	(3703, 1, '10738', 'Empfänger E-Mail'),
	(3704, 2, '10738', 'Recipient e-mail'),
	(3705, 3, '10738', 'Empfänger E-Mail'),
	(3706, 4, '10738', 'Empfänger E-Mail'),
	(3707, 1, '10739', 'Am 01. jeden Monat'),
	(3708, 2, '10739', 'At the 1st of each month'),
	(3709, 3, '10739', 'Am 01. jeden Monat'),
	(3710, 4, '10739', 'Am 01. jeden Monat'),
	(3711, 1, '10740', 'Am 08. jeden Monat'),
	(3712, 2, '10740', 'At the 8th of each month'),
	(3713, 3, '10740', 'Am 08. jeden Monat'),
	(3714, 4, '10740', 'Am 08. jeden Monat'),
	(3715, 1, '10741', 'Am 15. jeden Monat'),
	(3716, 2, '10741', 'At the 15th of each month'),
	(3717, 3, '10741', 'Am 15. jeden Monat'),
	(3718, 4, '10741', 'Am 15. jeden Monat'),
	(3719, 1, '10742', 'Am 22. jeden Monat'),
	(3720, 2, '10742', 'At the 22nd of each month'),
	(3721, 3, '10742', 'Am 22. jeden Monat'),
	(3722, 4, '10742', 'Am 22. jeden Monat'),
	(3723, 1, '10743', 'Verteiler-Einstellungen'),
	(3724, 2, '10743', 'Distribution settings'),
	(3725, 3, '10743', 'Verteiler-Einstellungen'),
	(3726, 4, '10743', 'Verteiler-Einstellungen'),
	(3727, 1, '10744', 'Neue Mitglieder im letzten Monat'),
	(3728, 2, '10744', 'New members within the last month'),
	(3729, 3, '10744', 'Neue Mitglieder im letzten Monat'),
	(3730, 4, '10744', 'Neue Mitglieder im letzten Monat'),
	(3731, 1, '10745', 'Deaktivierte Mitglieder im letzten Monat'),
	(3732, 2, '10745', 'Deactivated members within the last month'),
	(3733, 3, '10745', 'Deaktivierte Mitglieder im letzten Monat'),
	(3734, 4, '10745', 'Deaktivierte Mitglieder im letzten Monat'),
	(3735, 1, '10746', 'Vergleich der Verbände zum Vormonat'),
	(3736, 2, '10746', 'Comparison of the associations to the previous month'),
	(3737, 3, '10746', 'Vergleich der Verbände zum Vormonat'),
	(3738, 4, '10746', 'Vergleich der Verbände zum Vormonat'),
	(3739, 1, '10747', 'Typ des Reports'),
	(3740, 2, '10747', 'Type of the report'),
	(3741, 3, '10747', 'Typ des Reports'),
	(3742, 4, '10747', 'Typ des Reports'),
	(3743, 1, '10748', 'Datum des letzten Versands der monatlichen Reports'),
	(3744, 2, '10748', 'Date of the last monthly report transmission'),
	(3745, 3, '10748', 'Datum des letzten Versands der monatlichen Reports'),
	(3746, 4, '10748', 'Datum des letzten Versands der monatlichen Reports'),
	(3747, 1, '10749', 'Wann wurden zuletzt die monatlichen Reports versendet?'),
	(3748, 2, '10749', 'When was the last time that the monthly reports were sent?'),
	(3749, 3, '10749', 'Wann wurden zuletzt die monatlichen Reports versendet?'),
	(3750, 4, '10749', 'Wann wurden zuletzt die monatlichen Reports versendet?'),
	(3751, 1, '10750', 'Die Reports wurden diesen Monat schon versendet. Nächster Report: %1'),
	(3752, 2, '10750', 'The reports have already been sent this month. Next report: %1'),
	(3753, 3, '10750', 'Die Reports wurden diesen Monat schon versendet. Nächster Report: %1'),
	(3754, 4, '10750', 'Die Reports wurden diesen Monat schon versendet. Nächster Report: %1'),
	(3755, 1, '10751', 'Heute ist nicht der Tag des monatlichen Reports. Nächster Report: %1'),
	(3756, 2, '10751', 'Today is not the day for the monthly reports. Next report: %1'),
	(3757, 3, '10751', 'Heute ist nicht der Tag des monatlichen Reports. Nächster Report: %1'),
	(3758, 4, '10751', 'Heute ist nicht der Tag des monatlichen Reports. Nächster Report: %1'),
	(3759, 1, '10752', 'Ungültiger Pfad für den Anhang.'),
	(3760, 2, '10752', 'Invalid path for the attachment.'),
	(3761, 3, '10752', 'Ungültiger Pfad für den Anhang.'),
	(3762, 4, '10752', 'Ungültiger Pfad für den Anhang.'),
	(3763, 1, '10753', 'Ungültiger Dateiname für den Anhang.'),
	(3764, 2, '10753', 'Invalid file name for the attachment.'),
	(3765, 3, '10753', 'Ungültiger Dateiname für den Anhang.'),
	(3766, 4, '10753', 'Ungültiger Dateiname für den Anhang.'),
	(3767, 1, '10754', 'Kein Betreff gesetzt.'),
	(3768, 2, '10754', 'No subject set.'),
	(3769, 3, '10754', 'Kein Betreff gesetzt.'),
	(3770, 4, '10754', 'Kein Betreff gesetzt.'),
	(3771, 1, '10755', 'Kein(e) Empfänger gesetzt.'),
	(3772, 2, '10755', 'No recipient(s) set.'),
	(3773, 3, '10755', 'Kein(e) Empfänger gesetzt.'),
	(3774, 4, '10755', 'Kein(e) Empfänger gesetzt.'),
	(3775, 1, '10756', 'Die E-Mail konnte nicht gesendet werden!'),
	(3776, 2, '10756', 'The e-mail could not be sent!'),
	(3777, 3, '10756', 'Die E-Mail konnte nicht gesendet werden!'),
	(3778, 4, '10756', 'Die E-Mail konnte nicht gesendet werden!'),
	(3779, 1, '10757', 'Alternative Adresse'),
	(3780, 2, '10757', 'Alternative Address'),
	(3781, 3, '10757', 'Alternative Adresse'),
	(3782, 4, '10757', 'Alternative Adresse'),
	(3783, 1, '10758', 'Alternative Strasse'),
	(3784, 2, '10758', 'Alteernative street'),
	(3785, 3, '10758', 'Alternative Strasse'),
	(3786, 4, '10758', 'Alternative Strasse'),
	(3787, 1, '10759', 'Alternative Nummer'),
	(3788, 2, '10759', 'Alternative number'),
	(3789, 3, '10759', 'Alternative Nummer'),
	(3790, 4, '10759', 'Alternative Nummer'),
	(3791, 1, '10760', 'Alternative Adresse Zusatz'),
	(3792, 2, '10760', 'Alternative additional address'),
	(3793, 3, '10760', 'Alternative Adresse Zusatz'),
	(3794, 4, '10760', 'Alternative Adresse Zusatz'),
	(3795, 1, '10761', 'Alternative PLZ'),
	(3796, 2, '10761', 'Alternative ZIP'),
	(3797, 3, '10761', 'Alternative PLZ'),
	(3798, 4, '10761', 'Alternative PLZ'),
	(3799, 1, '10762', 'Alternative Stadt'),
	(3800, 2, '10762', 'Alternative city'),
	(3801, 3, '10762', 'Alternative Stadt'),
	(3802, 4, '10762', 'Alternative Stadt'),
	(3803, 1, '10763', 'Testserver'),
	(3804, 2, '10763', 'Test server'),
	(3805, 3, '10763', 'Testserver'),
	(3806, 4, '10763', 'Testserver'),
	(3807, 1, '10764', 'Kontakt SC \nVerbandsmanagement'),
	(3808, 2, '10764', 'Contact SC \nAssociation Management'),
	(3809, 3, '10764', 'Kontakt SC \nVerbandsmanagement'),
	(3810, 4, '10764', 'Kontakt SC \nVerbandsmanagement'),
	(3811, 1, '10765', 'Mein Kalender'),
	(3812, 2, '10765', 'My calendar'),
	(3813, 3, '10765', 'Mein Kalender'),
	(3814, 4, '10765', 'Mein Kalender'),
	(3815, 1, '10766', 'Kalenderübersicht'),
	(3816, 2, '10766', 'Calendar overview'),
	(3817, 3, '10766', 'Kalenderübersicht'),
	(3818, 4, '10766', 'Kalenderübersicht'),
	(3819, 1, '10767', 'Alle Benutzer'),
	(3820, 2, '10767', 'All users'),
	(3821, 3, '10767', 'Alle Benutzer'),
	(3822, 4, '10767', 'Alle Benutzer'),
	(3823, 1, '10768', 'Monat'),
	(3824, 2, '10768', 'Month'),
	(3825, 3, '10768', 'Monat'),
	(3826, 4, '10768', 'Monat'),
	(3827, 1, '10769', 'Woche'),
	(3828, 2, '10769', 'Week'),
	(3829, 3, '10769', 'Woche'),
	(3830, 4, '10769', 'Woche'),
	(3831, 1, '10770', 'Tag'),
	(3832, 2, '10770', 'Day'),
	(3833, 3, '10770', 'Tag'),
	(3834, 4, '10770', 'Tag'),
	(3835, 1, '10771', 'KW'),
	(3836, 2, '10771', 'CW'),
	(3837, 3, '10771', 'KW'),
	(3838, 4, '10771', 'KW'),
	(3839, 1, '10772', 'Ganztag'),
	(3840, 2, '10772', 'All-day'),
	(3841, 3, '10772', 'Ganztag'),
	(3842, 4, '10772', 'Ganztag'),
	(3843, 1, '10773', 'Ab'),
	(3844, 2, '10773', 'From'),
	(3845, 3, '10773', 'Ab'),
	(3846, 4, '10773', 'Ab'),
	(3847, 1, '10774', 'Bis'),
	(3848, 2, '10774', 'Until'),
	(3849, 3, '10774', 'Bis'),
	(3850, 4, '10774', 'Bis'),
	(3851, 1, '10775', 'Farbe'),
	(3852, 2, '10775', 'Color'),
	(3853, 3, '10775', 'Farbe'),
	(3854, 4, '10775', 'Farbe'),
	(3855, 1, '10776', 'Kalender'),
	(3856, 2, '10776', 'Calendar'),
	(3857, 3, '10776', 'Kalender'),
	(3858, 4, '10776', 'Kalender'),
	(3859, 1, '10777', 'Benutzerauswahl'),
	(3860, 2, '10777', 'User selection'),
	(3861, 3, '10777', 'Benutzerauswahl'),
	(3862, 4, '10777', 'Benutzerauswahl'),
	(3863, 1, '10778', 'Termine anzeigen fur die folgenden Benutzer:'),
	(3864, 2, '10778', 'Show events for these users:'),
	(3865, 3, '10778', 'Termine anzeigen fur die folgenden Benutzer:'),
	(3866, 4, '10778', 'Termine anzeigen fur die folgenden Benutzer:'),
	(3867, 1, '10779', 'Auswählen'),
	(3868, 2, '10779', 'Select'),
	(3869, 3, '10779', 'Auswählen'),
	(3870, 4, '10779', 'Auswählen'),
	(3871, 1, '10780', 'Jahr'),
	(3872, 2, '10780', 'Year'),
	(3873, 3, '10780', 'Jahr'),
	(3874, 4, '10780', 'Jahr'),
	(3875, 1, '10781', 'Anmerkungen'),
	(3876, 2, '10781', 'Remarks'),
	(3877, 3, '10781', 'Remarks'),
	(3878, 4, '10781', 'Remarks'),
	(3879, 1, '10782', 'Empfehlung'),
	(3880, 2, '10782', 'Recipe'),
	(3881, 3, '10782', 'Rezept'),
	(3882, 4, '10782', 'Rezept'),
	(3883, 1, '10783', 'Autocomplete-Feld konnte nicht erzeugt werden. Parameter überprüfen.'),
	(3884, 2, '10783', 'Autocomplete field could not be created. Check the parameters.'),
	(3885, 3, '10783', 'Autocomplete field could not be created. Check the parameters.'),
	(3886, 4, '10783', 'Autocomplete field could not be created. Check the parameters.'),
	(3887, 1, '10784', 'Kunde'),
	(3888, 2, '10784', 'Client'),
	(3889, 3, '10784', 'Customer'),
	(3890, 4, '10784', 'Customer'),
	(3891, 1, '10785', 'bis'),
	(3892, 2, '10785', 'to'),
	(3893, 3, '10785', 'to'),
	(3894, 4, '10785', 'to'),
	(3895, 1, '10786', 'Datum wählen'),
	(3896, 2, '10786', 'Pick a date'),
	(3897, 3, '10786', 'Pick a date'),
	(3898, 4, '10786', 'Pick a date'),
	(3899, 1, '10787', 'Keine Einträge gefunden.'),
	(3900, 2, '10787', 'No entries found.'),
	(3901, 3, '10787', 'No entries found.'),
	(3902, 4, '10787', 'No entries found.'),
	(3903, 1, '10788', 'Angaben zum Termin'),
	(3904, 2, '10788', 'Appointment details'),
	(3905, 3, '10788', 'Appointment details'),
	(3906, 4, '10788', 'Appointment details'),
	(3907, 1, '10789', 'Kundendaten'),
	(3908, 2, '10789', 'Client data'),
	(3909, 3, '10789', 'Customer data'),
	(3910, 4, '10789', 'Customer data'),
	(3911, 1, '10790', 'Wollen Sie diesen Termin wirklich löschen?'),
	(3912, 2, '10790', 'Do you really want to delete this appointment?'),
	(3913, 3, '10790', 'Do you really want to delete this appointment?'),
	(3914, 4, '10790', 'Do you really want to delete this appointment?'),
	(3915, 1, '10791', 'Der Termin wurde erfolgreich gelöscht.'),
	(3916, 2, '10791', 'The appointment has been successfully deleted.'),
	(3917, 3, '10791', 'The appointment has been successfully deleted.'),
	(3918, 4, '10791', 'The appointment has been successfully deleted.'),
	(3919, 1, '10792', 'Der Termin wurde erfolgreich gespeichert.'),
	(3920, 2, '10792', 'The appointment has been successfully deleted.'),
	(3921, 3, '10792', 'The appointment has been successfully deleted.'),
	(3922, 4, '10792', 'The appointment has been successfully deleted.'),
	(3923, 1, '10793', 'Empfehlungen'),
	(3924, 2, '10793', 'Recommendation'),
	(3925, 3, '10793', 'Recipes'),
	(3926, 4, '10793', 'Recipes'),
	(3927, 1, '10794', 'Kunden'),
	(3928, 2, '10794', 'Clients'),
	(3929, 3, '10794', 'Customers'),
	(3930, 4, '10794', 'Customers'),
	(3931, 1, '10795', 'Lieferanten'),
	(3932, 2, '10795', 'Suppliers'),
	(3933, 3, '10795', 'Docteurs'),
	(3934, 4, '10795', 'Doctors'),
	(3935, 1, '10796', 'Bezeichnung'),
	(3936, 2, '10796', 'Title'),
	(3937, 3, '10796', 'Title'),
	(3938, 4, '10796', 'Title'),
	(3939, 1, '10797', 'Liste mit Empfehlungen'),
	(3940, 2, '10797', 'Recipe list'),
	(3941, 3, '10797', 'Recipe list'),
	(3942, 4, '10797', 'Recipe list'),
	(3943, 1, '10798', 'Kunde'),
	(3944, 2, '10798', 'Client'),
	(3945, 3, '10798', 'Customer'),
	(3946, 4, '10798', 'Customer'),
	(3947, 1, '10799', 'Empfehlung bearbeiten'),
	(3948, 2, '10799', 'Edit recipe'),
	(3949, 3, '10799', 'Edit recipe'),
	(3950, 4, '10799', 'Edit recipe'),
	(3951, 1, '10800', 'Empfehlung löschen'),
	(3952, 2, '10800', 'Delete recipe'),
	(3953, 3, '10800', 'Delete recipe'),
	(3954, 4, '10800', 'Delete recipe'),
	(3955, 1, '10801', 'Neues Empfehlung'),
	(3956, 2, '10801', 'New recipe'),
	(3957, 3, '10801', 'New recipe'),
	(3958, 4, '10801', 'New recipe'),
	(3959, 1, '10802', 'Neues Empfehlung hinzufügen'),
	(3960, 2, '10802', 'Add a new recipe'),
	(3961, 3, '10802', 'Add a new recipe'),
	(3962, 4, '10802', 'Add a new recipe'),
	(3963, 1, '10803', 'Zurück'),
	(3964, 2, '10803', 'Back'),
	(3965, 3, '10803', 'Back'),
	(3966, 4, '10803', 'Back'),
	(3967, 1, '10804', 'Anzahl Empfehlungen'),
	(3968, 2, '10804', 'Number of recommendations'),
	(3969, 3, '10804', 'Number of applications'),
	(3970, 4, '10804', 'Number of applications'),
	(3971, 1, '10805', 'Empfehlung erfolgreich gespeichert.'),
	(3972, 2, '10805', 'Recipe saved successfully.'),
	(3973, 3, '10805', 'Recipe saved successfully.'),
	(3974, 4, '10805', 'Recipe saved successfully.'),
	(3975, 1, '10806', 'Kunden'),
	(3976, 2, '10806', 'Clients'),
	(3977, 3, '10806', 'Customers'),
	(3978, 4, '10806', 'Customers'),
	(3979, 1, '10807', 'Erlaubt: Bearbeiten von Terminen für alle Benutzer'),
	(3980, 2, '10807', 'Allow: Editing allowed for appointments of all users'),
	(3981, 3, '10807', 'Allow: Editing allowed for appointments of all users'),
	(3982, 4, '10807', 'Allow: Editing allowed for appointments of all users'),
	(3983, 1, '10808', 'Darf dieser Benutzer Termine für andere Benutzer verwalten?'),
	(3984, 2, '10808', 'Is this user allowed to manage appointments for other users?'),
	(3985, 3, '10808', 'Is this user allowed to manage appointments for other users?'),
	(3986, 4, '10808', 'Is this user allowed to manage appointments for other users?'),
	(3987, 1, '10809', 'Sie können keine Termine für andere Benutzer verwalten.'),
	(3988, 2, '10809', 'You\'re not allowed to manage other user\'s appointments.'),
	(3989, 3, '10809', 'You\'re not allowed to manage other user\'s appointments.'),
	(3990, 4, '10809', 'You\'re not allowed to manage other user\'s appointments.'),
	(3991, 1, '10810', 'Standard-Terminende nach Beginn'),
	(3992, 2, '10810', 'Default event end time after begin'),
	(3993, 3, '10810', 'Default event end time after begin'),
	(3994, 4, '10810', 'Default event end time after begin'),
	(3995, 1, '10811', 'Die Zeitspanne nach der ein Termin standardmäßig endet.'),
	(3996, 2, '10811', 'The timespan after which an event ends by default.'),
	(3997, 3, '10811', 'The timespan after which an event ends by default.'),
	(3998, 4, '10811', 'The timespan after which an event ends by default.'),
	(3999, 1, '10812', 'Tage'),
	(4000, 2, '10812', 'days'),
	(4001, 3, '10812', 'jours'),
	(4002, 4, '10812', 'days'),
	(4003, 1, '10813', 'Stunden'),
	(4004, 2, '10813', 'hours'),
	(4005, 3, '10813', 'hours'),
	(4006, 4, '10813', 'hours'),
	(4007, 1, '10814', 'Minuten'),
	(4008, 2, '10814', 'minutes'),
	(4009, 3, '10814', 'minutes'),
	(4010, 4, '10814', 'minutes'),
	(4011, 1, '10815', 'Sekunden'),
	(4012, 2, '10815', 'seconds'),
	(4013, 3, '10815', 'seconds'),
	(4014, 4, '10815', 'seconds'),
	(4015, 1, '10816', 'Tag'),
	(4016, 2, '10816', 'day'),
	(4017, 3, '10816', 'jour'),
	(4018, 4, '10816', 'day'),
	(4019, 1, '10817', 'Stunde'),
	(4020, 2, '10817', 'hour'),
	(4021, 3, '10817', 'hour'),
	(4022, 4, '10817', 'hour'),
	(4023, 1, '10818', 'Minute'),
	(4024, 2, '10818', 'minute'),
	(4025, 3, '10818', 'minute'),
	(4026, 4, '10818', 'minute'),
	(4027, 1, '10819', 'Sekunde'),
	(4028, 2, '10819', 'second'),
	(4029, 3, '10819', 'second'),
	(4030, 4, '10819', 'second'),
	(4031, 1, '10820', 'Einstellung nicht gefunden'),
	(4032, 2, '10820', 'Setting not found'),
	(4033, 3, '10820', 'Setting not found'),
	(4034, 4, '10820', 'Setting not found'),
	(4035, 1, '10821', 'Kundenliste'),
	(4036, 2, '10821', 'Client list'),
	(4037, 3, '10821', 'Customer list'),
	(4038, 4, '10821', 'Customer list'),
	(4039, 1, '10822', 'Neuen Kunden hinzufügen'),
	(4040, 2, '10822', 'Add new client'),
	(4041, 3, '10822', 'Add new customer'),
	(4042, 4, '10822', 'Add new customer'),
	(4043, 1, '10823', 'Fehlende(r) Parameter.'),
	(4044, 2, '10823', 'Missing parameter(s).'),
	(4045, 3, '10823', 'Missing parameter(s).'),
	(4046, 4, '10823', 'Missing parameter(s).'),
	(4047, 1, '10824', 'Anzahl zukünftiger Termine:'),
	(4048, 2, '10824', 'Count of future appointments: '),
	(4049, 3, '10824', 'Count of future appointments: '),
	(4050, 4, '10824', 'Count of future appointments: '),
	(4051, 1, '10825', 'Anzahl vergangener Termine:'),
	(4052, 2, '10825', 'Count of appointments in the past:'),
	(4053, 3, '10825', 'Count of appointments in the past:'),
	(4054, 4, '10825', 'Count of appointments in the past:'),
	(4055, 1, '10826', 'Weitere Details'),
	(4056, 2, '10826', 'Further information'),
	(4057, 3, '10826', 'Further information'),
	(4058, 4, '10826', 'Further information'),
	(4059, 1, '10827', 'Kunde bearbeiten'),
	(4060, 2, '10827', 'Edit client'),
	(4061, 3, '10827', 'Edit customer'),
	(4062, 4, '10827', 'Edit customer'),
	(4063, 1, '10828', 'Kunde löschen'),
	(4064, 2, '10828', 'Delete client'),
	(4065, 3, '10828', 'Delete customer'),
	(4066, 4, '10828', 'Delete customer'),
	(4067, 1, '10829', 'Neuer Kunde'),
	(4068, 2, '10829', 'New client'),
	(4069, 3, '10829', 'New customer'),
	(4070, 4, '10829', 'New customer'),
	(4071, 1, '10830', 'Geschlecht'),
	(4072, 2, '10830', 'Gender'),
	(4073, 3, '10830', 'Gender'),
	(4074, 4, '10830', 'Gender'),
	(4075, 1, '10831', 'Männlich'),
	(4076, 2, '10831', 'Male'),
	(4077, 3, '10831', 'Male'),
	(4078, 4, '10831', 'Male'),
	(4079, 1, '10832', 'Weiblich'),
	(4080, 2, '10832', 'Female'),
	(4081, 3, '10832', 'Female'),
	(4082, 4, '10832', 'Female'),
	(4083, 1, '10833', 'Nicht angegeben'),
	(4084, 2, '10833', 'Not specified'),
	(4085, 3, '10833', 'Not specified'),
	(4086, 4, '10833', 'Not specified'),
	(4087, 1, '10834', 'Der Kunde wurde gespeichert.'),
	(4088, 2, '10834', 'The client was saved.'),
	(4089, 3, '10834', 'The customer was saved.'),
	(4090, 4, '10834', 'The customer was saved.'),
	(4091, 1, '10835', 'Wollen Sie diesen Kunden wirklich löschen? Sämtliche Kalendereinträge und zugehörigen Einträge dieses Kunden werden ebenfalls aus dem System entfernt.'),
	(4092, 2, '10835', 'Do you really want to delete this client? All related calendar entries and related entries will also be removed from the system.'),
	(4093, 3, '10835', 'Do you really want to delete this customer? All related calendar entries and related entries will also be removed from the system.'),
	(4094, 4, '10835', 'Do you really want to delete this customer? All related calendar entries and related entries will also be removed from the system.'),
	(4095, 1, '10836', 'Der Kunde wurde erfolgreich gelöscht.'),
	(4096, 2, '10836', 'The client was successfully deleted.'),
	(4097, 3, '10836', 'The customer was successfully deleted.'),
	(4098, 4, '10836', 'The customer was successfully deleted.'),
	(4099, 1, '10837', 'Anzahl Empfehlungen:'),
	(4100, 2, '10837', 'Count of recommendations:'),
	(4101, 3, '10837', 'Count of recipes:'),
	(4102, 4, '10837', 'Count of recipes:'),
	(4103, 1, '10838', 'Die Empfehlung wurde erfolgreich gelöscht.'),
	(4104, 2, '10838', 'Teh recipe was successfully deleted.'),
	(4105, 3, '10838', 'Teh recipe was successfully deleted.'),
	(4106, 4, '10838', 'Teh recipe was successfully deleted.'),
	(4107, 1, '10839', 'Wollen Sie diese Empfehlung wirklich löschen? Alle damit zusammenhängenden Termine werden ebenfalls gelöscht.'),
	(4108, 2, '10839', 'Do you really want to delete this recipe? All appointments related to it will also be removed.'),
	(4109, 3, '10839', 'Do you really want to delete this recipe? All appointments related to it will also be removed.'),
	(4110, 4, '10839', 'Do you really want to delete this recipe? All appointments related to it will also be removed.'),
	(4111, 1, '10840', 'von'),
	(4112, 2, '10840', 'of'),
	(4113, 3, '10840', 'of'),
	(4114, 4, '10840', 'of'),
	(4115, 1, '10841', 'Nach Kunde filtern'),
	(4116, 2, '10841', 'Filter by client'),
	(4117, 3, '10841', 'Filter by customer'),
	(4118, 4, '10841', 'Filter by customer'),
	(4119, 1, '10842', 'Der Lieferant wurde erfolgreich gespeichert.'),
	(4120, 2, '10842', 'The supplier was successfully saved.'),
	(4121, 3, '10842', 'The doctor was successfully saved.'),
	(4122, 4, '10842', 'The doctor was successfully saved.'),
	(4123, 1, '10843', 'Wollen Sie diesen Lieferanten wirklich löschen? Sämtliche zugeordneten Kalendereinträge werden ebenfalls entfernt.'),
	(4124, 2, '10843', 'Do you really want to delete this supplier? All of the related calendar entries will be removed as well.'),
	(4125, 3, '10843', 'Do you really want to delete this doctor? All of the related recipes and calendar entries will be removed as well.'),
	(4126, 4, '10843', 'Do you really want to delete this doctor? All of the related recipes and calendar entries will be removed as well.'),
	(4127, 1, '10844', 'Der Lieferant wurde erfolgreich gelöscht.'),
	(4128, 2, '10844', 'The supplier was successfully deleted.'),
	(4129, 3, '10844', 'The doctor was successfully deleted.'),
	(4130, 4, '10844', 'The doctor was successfully deleted.'),
	(4131, 1, '10845', 'Neuen Lieferant anlegen'),
	(4132, 2, '10845', 'Create a new supplier'),
	(4133, 3, '10845', 'Create a new doctor'),
	(4134, 4, '10845', 'Create a new doctor'),
	(4135, 1, '10846', 'Lieferant löschen'),
	(4136, 2, '10846', 'Delete supplier'),
	(4137, 3, '10846', 'Delete doctor'),
	(4138, 4, '10846', 'Delete doctor'),
	(4139, 1, '10847', 'Lieferant bearbeiten'),
	(4140, 2, '10847', 'Edit supplier'),
	(4141, 3, '10847', 'Edit doctor'),
	(4142, 4, '10847', 'Edit doctor'),
	(4143, 1, '10848', 'Titel'),
	(4144, 2, '10848', 'Title'),
	(4145, 3, '10848', 'Title'),
	(4146, 4, '10848', 'Title'),
	(4147, 1, '10849', 'Postleitzahl'),
	(4148, 2, '10849', 'Zip code'),
	(4149, 3, '10849', 'Zip code'),
	(4150, 4, '10849', 'Zip code'),
	(4151, 1, '10850', 'Kontaktdaten'),
	(4152, 2, '10850', 'Contact data'),
	(4153, 3, '10850', 'Contact data'),
	(4154, 4, '10850', 'Contact data'),
	(4155, 1, '10851', 'Liste der Lieferanten'),
	(4156, 2, '10851', 'List of suppliers'),
	(4157, 3, '10851', 'List of doctors'),
	(4158, 4, '10851', 'List of doctors'),
	(4159, 1, '10852', 'Lieferanten'),
	(4160, 2, '10852', 'suppliers'),
	(4161, 3, '10852', 'Doctor'),
	(4162, 4, '10852', 'Doctor'),
	(4163, 1, '10853', 'Nach Lieferant filtern'),
	(4164, 2, '10853', 'Filter by supplier'),
	(4165, 3, '10853', 'Filter by doctor'),
	(4166, 4, '10853', 'Filter by doctor'),
	(4167, 1, '10854', 'Im Kalender eingetragene Anwendungen'),
	(4168, 2, '10854', 'Applications stored in the calender'),
	(4169, 3, '10854', 'Applications stored in the calender'),
	(4170, 4, '10854', 'Applications stored in the calender'),
	(4171, 1, '10855', 'Meine kommenden Termine'),
	(4172, 2, '10855', 'My upcoming appointments'),
	(4173, 3, '10855', 'My upcoming appointments'),
	(4174, 4, '10855', 'My upcoming appointments'),
	(4175, 1, '10856', 'Meine vergangenen Termine'),
	(4176, 2, '10856', 'My past appointments'),
	(4177, 3, '10856', 'My past appointments'),
	(4178, 4, '10856', 'My past appointments'),
	(4179, 1, '10857', 'Termine'),
	(4180, 2, '10857', 'Appointments'),
	(4181, 3, '10857', 'Événements'),
	(4182, 4, '10857', 'Events'),
	(4183, 1, '10858', 'Filtern'),
	(4184, 2, '10858', 'Filter'),
	(4185, 3, '10858', 'Filter'),
	(4186, 4, '10858', 'Filter'),
	(4187, 1, '10859', 'Nach Benutzer filtern'),
	(4188, 2, '10859', 'Filter by user'),
	(4189, 3, '10859', 'Filter by user'),
	(4190, 4, '10859', 'Filter by user'),
	(4191, 1, '10860', 'Terminliste'),
	(4192, 2, '10860', 'List of apppointments'),
	(4193, 3, '10860', 'List of apppointments'),
	(4194, 4, '10860', 'List of apppointments'),
	(4195, 1, '10861', 'Termin bearbeiten'),
	(4196, 2, '10861', 'Edit appointment'),
	(4197, 3, '10861', 'Edit appointment'),
	(4198, 4, '10861', 'Edit appointment'),
	(4199, 1, '10862', 'Termin löschen'),
	(4200, 2, '10862', 'Delete appointment'),
	(4201, 3, '10862', 'Delete appointment'),
	(4202, 4, '10862', 'Delete appointment'),
	(4203, 1, '10863', 'Bezeichnung und Zeitraum'),
	(4204, 2, '10863', 'Title and time'),
	(4205, 3, '10863', 'Title and time'),
	(4206, 4, '10863', 'Title and time'),
	(4207, 1, '10864', 'Neuer Termin'),
	(4208, 2, '10864', 'New appointment'),
	(4209, 3, '10864', 'New appointment'),
	(4210, 4, '10864', 'New appointment'),
	(4211, 1, '10865', 'Zukünftige'),
	(4212, 2, '10865', 'Future'),
	(4213, 3, '10865', 'Future'),
	(4214, 4, '10865', 'Future'),
	(4215, 1, '10866', 'Vergangene'),
	(4216, 2, '10866', 'Past'),
	(4217, 3, '10866', 'Past'),
	(4218, 4, '10866', 'Past'),
	(4219, 1, '10867', 'Neuer Lieferant'),
	(4220, 2, '10867', 'New supplier'),
	(4221, 3, '10867', 'New doctor'),
	(4222, 4, '10867', 'New doctor'),
	(4223, 1, '10868', 'Kundenmenü'),
	(4224, 2, '10868', 'Client menu'),
	(4225, 3, '10868', 'Customer menu'),
	(4226, 4, '10868', 'Customer menu'),
	(4227, 1, '10869', 'Modul aktiviert'),
	(4228, 2, '10869', 'Module activated'),
	(4229, 3, '10869', 'Module activated'),
	(4230, 4, '10869', 'Module activated'),
	(4231, 1, '10870', 'Ist dieses Modul aktiviert?'),
	(4232, 2, '10870', 'Is this module activated?'),
	(4233, 3, '10870', 'Is this module activated?'),
	(4234, 4, '10870', 'Is this module activated?'),
	(4235, 1, '10871', 'Module'),
	(4236, 2, '10871', 'Modules'),
	(4237, 3, '10871', 'Modules'),
	(4238, 4, '10871', 'Modules'),
	(4239, 1, '10872', 'Login für Kunden'),
	(4240, 2, '10872', 'Login for clients'),
	(4241, 3, '10872', 'Login for customers'),
	(4242, 4, '10872', 'Login for customers'),
	(4243, 1, '10873', 'Login - Autohaus'),
	(4244, 2, '10873', 'Login for garage'),
	(4245, 3, '10873', 'Login for hairstylers'),
	(4246, 4, '10873', 'Login for hairstylers'),
	(4247, 1, '10874', 'Der angegebene Name ist zu kurz.'),
	(4248, 2, '10874', 'The provided name is too short.'),
	(4249, 3, '10874', 'The provided name is too short.'),
	(4250, 4, '10874', 'The provided name is too short.'),
	(4251, 1, '10875', 'Diese E-Mail-Adresse ist bereits registriert.'),
	(4252, 2, '10875', 'This email address is already registered.'),
	(4253, 3, '10875', 'This email address is already registered.'),
	(4254, 4, '10875', 'This email address is already registered.'),
	(4255, 1, '10876', 'Dieser Kunde ist momentan deaktiviert. \nNach der Registrierung haben Sie eine E-Mail mit einem Aktivierungslink erhalten. Bitte folgen Sie den Anweisungen in dieser E-Mail.'),
	(4256, 2, '10876', 'This client is currently deactivated.\nAfter the registration, you have received an e-mail with an activation link. Please follow the instructions in this e-mail to proceed.'),
	(4257, 3, '10876', 'This customer is currently deactivated.\nAfter the registration, you have received an e-mail with an activation link. Please follow the instructions in this e-mail to proceed.'),
	(4258, 4, '10876', 'This customer is currently deactivated.\nAfter the registration, you have received an e-mail with an activation link. Please follow the instructions in this e-mail to proceed.'),
	(4259, 1, '10877', 'E-Mail Einstellungen'),
	(4260, 2, '10877', 'Email settings'),
	(4261, 3, '10877', 'Email settings'),
	(4262, 4, '10877', 'Email settings'),
	(4263, 1, '10878', 'Frontend-Einstellungen'),
	(4264, 2, '10878', 'Frontend settings'),
	(4265, 3, '10878', 'Frontend settings'),
	(4266, 4, '10878', 'Frontend settings'),
	(4267, 1, '10879', 'Kontaktinformationen'),
	(4268, 2, '10879', 'Contact information'),
	(4269, 3, '10879', 'Contact information'),
	(4270, 4, '10879', 'Contact information'),
	(4271, 1, '10880', 'Wird im Frontend angezeigt.'),
	(4272, 2, '10880', 'Will be shown in the frontend area.'),
	(4273, 3, '10880', 'Will be shown in the frontend area.'),
	(4274, 4, '10880', 'Will be shown in the frontend area.'),
	(4275, 1, '10881', 'Kontakt'),
	(4276, 2, '10881', 'Contact'),
	(4277, 3, '10881', 'Contact'),
	(4278, 4, '10881', 'Contact'),
	(4279, 1, '10882', 'Informationen auf der Startseite'),
	(4280, 2, '10882', 'Information on the home page'),
	(4281, 3, '10882', 'Information on the home page'),
	(4282, 4, '10882', 'Information on the home page'),
	(4283, 1, '10883', 'Mitarbeiter/Werkstatt'),
	(4284, 2, '10883', 'Employee/car service station'),
	(4285, 3, '10883', 'Hairstyler'),
	(4286, 4, '10883', 'Hairstyler'),
	(4287, 1, '10884', 'Kalender: Buchbare Zeiten'),
	(4288, 2, '10884', 'Calendar: Bookable times'),
	(4289, 3, '10884', 'Calendar: Bookable times'),
	(4290, 4, '10884', 'Calendar: Bookable times'),
	(4291, 1, '10885', 'Definieren Sie hier die Zeiten in denen Kunden Termine buchen dürfen.'),
	(4292, 2, '10885', 'The times within which clients may book appointments.'),
	(4293, 3, '10885', 'The times within which customers may book appointments.'),
	(4294, 4, '10885', 'The times within which customers may book appointments.'),
	(4295, 1, '10886', 'Neue Zeit hinzufügen'),
	(4296, 2, '10886', 'Add a new time'),
	(4297, 3, '10886', 'Add a new time'),
	(4298, 4, '10886', 'Add a new time'),
	(4299, 1, '10887', 'um'),
	(4300, 2, '10887', 'at'),
	(4301, 3, '10887', 'at'),
	(4302, 4, '10887', 'at'),
	(4303, 1, '10888', 'Weiteres'),
	(4304, 2, '10888', 'Further information'),
	(4305, 3, '10888', 'Further information'),
	(4306, 4, '10888', 'Further information'),
	(4307, 1, '10889', 'Fachgebiet'),
	(4308, 2, '10889', 'Area'),
	(4309, 3, '10889', 'Area'),
	(4310, 4, '10889', 'Area'),
	(4311, 1, '10890', 'Fachrichtung (detailliert)'),
	(4312, 2, '10890', 'Area, additional'),
	(4313, 3, '10890', 'Area, additional'),
	(4314, 4, '10890', 'Area, additional'),
	(4315, 1, '10891', 'Mehr'),
	(4316, 2, '10891', 'More'),
	(4317, 3, '10891', 'More'),
	(4318, 4, '10891', 'More'),
	(4319, 1, '10892', 'Sie haben momentan keine vergangenen Termine.'),
	(4320, 2, '10892', 'You currently don\'t have any past appointments.'),
	(4321, 3, '10892', 'You currently don\'t have any past appointments.'),
	(4322, 4, '10892', 'You currently don\'t have any past appointments.'),
	(4323, 1, '10893', 'Sie haben momentan keine anstehenden Termine.'),
	(4324, 2, '10893', 'You currently don\'t have any upcoming appointments.'),
	(4325, 3, '10893', 'You currently don\'t have any upcoming appointments.'),
	(4326, 4, '10893', 'You currently don\'t have any upcoming appointments.'),
	(4327, 1, '10894', 'Die Zeiten des Termins überschneiden sich mit einem bestehenden Eintrag des Mitarbeiters oder der Werkstatt. Bitte korrigieren sie die Zeit.'),
	(4328, 2, '10894', 'The appointment times overlap with an existing entry of the employee/car service station. Please check the time.'),
	(4329, 3, '10894', 'The appointment times overlap with an existing entry.'),
	(4330, 4, '10894', 'The appointment times overlap with an existing entry.'),
	(4331, 1, '10895', 'Ihr Termin wurde bestätigt und kann nicht mehr bearbeitet werden.'),
	(4332, 2, '10895', 'Your appointment has been confirmed and can no longer be edited.'),
	(4333, 3, '10895', 'Your appointment has been confirmed and can no longer be edited.'),
	(4334, 4, '10895', 'Your appointment has been confirmed and can no longer be edited.'),
	(4335, 1, '10896', 'Mitarbeiter/Werkstatt'),
	(4336, 2, '10896', 'Employee/car service station'),
	(4337, 3, '10896', 'Hairstyler'),
	(4338, 4, '10896', 'Hairstyler'),
	(4339, 1, '10897', 'Ihr Termin wurde noch nicht durch uns bestätigt. '),
	(4340, 2, '10897', 'Your appointment has not yet been confirmed by us.'),
	(4341, 3, '10897', 'Your appointment has not yet been confirmed by a hairstyler.'),
	(4342, 4, '10897', 'Your appointment has not yet been confirmed by a hairstyler.'),
	(4343, 1, '10898', 'Sobald Ihr Termin gespeichert wurde, muss er noch von uns bestätigt werden und kann dann nicht mehr bearbeitet werden.'),
	(4344, 2, '10898', 'As soon as your appointment is saved, it will have to be confirmed by us. After that, it can no longer be edited.'),
	(4345, 3, '10898', 'As soon as your appointment is saved, it will have to be confirmed by a hairstyler. After that, it can no longer be edited.'),
	(4346, 4, '10898', 'As soon as your appointment is saved, it will have to be confirmed by a hairstyler. After that, it can no longer be edited.'),
	(4347, 1, '10899', 'Hinweis'),
	(4348, 2, '10899', 'Hint'),
	(4349, 3, '10899', 'Hint'),
	(4350, 4, '10899', 'Hint'),
	(4351, 1, '10900', 'Terminbuchungen'),
	(4352, 2, '10900', 'Booking'),
	(4353, 3, '10900', 'Booking'),
	(4354, 4, '10900', 'Booking'),
	(4355, 1, '10901', 'Buchen Sie hier Ihre Termine. \nDer frühestmögliche Zeitpunkt den Sie hier buchen können liegt immer am nächsten Tag (morgen).\n\nTermine müssen nach dem Eintragen von uns bestätigt werden, erst dann sind sie gültig. \nSie erhalten eine E-Mail sobald die Bestätigung erfolgt ist.'),
	(4356, 2, '10901', 'Book your appointments here. \nThe earliest possible time you can book here is always the next day (tomorrow).\n\nAfter making an entry, we have to confirm your appointment for it to be valid. \nAs soon as it is confirmed, you&#039;ll receive an email.'),
	(4357, 3, '10901', 'Book your appointments here. \nThe earliest possible time you can book here is always the next day (tomorrow).\n\nAfter making an entry, a hairstyler has to confirm your appointment for it to be valid. \nAs soon as it is confirmed, you&#039;ll receive an email.'),
	(4358, 4, '10901', 'Book your appointments here. \nThe earliest possible time you can book here is always the next day (tomorrow).\n\nAfter making an entry, a hairstyler has to confirm your appointment for it to be valid. \nAs soon as it is confirmed, you&#039;ll receive an email.'),
	(4359, 1, '10902', 'Neben der Leistungsspezifischen Zeiten (blau) können Sie innerhalb der folgenden Zeiten buchen:'),
	(4360, 2, '10902', 'You may book within the following times:'),
	(4361, 3, '10902', 'You may book within the following times:'),
	(4362, 4, '10902', 'You may book within the following times:'),
	(4363, 1, '10903', 'Uhr'),
	(4364, 2, '10903', 'h'),
	(4365, 3, '10903', 'h'),
	(4366, 4, '10903', 'h'),
	(4367, 1, '10904', 'Bestätigt'),
	(4368, 2, '10904', 'Confirmed'),
	(4369, 3, '10904', 'Confirmé'),
	(4370, 4, '10904', 'Confirmed'),
	(4371, 1, '10905', 'Nocht nicht bestätigt'),
	(4372, 2, '10905', 'Not yet confirmed'),
	(4373, 3, '10905', 'Not yet confirmed'),
	(4374, 4, '10905', 'Not yet confirmed'),
	(4375, 1, '10906', 'Termin bestätigt'),
	(4376, 2, '10906', 'Appointment confirmed'),
	(4377, 3, '10906', 'Appointment confirmed'),
	(4378, 4, '10906', 'Appointment confirmed'),
	(4379, 1, '10907', 'Ihr nächster Termin'),
	(4380, 2, '10907', 'Your next appointment'),
	(4381, 3, '10907', 'Your next appointment'),
	(4382, 4, '10907', 'Your next appointment'),
	(4383, 1, '10908', 'Ressourcen'),
	(4384, 2, '10908', 'Resources'),
	(4385, 3, '10908', 'Resources'),
	(4386, 4, '10908', 'Resources'),
	(4387, 1, '10909', 'Die Ressource wurde erfolgreich gespeichert.'),
	(4388, 2, '10909', 'The resource was successfully saved.'),
	(4389, 3, '10909', 'The resource was successfully saved.'),
	(4390, 4, '10909', 'The resource was successfully saved.'),
	(4391, 1, '10910', 'Die Ressource wurde erfolgreich gelöscht.'),
	(4392, 2, '10910', 'The resource was successfully deleted.'),
	(4393, 3, '10910', 'The resource was successfully deleted.'),
	(4394, 4, '10910', 'The resource was successfully deleted.'),
	(4395, 1, '10911', 'Wollen Sie diese Ressource wirklich löschen?'),
	(4396, 2, '10911', 'Do you really want to delete this resource?'),
	(4397, 3, '10911', 'Do you really want to delete this resource?'),
	(4398, 4, '10911', 'Do you really want to delete this resource?'),
	(4399, 1, '10912', 'Ressourcenliste'),
	(4400, 2, '10912', 'Resource list'),
	(4401, 3, '10912', 'Resource list'),
	(4402, 4, '10912', 'Resource list'),
	(4403, 1, '10913', 'Ressource löschen'),
	(4404, 2, '10913', 'Delete resource'),
	(4405, 3, '10913', 'Delete resource'),
	(4406, 4, '10913', 'Delete resource'),
	(4407, 1, '10914', 'Ressource bearbeiten'),
	(4408, 2, '10914', 'Edit resource'),
	(4409, 3, '10914', 'Edit resource'),
	(4410, 4, '10914', 'Edit resource'),
	(4411, 1, '10915', 'Neue Ressource'),
	(4412, 2, '10915', 'New resource'),
	(4413, 3, '10915', 'New resource'),
	(4414, 4, '10915', 'New resource'),
	(4415, 1, '10916', 'Ressource'),
	(4416, 2, '10916', 'Resource'),
	(4417, 3, '10916', 'Resource'),
	(4418, 4, '10916', 'Resource'),
	(4419, 1, '10917', 'Die gewählte Ressource ist zu diesr Zeit bereits gebucht.'),
	(4420, 2, '10917', 'The selected resource is already booked at the specified time.'),
	(4421, 3, '10917', 'The selected resource is already booked at the specified time.'),
	(4422, 4, '10917', 'The selected resource is already booked at the specified time.'),
	(4423, 1, '10918', 'Nach Ressource filtern'),
	(4424, 2, '10918', 'Filter by resource'),
	(4425, 3, '10918', 'Filter by resource'),
	(4426, 4, '10918', 'Filter by resource'),
	(4427, 1, '10919', 'Unbestätigte Termine anzeigen'),
	(4428, 2, '10919', 'Show unconfirmed appointments'),
	(4429, 3, '10919', 'Show unconfirmed appointments'),
	(4430, 4, '10919', 'Show unconfirmed appointments'),
	(4431, 1, '10920', 'Bestätigte Termine anzeigen'),
	(4432, 2, '10920', 'Show confirmed appointments'),
	(4433, 3, '10920', 'Show confirmed appointments'),
	(4434, 4, '10920', 'Show confirmed appointments'),
	(4435, 1, '10921', 'Unbestätigte kommende Termine'),
	(4436, 2, '10921', 'Unconfirmed upcoming appointments'),
	(4437, 3, '10921', 'Unconfirmed upcoming appointments'),
	(4438, 4, '10921', 'Unconfirmed upcoming appointments'),
	(4439, 1, '10922', 'Unbestätigte vergangene Termine'),
	(4440, 2, '10922', 'Unconfirmed past appointments'),
	(4441, 3, '10922', 'Unconfirmed past appointments'),
	(4442, 4, '10922', 'Unconfirmed past appointments'),
	(4443, 1, '10923', 'Unbestätigte Termine'),
	(4444, 2, '10923', 'Unconfirmed appointments'),
	(4445, 3, '10923', 'Unconfirmed appointments'),
	(4446, 4, '10923', 'Unconfirmed appointments'),
	(4447, 1, '10924', 'Termine anzeigen für die folgende Ressource:'),
	(4448, 2, '10924', 'Show appointments for the following resource:'),
	(4449, 3, '10924', 'Show appointments for the following resource:'),
	(4450, 4, '10924', 'Show appointments for the following resource:'),
	(4451, 1, '10925', 'Keine Auswahl'),
	(4452, 2, '10925', 'No selection'),
	(4453, 3, '10925', 'No selection'),
	(4454, 4, '10925', 'No selection'),
	(4455, 1, '10926', 'Hausbesuch'),
	(4456, 2, '10926', 'Home visit'),
	(4457, 3, '10926', 'Home visit'),
	(4458, 4, '10926', 'Home visit'),
	(4459, 1, '10927', 'Kunden dürfen einen Mitarbeiter/Werkstatt wählen'),
	(4460, 2, '10927', 'client are allowed to pick an employee'),
	(4461, 3, '10927', 'Customers are allowed to pick a hairstyler'),
	(4462, 4, '10927', 'Customers are allowed to pick a hairstyler'),
	(4463, 1, '10928', 'Modulspezifische Einstellungen'),
	(4464, 2, '10928', 'Module specific settings'),
	(4465, 3, '10928', 'Module specific settings'),
	(4466, 4, '10928', 'Module specific settings'),
	(4467, 1, '10929', 'Kundenregistrierung &amp;amp; Kundenkalender'),
	(4468, 2, '10929', 'Client registration &amp;amp; client calendar'),
	(4469, 3, '10929', 'Customer registration &amp;amp; customer calendar'),
	(4470, 4, '10929', 'Customer registration &amp;amp; customer calendar'),
	(4471, 1, '10930', 'Aktivieren / Deaktivieren von Teilen des Systems'),
	(4472, 2, '10930', 'Activation / deactivation of parts of the system'),
	(4473, 3, '10930', 'Activation / deactivation of parts of the system'),
	(4474, 4, '10930', 'Activation / deactivation of parts of the system'),
	(4475, 1, '10931', 'Wenn aktiviert, dürfen Kunden beim Eintragen von Terminen im Frontend direkt einen Mitarbeiter/Werkstatt auswählen.'),
	(4476, 2, '10931', 'If activated, customers may directly pick an employee/car service station when adding a calendar entry in the frontend.'),
	(4477, 3, '10931', 'If activated, customers may directly pick a hairstyler when adding a calendar entry in the frontend.'),
	(4478, 4, '10931', 'If activated, customers may directly pick a hairstyler when adding a calendar entry in the frontend.'),
	(4479, 1, '10932', 'Der gewählte Mitarbeiter/Werkstatt ist zu diesem Zeitpunkt leider bereits gebucht. Bitte wählen Sie einen alternativen Termin oder Mitarbeiter/Werkstatt.'),
	(4480, 2, '10932', 'The selected employee/car service station is already booked for that time. Please chose another time or employee/car service station for your appointment.'),
	(4481, 3, '10932', 'The selected therapist is already booked for that time. Please chose another time for your appointment.'),
	(4482, 4, '10932', 'The selected therapist is already booked for that time. Please chose another time for your appointment.'),
	(4483, 1, '10933', 'Sie haben zu den eingegebenen Zeiten bereits einen eingetragenen Termin.'),
	(4484, 2, '10933', 'You already hav another appointment at the specified time.'),
	(4485, 3, '10933', 'You already hav another appointment at the specified time.'),
	(4486, 4, '10933', 'You already hav another appointment at the specified time.'),
	(4487, 1, '10934', 'Leider sind wir zum gewählten Zeitpunkt bereits komplett ausgebucht. Bitte wählen Sie einen anderen Termin.'),
	(4488, 2, '10934', 'We are already fully booked at the selected time. Please choose another time for you appointment.'),
	(4489, 3, '10934', 'We are already fully booked at the selected time. Please choose another time for you appointment.'),
	(4490, 4, '10934', 'We are already fully booked at the selected time. Please choose another time for you appointment.'),
	(4491, 1, '10935', 'Noch keinem Benutzer zugeordnet!'),
	(4492, 2, '10935', 'Not yet assigned to any user!'),
	(4493, 3, '10935', 'Not yet assigned to any user!'),
	(4494, 4, '10935', 'Not yet assigned to any user!'),
	(4495, 1, '10936', 'Der am frühesten hier buchbare Termin ist am morgigen Tag.'),
	(4496, 2, '10936', 'The earliest bookable time over the system is tomorrow.'),
	(4497, 3, '10936', 'The earliest bookable time over the system is tomorrow.'),
	(4498, 4, '10936', 'The earliest bookable time over the system is tomorrow.'),
	(4499, 1, '10937', 'Name des Geschäfts / Betriebs'),
	(4500, 2, '10937', 'Name of the company'),
	(4501, 3, '10937', 'Name of the office'),
	(4502, 4, '10937', 'Name of the office'),
	(4503, 1, '10938', 'Zuständige Kammer'),
	(4504, 2, '10938', 'Concerned chamber'),
	(4505, 3, '10938', 'Concerned chamber'),
	(4506, 4, '10938', 'Concerned chamber'),
	(4507, 1, '10939', 'Sonstiges'),
	(4508, 2, '10939', 'Others'),
	(4509, 3, '10939', 'Associated association of statutory health insurance physicians'),
	(4510, 4, '10939', 'Associated association of statutory health insurance physicians'),
	(4511, 1, '10940', 'Unbestätigt'),
	(4512, 2, '10940', 'Unconfirmed'),
	(4513, 3, '10940', 'Unconfirmed'),
	(4514, 4, '10940', 'Unconfirmed'),
	(4515, 1, '10941', 'Der gewählte Zeitpunkt liegt außerhalb der buchbaren Zeiten.'),
	(4516, 2, '10941', 'The selected time is not within the allowed bookable times.'),
	(4517, 3, '10941', 'The selected time is not within the allowed bookable times.'),
	(4518, 4, '10941', 'The selected time is not within the allowed bookable times.'),
	(4519, 1, '10942', 'Mehrfach buchbar'),
	(4520, 2, '10942', 'Bookable multiple times'),
	(4521, 3, '10942', 'Bookable multiple times'),
	(4522, 4, '10942', 'Bookable multiple times'),
	(4523, 1, '10943', 'Kann diese Ressource zur gleichen Zeit mehrfach gebucht werden?'),
	(4524, 2, '10943', 'Can this resource be booked multiple times at the same time?'),
	(4525, 3, '10943', 'Can this resource be booked multiple times at the same time?'),
	(4526, 4, '10943', 'Can this resource be booked multiple times at the same time?'),
	(4527, 1, '10944', 'Dieser Eintrag darf nicht gelöscht werden.'),
	(4528, 2, '10944', 'This entry must not be deleted.'),
	(4529, 3, '10944', 'This entry must not be deleted.'),
	(4530, 4, '10944', 'This entry must not be deleted.'),
	(4531, 1, '10945', 'Alle auswählen'),
	(4532, 2, '10945', 'Select all'),
	(4533, 3, '10945', 'Select all'),
	(4534, 4, '10945', 'Select all'),
	(4535, 1, '10946', 'Cache und Komprimierung von CSS und JavaScript Dateien'),
	(4536, 2, '10946', 'Cache and compression of JavaScript and CSS files'),
	(4537, 3, '10946', 'Cache and compression of JavaScript and CSS files'),
	(4538, 4, '10946', 'Cache and compression of JavaScript and CSS files'),
	(4539, 1, '10947', 'Empfohlene Einstellung: Eingeschaltet.'),
	(4540, 2, '10947', 'Recommended setting: Turned on.'),
	(4541, 3, '10947', 'Recommended setting: Turned on.'),
	(4542, 4, '10947', 'Recommended setting: Turned on.'),
	(4543, 1, '10948', 'In das Verzeichnis konnte nicht geschrieben werden:'),
	(4544, 2, '10948', 'Could not write into the folder:'),
	(4545, 3, '10948', 'Could not write into the folder:'),
	(4546, 4, '10948', 'Could not write into the folder:'),
	(4547, 1, '10949', 'Frontend Willkommens-Grafik'),
	(4548, 2, '10949', 'Frontend welcome image'),
	(4549, 3, '10949', 'Frontend welcome image'),
	(4550, 4, '10949', 'Frontend welcome image'),
	(4551, 1, '10950', 'Das Bild das im Frontend über dem Login bzw. auf der Hauptseite angezeigt wird (empfohlene Grösse = 940 × 210).'),
	(4552, 2, '10950', 'The image that is displayed above the login / on the main page in the fronted area (recommended size = 940 × 210).'),
	(4553, 3, '10950', 'The image that is displayed above the login / on the main page in the frontend area.'),
	(4554, 4, '10950', 'The image that is displayed above the login / on the main page in the frontend area.'),
	(4555, 1, '10951', 'Der Upload-Typ ist nicht erlaubt.'),
	(4556, 2, '10951', 'The upload type is not allowed.'),
	(4557, 3, '10951', 'The upload type is not allowed.'),
	(4558, 4, '10951', 'The upload type is not allowed.'),
	(4559, 1, '10952', 'Datei nicht gefunden'),
	(4560, 2, '10952', 'File not found'),
	(4561, 3, '10952', 'File not found'),
	(4562, 4, '10952', 'File not found'),
	(4563, 1, '10953', 'Datei-Upload'),
	(4564, 2, '10953', 'File upload'),
	(4565, 3, '10953', 'File upload'),
	(4566, 4, '10953', 'File upload'),
	(4567, 1, '10954', 'Fehlende Zugriffsrechte.'),
	(4568, 2, '10954', 'Missing access rights.'),
	(4569, 3, '10954', 'Missing access rights.'),
	(4570, 4, '10954', 'Missing access rights.'),
	(4571, 1, '10955', 'E-Mail-Benachrichtigungen bei neuen Kalendereinträgen durch andere Benutzer'),
	(4572, 2, '10955', 'E-mail notifications on calendar entry creation through other users'),
	(4573, 3, '10955', 'E-mail notifications on calendar entry creation through other users'),
	(4574, 4, '10955', 'E-mail notifications on calendar entry creation through other users'),
	(4575, 1, '10956', 'Möchten Sie eine E-Mail erhalten wenn andere Benutzer Termine für Sie anlegen?'),
	(4576, 2, '10956', 'Do you want to receive an e-mail when other users create calendar entries for you?'),
	(4577, 3, '10956', 'Do you want to receive an e-mail when other users create calendar entries for you?'),
	(4578, 4, '10956', 'Do you want to receive an e-mail when other users create calendar entries for you?'),
	(4579, 1, '10957', 'E-Mail-Benachrichtigungen bei neuen Kalendereinträgen durch Kunden'),
	(4580, 2, '10957', 'E-mail notifications on calendar entry creation through clients'),
	(4581, 3, '10957', 'E-mail notifications on calendar entry creation through customers'),
	(4582, 4, '10957', 'E-mail notifications on calendar entry creation through customers'),
	(4583, 1, '10958', 'Möchten Sie eine E-Mail erhalten wenn Kunden Termine mit Ihnen buchen?'),
	(4584, 2, '10958', 'Do you want to receive an e-mail when clients book you for calendar entries?'),
	(4585, 3, '10958', 'Do you want to receive an e-mail when patients book you for calendar entries?'),
	(4586, 4, '10958', 'Do you want to receive an e-mail when patients book you for calendar entries?'),
	(4587, 1, '10959', 'Neuer Kalendereintrag durch einen Kunden'),
	(4588, 2, '10959', 'New calendar entry made by a client'),
	(4589, 3, '10959', 'New calendar entry made by a customer'),
	(4590, 4, '10959', 'New calendar entry made by a customer'),
	(4591, 1, '10960', 'Neuer Kalendereintrag'),
	(4592, 2, '10960', 'New calendar entry'),
	(4593, 3, '10960', 'New calendar entry'),
	(4594, 4, '10960', 'New calendar entry'),
	(4595, 1, '10961', 'Hallo %1,\n\n%2\n\n%3\n\n&lt;a href="%4" target="_blank"&gt;Folgen Sie diesem Link zu Ihren Terminen und allen Details.&lt;/a&gt;\n\n%5'),
	(4596, 2, '10961', 'Hello %1,\n\n%2\n\n%3\n\n&lt;a href="%4" target="_blank"&gt;Follow this link to directly go to your appointments and all details.&lt;/a&gt;\n\n%5'),
	(4597, 3, '10961', 'Hello %1,\n\n%2\n\n%3\n\n&lt;a href="%4" target="_blank"&gt;Follow this link to directly go to your appointments and all details.&lt;/a&gt;\n\n%5'),
	(4598, 4, '10961', 'Hello %1,\n\n%2\n\n%3\n\n&lt;a href="%4" target="_blank"&gt;Follow this link to directly go to your appointments and all details.&lt;/a&gt;\n\n%5'),
	(4599, 1, '10962', 'Der Kunde "%sendingUserFrontendFullName" hat einen neuen Kalendereintrag für Sie angelegt. \n Der Kunde kann den Eintrag noch so lange bearbeiten, bis Sie ihn bestätigt haben. Bitte bestätigen oder informieren Sie den Kunden so schnell wie möglich.'),
	(4600, 2, '10962', 'The patient "%sendingUserFrontendFullName" created a new calendar entry for you.\n The patient can still edit the entry as long as you don\'t confirm it. Please confirm or contact the patient as soon as possible.'),
	(4601, 3, '10962', 'The patient "%sendingUserFrontendFullName" created a new calendar entry for you.\n The patient can still edit the entry as long as you don\'t confirm it. Please confirm or contact the patient as soon as possible.'),
	(4602, 4, '10962', 'The patient "%sendingUserFrontendFullName" created a new calendar entry for you.\n The patient can still edit the entry as long as you don\'t confirm it. Please confirm or contact the patient as soon as possible.'),
	(4603, 1, '10963', 'Der Benutzer "%sendingUserFullName" hat einen neuen Kalendereintrag für Sie angelegt.'),
	(4604, 2, '10963', 'The user "%sendingUserFullName" has created a new calendar entry for you.'),
	(4605, 3, '10963', 'The user "%sendingUserFullName" has created a new calendar entry for you.'),
	(4606, 4, '10963', 'The user "%sendingUserFullName" has created a new calendar entry for you.'),
	(4607, 1, '10964', 'Datum und Uhrzeit'),
	(4608, 2, '10964', 'Date and time'),
	(4609, 3, '10964', 'Date and time'),
	(4610, 4, '10964', 'Date and time'),
	(4611, 1, '10965', 'Neuer Kalendereintrag für Sie!'),
	(4612, 2, '10965', 'New calendar entry for you!'),
	(4613, 3, '10965', 'New calendar entry for you!'),
	(4614, 4, '10965', 'New calendar entry for you!'),
	(4615, 1, '10966', 'Ihre Anfrage'),
	(4616, 2, '10966', 'Your request'),
	(4617, 3, '10966', 'Votre demande'),
	(4618, 4, '10966', 'Su richiesta '),
	(4619, 1, '10967', 'Das Autohaus &quot;%sendingUserFullName&quot; hat soeben einen neuen Kalendereintrag für Sie erstellt.'),
	(4620, 2, '10967', 'The garage &quot;%sendingUserFullName&quot; just created a new calendar entry for you.'),
	(4621, 3, '10967', 'The therapist &quot;%sendingUserFullName&quot; just created a new calendar entry for you.'),
	(4622, 4, '10967', 'The therapist &quot;%sendingUserFullName&quot; just created a new calendar entry for you.'),
	(4623, 1, '10968', 'Ihr Kalendereintrag wurde erfolgreich angelegt. Bitte beachten Sie, dass dieser zuerst von uns bestätigt werden muss. Sie erhalten hierzu eine gesonderte E-Mail.'),
	(4624, 2, '10968', 'Your calendar entry was successfully created. Please keep in mind that it still has to be confirmed by us. For this, you&#039;ll receive a separate e-mail.'),
	(4625, 3, '10968', 'Your calendar entry was successfully created. Please keep in mind that it still has to be confirmed by a hairstyler. For this, you&#039;ll receive a separate e-mail.'),
	(4626, 4, '10968', 'Your calendar entry was successfully created. Please keep in mind that it still has to be confirmed by a hairstyler. For this, you&#039;ll receive a separate e-mail.'),
	(4627, 1, '10969', 'Sehr geehrte(r) %1,\n\n%2\n\n%3\n\n&lt;a href="%4" target="_blank"&gt;Folgen Sie diesem Link zu Ihrem persönlichen Kalender und allen Details.&lt;/a&gt;\n\n%5'),
	(4628, 2, '10969', 'Dear Sir or Madam %1,\n\n%2\n\n%3\n\n&lt;a href="%4" target="_blank"&gt;Follow this link to your personal calendar and all details.&lt;/a&gt;\n\n%5'),
	(4629, 3, '10969', 'Dear Sir or Madam %1,\n\n%2\n\n%3\n\n&lt;a href="%4" target="_blank"&gt;Follow this link to your personal calendar and all details.&lt;/a&gt;\n\n%5'),
	(4630, 4, '10969', 'Dear Sir or Madam %1,\n\n%2\n\n%3\n\n&lt;a href="%4" target="_blank"&gt;Follow this link to your personal calendar and all details.&lt;/a&gt;\n\n%5'),
	(4631, 1, '10970', 'Ihr Termin wurde bestätigt!'),
	(4632, 2, '10970', 'Your appointment has been confirmed!'),
	(4633, 3, '10970', 'Your appointment has been confirmed!'),
	(4634, 4, '10970', 'Your appointment has been confirmed!'),
	(4635, 1, '10971', ' Sehr geehrte(r) %1, \n  \n  Ihr Kalendereintrag wurde von einem Mitarbeiter bestätigt.\n  \n  %2\n  %3\n  \n  &lt;a href="%4" target="_blank"&gt;Folgen Sie diesem Link zu Ihrem persönlichen Kalender und allen Details.&lt;/a&gt;\n  \n  %5'),
	(4636, 2, '10971', ' Dear Sir or Madam %1, \n  \n  your calendar entry has been confirmed by a therapist.\n  \n  %2\n  %3\n  \n  &lt;a href="%4" target="_blank"&gt;Please follow this link to your personal calendar and further details.&lt;/a&gt;\n  \n  %5'),
	(4637, 3, '10971', ' Dear Sir or Madam %1, \n  \n  your calendar entry has been confirmed by a therapist.\n  \n  %2\n  %3\n  \n  &lt;a href="%4" target="_blank"&gt;Please follow this link to your personal calendar and further details.&lt;/a&gt;\n  \n  %5'),
	(4638, 4, '10971', ' Dear Sir or Madam %1, \n  \n  your calendar entry has been confirmed by a therapist.\n  \n  %2\n  %3\n  \n  &lt;a href="%4" target="_blank"&gt;Please follow this link to your personal calendar and further details.&lt;/a&gt;\n  \n  %5'),
	(4639, 1, '10972', 'Ihre Buchungsänderung'),
	(4640, 2, '10972', 'Your booking update'),
	(4641, 3, '10972', 'Your booking update'),
	(4642, 4, '10972', 'Your booking update'),
	(4643, 1, '10973', 'Ihr Kalendereintrag wurde erfolgreich aktualisiert. \nBitte beachten Sie, dass dieser zuerst von uns werden muss. Sie erhalten hierzu eine gesonderte E-Mail.'),
	(4644, 2, '10973', 'Your calendar entry was successfully updated. \nPlease keep in mind that it still has to be confirmed by us. For this, you&#039;ll receive a separate e-mail.'),
	(4645, 3, '10973', 'Your calendar entry was successfully updated. \nPlease keep in mind that it still has to be confirmed by a hairstyler. For this, you&#039;ll receive a separate e-mail.'),
	(4646, 4, '10973', 'Your calendar entry was successfully updated. \nPlease keep in mind that it still has to be confirmed by a hairstyler. For this, you&#039;ll receive a separate e-mail.'),
	(4647, 1, '10974', 'Informationen auf der Startseite &amp;lt;sup&amp;gt;(deaktivierte Kundenregistrierung)&amp;lt;/sup&amp;gt;'),
	(4648, 2, '10974', 'Information on the start page &amp;lt;sup&amp;gt;(deactivated client registration)&amp;lt;/sup&amp;gt;'),
	(4649, 3, '10974', 'Information on the start page &amp;lt;sup&amp;gt;(deactivated customer registration)&amp;lt;/sup&amp;gt;'),
	(4650, 4, '10974', 'Information on the start page &amp;lt;sup&amp;gt;(deactivated customer registration)&amp;lt;/sup&amp;gt;'),
	(4651, 1, '10975', 'Der Text der auf der Startseite für Kunden angezeigt wird, wenn die Kundenregistrierung und -buchungen deaktiviert sind.'),
	(4652, 2, '10975', 'The text being displayed on the clients&#039; start page when the client registration and booking is disabled.'),
	(4653, 3, '10975', 'The text being displayed on the customers&#039; start page when the customer registration and booking is disabled.'),
	(4654, 4, '10975', 'The text being displayed on the customers&#039; start page when the customer registration and booking is disabled.'),
	(4655, 1, '10976', 'Ohne Kunde'),
	(4656, 2, '10976', 'No client'),
	(4657, 3, '10976', 'No customer'),
	(4658, 4, '10976', 'No customer'),
	(4659, 1, '10977', 'Sie sind nicht angemeldet, bitte laden Sie die Seite neu.'),
	(4660, 2, '10977', 'You\'re not logged in, please refresh the page.'),
	(4661, 3, '10977', 'You\'re not logged in, please refresh the page.'),
	(4662, 4, '10977', 'You\'re not logged in, please refresh the page.'),
	(4663, 1, '10978', 'Jetzt neu laden'),
	(4664, 2, '10978', 'Reload now'),
	(4665, 3, '10978', 'Reload now'),
	(4666, 4, '10978', 'Reload now'),
	(4667, 1, '10979', 'Zurück zur Webseite'),
	(4668, 2, '10979', 'Back to the homepage'),
	(4669, 3, '10979', 'Back to the homepage'),
	(4670, 4, '10979', 'Back to the homepage'),
	(4671, 1, '10980', 'Adresse zur Ihrer Webseite'),
	(4672, 2, '10980', 'Link to your website'),
	(4673, 3, '10980', 'Link to your website'),
	(4674, 4, '10980', 'Link to your website'),
	(4675, 1, '10981', 'Die Adresse Ihrer Haupt-Webseite zu der die Benutzer aus dem System navigieren können.'),
	(4676, 2, '10981', 'The address of your main website the users of the system can navigate to.'),
	(4677, 3, '10981', 'The address of your main website the users of the system can navigate to.'),
	(4678, 4, '10981', 'The address of your main website the users of the system can navigate to.'),
	(4679, 1, '10982', 'Anzeigen im Frontend: Link zu Ihrer Webseite'),
	(4680, 2, '10982', 'Show in frontend: Link to your website'),
	(4681, 3, '10982', 'Show in frontend: Link to your website'),
	(4682, 4, '10982', 'Show in frontend: Link to your website'),
	(4683, 1, '10983', 'Wird im Hauptmenü dargestellt.'),
	(4684, 2, '10983', 'Is being displayed in the main menu.'),
	(4685, 3, '10983', 'Is being displayed in the main menu.'),
	(4686, 4, '10983', 'Is being displayed in the main menu.'),
	(4687, 1, '10984', 'Feiertag / Urlaub erstellen'),
	(4688, 2, '10984', 'Create holiday / vacation'),
	(4689, 3, '10984', 'Create holiday / vacation'),
	(4690, 4, '10984', 'Create holiday / vacation'),
	(4691, 1, '10985', 'Feiertag / Urlaub bearbeiten'),
	(4692, 2, '10985', 'Edit holiday / vacation'),
	(4693, 3, '10985', 'Edit holiday / vacation'),
	(4694, 4, '10985', 'Edit holiday / vacation'),
	(4695, 1, '10986', 'Feiertag oder Urlaub: Unser Geschäft ist geschlossen. Bitte wählen Sie einen anderen Tag aus.'),
	(4696, 2, '10986', 'The times you entered are either on a public holiday or we are on vacation.'),
	(4697, 3, '10986', 'The times you entered are either on a public holiday or we are on vacation.'),
	(4698, 4, '10986', 'The times you entered are either on a public holiday or we are on vacation.'),
	(4699, 1, '10987', 'Angaben zum Feiertag / Urlaub'),
	(4700, 2, '10987', 'Additional info for the holiday / vacation'),
	(4701, 3, '10987', 'Additional info for the holiday / vacation'),
	(4702, 4, '10987', 'Additional info for the holiday / vacation'),
	(4703, 1, '10988', 'Frontend Header-Grafik'),
	(4704, 2, '10988', 'Frontend header image'),
	(4705, 3, '10988', 'Frontend header image'),
	(4706, 4, '10988', 'Frontend header image'),
	(4707, 1, '10989', 'Backend Willkommens-Grafik'),
	(4708, 2, '10989', 'Backend welcome image'),
	(4709, 3, '10989', 'Backend welcome image'),
	(4710, 4, '10989', 'Backend welcome image'),
	(4711, 1, '10990', 'Das Bild das im Backend über dem Login bzw. auf der Hauptseite angezeigt wird (empfohlene Grösse = 940 × 210).'),
	(4712, 2, '10990', 'The image that is displayed above the login / on the main page in the backend area (recommended size = 940 × 210).'),
	(4713, 3, '10990', 'The image that is displayed above the login / on the main page in the backend area (recommended size = 940 × 210).'),
	(4714, 4, '10990', 'The image that is displayed above the login / on the main page in the backend area (recommended size = 940 × 210).'),
	(4715, 1, '10991', 'Backend Header-Grafik (nach Login)'),
	(4716, 2, '10991', 'Backend header image'),
	(4717, 3, '10991', 'Backend header image'),
	(4718, 4, '10991', 'Backend header image'),
	(4719, 1, '10992', 'Das Bild das im Header des Backends über dem Menü angezeigt wird.'),
	(4720, 2, '10992', 'The image being displayed above the menu in the backend.'),
	(4721, 3, '10992', 'The image being displayed above the menu in the backend.'),
	(4722, 4, '10992', 'The image being displayed above the menu in the backend.'),
	(4723, 1, '10993', 'Das Bild das im Header des Frontends über dem Menü angezeigt wird.'),
	(4724, 2, '10993', 'The image being displayed above the menu in the frontend.'),
	(4725, 3, '10993', 'The image being displayed above the menu in the frontend.'),
	(4726, 4, '10993', 'The image being displayed above the menu in the frontend.'),
	(4727, 1, '10994', 'Mitarbeiter/Werkstatt wählen'),
	(4728, 2, '10994', 'Employee/car service station selection'),
	(4729, 3, '10994', 'Therapist selection'),
	(4730, 4, '10994', 'Therapist selection'),
	(4731, 1, '10995', 'Inkompatible Kalender'),
	(4732, 2, '10995', 'Incompatible calendars'),
	(4733, 3, '10995', 'Incompatible calendars'),
	(4734, 4, '10995', 'Incompatible calendars'),
	(4735, 1, '10996', 'Nicht verfügbar'),
	(4736, 2, '10996', 'Not available'),
	(4737, 3, '10996', 'Not available'),
	(4738, 4, '10996', 'Not available'),
	(4739, 1, '10997', 'Wählen Sie weiter unten einen Mitarbeiter/Werkstatt, um zu sehen wann dieser/diese verfügbar ist.'),
	(4740, 2, '10997', 'Pick an employee/car service station further down below to show the available times.'),
	(4741, 3, '10997', 'Pick a therapist further down below to show his available times.'),
	(4742, 4, '10997', 'Pick a therapist further down below to show his available times.'),
	(4743, 1, '10998', 'Terminassistent für Mandaten'),
	(4744, 2, '10998', 'Appointment assistant for clients'),
	(4745, 3, '10998', 'Appointment assistant for customers'),
	(4746, 4, '10998', 'Appointment assistant for customers'),
	(4747, 1, '10999', 'Darstellung des Terminassistenten'),
	(4748, 2, '10999', 'Display of the appointment assistant'),
	(4749, 3, '10999', 'Display of the appointment assistant'),
	(4750, 4, '10999', 'Display of the appointment assistant'),
	(4751, 1, '11000', 'Direkt den Assistenten anzeigen, Login-Button an der Seite'),
	(4752, 2, '11000', 'Directly show the assistant, login button on the side'),
	(4753, 3, '11000', 'Directly show the assistant, login button on the side'),
	(4754, 4, '11000', 'Directly show the assistant, login button on the side'),
	(4755, 1, '11001', 'Assistenten über Button beim Login erreichbar'),
	(4756, 2, '11001', 'Assistant reachable by a button on the login page'),
	(4757, 3, '11001', 'Assistant reachable by a button on the login page'),
	(4758, 4, '11001', 'Assistant reachable by a button on the login page'),
	(4759, 1, '11002', 'Nicht anzeigen'),
	(4760, 2, '11002', 'Don\'t show'),
	(4761, 3, '11002', 'Don\'t show'),
	(4762, 4, '11002', 'Don\'t show'),
	(4763, 1, '11003', 'Zum Termin-Assistenten'),
	(4764, 2, '11003', 'To the appointment assistant'),
	(4765, 3, '11003', 'To the appointment assistant'),
	(4766, 4, '11003', 'To the appointment assistant'),
	(4767, 1, '11004', 'Verwenden Sie den Termin-Assistenten, um auf schnellstem Wege einen verfügbaren Termin zu finden oder eine bestimmte Leistung anzufragen.'),
	(4768, 2, '11004', 'Use the appointment assistant to find an appointment as quick as possible.'),
	(4769, 3, '11004', 'Use the appointment assistant to find an appointment as quick as possible.'),
	(4770, 4, '11004', 'Use the appointment assistant to find an appointment as quick as possible.'),
	(4771, 1, '11005', 'Termin-Assistent'),
	(4772, 2, '11005', 'Appointment assistant'),
	(4773, 3, '11005', 'Appointment assistant'),
	(4774, 4, '11005', 'Appointment assistant'),
	(4775, 1, '11006', 'Zum Login'),
	(4776, 2, '11006', 'To the login'),
	(4777, 3, '11006', 'To the login'),
	(4778, 4, '11006', 'To the login'),
	(4779, 1, '11007', 'Tipp:'),
	(4780, 2, '11007', 'Tip:'),
	(4781, 3, '11007', 'Tip:'),
	(4782, 4, '11007', 'Tip:'),
	(4783, 1, '11008', 'Alternativ können Sie sich einloggen, um eine Übersicht Ihrer vorhandenen Termine anzuzeigen bzw. um neue Termine anzulegen.'),
	(4784, 2, '11008', 'Alternatively, you can log in to see an overview of your appointments, respectively to create new ones.'),
	(4785, 3, '11008', 'Alternatively, you can log in to see an overview of your appointments, respectively to create new ones.'),
	(4786, 4, '11008', 'Alternatively, you can log in to see an overview of your appointments, respectively to create new ones.'),
	(4787, 1, '11009', 'Angaben'),
	(4788, 2, '11009', 'Information'),
	(4789, 3, '11009', 'Information'),
	(4790, 4, '11009', 'Information'),
	(4791, 1, '11010', 'Versicherungsart'),
	(4792, 2, '11010', 'Type of insurance'),
	(4793, 3, '11010', 'Type of insurance'),
	(4794, 4, '11010', 'Type of insurance'),
	(4795, 1, '11011', 'Privat'),
	(4796, 2, '11011', 'Private'),
	(4797, 3, '11011', 'Private'),
	(4798, 4, '11011', 'Private'),
	(4799, 1, '11012', 'Gesetzlich'),
	(4800, 2, '11012', 'Statutory'),
	(4801, 3, '11012', 'Statutory'),
	(4802, 4, '11012', 'Statutory'),
	(4803, 1, '11013', 'Kundendaten'),
	(4804, 2, '11013', 'Client data'),
	(4805, 3, '11013', 'Customer data'),
	(4806, 4, '11013', 'Customer data'),
	(4807, 1, '11014', 'Termin'),
	(4808, 2, '11014', 'Appointment'),
	(4809, 3, '11014', 'Appointment'),
	(4810, 4, '11014', 'Appointment'),
	(4811, 1, '11015', 'Leistungen'),
	(4812, 2, '11015', 'services'),
	(4813, 3, '11015', 'Haircuts'),
	(4814, 4, '11015', 'Haircuts'),
	(4815, 1, '11016', 'Angebote / Dienstleistungen'),
	(4816, 2, '11016', 'List of products'),
	(4817, 3, '11016', 'List of haircuts'),
	(4818, 4, '11016', 'List of haircuts'),
	(4819, 1, '11017', 'Neue Leistung'),
	(4820, 2, '11017', 'New service'),
	(4821, 3, '11017', 'New haircut'),
	(4822, 4, '11017', 'New haircut'),
	(4823, 1, '11018', 'Leistung'),
	(4824, 2, '11018', 'service'),
	(4825, 3, '11018', 'Haircut'),
	(4826, 4, '11018', 'Haircut'),
	(4827, 1, '11019', 'Neue Leistung'),
	(4828, 2, '11019', 'New service'),
	(4829, 3, '11019', 'New haircut'),
	(4830, 4, '11019', 'New haircut'),
	(4831, 1, '11020', 'Leistung bearbeiten'),
	(4832, 2, '11020', 'Edit area of law'),
	(4833, 3, '11020', 'Edit haircut'),
	(4834, 4, '11020', 'Edit haircut'),
	(4835, 1, '11021', 'Kein Benutzer zugeordnet'),
	(4836, 2, '11021', 'No users assigned'),
	(4837, 3, '11021', 'No users assigned'),
	(4838, 4, '11021', 'No users assigned'),
	(4839, 1, '11022', 'zugewiesene Benutzer'),
	(4840, 2, '11022', 'assigned users'),
	(4841, 3, '11022', 'assigned users'),
	(4842, 4, '11022', 'assigned users'),
	(4843, 1, '11023', 'Standard-Dauer'),
	(4844, 2, '11023', 'Default duration'),
	(4845, 3, '11023', 'Default duration'),
	(4846, 4, '11023', 'Default duration'),
	(4847, 1, '11024', 'Grundliegendes'),
	(4848, 2, '11024', 'Basic information'),
	(4849, 3, '11024', 'Basic information'),
	(4850, 4, '11024', 'Basic information'),
	(4851, 1, '11025', 'Benutzerzuweisung'),
	(4852, 2, '11025', 'User assignment'),
	(4853, 3, '11025', 'User assignment'),
	(4854, 4, '11025', 'User assignment'),
	(4855, 1, '11026', 'Auswahl'),
	(4856, 2, '11026', 'Selection'),
	(4857, 3, '11026', 'Selection'),
	(4858, 4, '11026', 'Selection'),
	(4859, 1, '11027', 'Details'),
	(4860, 2, '11027', 'Details'),
	(4861, 3, '11027', 'Details'),
	(4862, 4, '11027', 'Details'),
	(4863, 1, '11028', 'Überprüfen'),
	(4864, 2, '11028', 'Review'),
	(4865, 3, '11028', 'Review'),
	(4866, 4, '11028', 'Review'),
	(4867, 1, '11029', 'Bitte füllen Sie die markierten und erforderlichen Felder aus.'),
	(4868, 2, '11029', 'Please fill in the required and marked fields.'),
	(4869, 3, '11029', 'Please fill in the required and marked fields.'),
	(4870, 4, '11029', 'Please fill in the required and marked fields.'),
	(4871, 1, '11030', 'Anmerkungen'),
	(4872, 2, '11030', 'Annotations'),
	(4873, 3, '11030', 'Annotations'),
	(4874, 4, '11030', 'Annotations'),
	(4875, 1, '11031', 'Sind Sie bereits angemeldetes Mitglied?'),
	(4876, 2, '11031', 'Are you a registered member yet?'),
	(4877, 3, '11031', 'Are you a registered member yet?'),
	(4878, 4, '11031', 'Are you a registered member yet?'),
	(4879, 1, '11032', 'Ja, mit meinen Daten einloggen'),
	(4880, 2, '11032', 'Yes, log in with my data'),
	(4881, 3, '11032', 'Yes, log in with my data'),
	(4882, 4, '11032', 'Yes, log in with my data'),
	(4883, 1, '11033', 'Nein, jetzt registrieren'),
	(4884, 2, '11033', 'No, register now'),
	(4885, 3, '11033', 'No, register now'),
	(4886, 4, '11033', 'No, register now'),
	(4887, 1, '11034', 'Ihre E-Mail-Adresse, bitte wiederholen'),
	(4888, 2, '11034', 'Your email address, please repeat'),
	(4889, 3, '11034', 'Your email address, please repeat'),
	(4890, 4, '11034', 'Your email address, please repeat'),
	(4891, 1, '11035', 'Bitte überprüfen Sie die eingegebenen E-Mail-Adressen.'),
	(4892, 2, '11035', 'Please check the entered email addresses.'),
	(4893, 3, '11035', 'Please check the entered email addresses.'),
	(4894, 4, '11035', 'Please check the entered email addresses.'),
	(4895, 1, '11036', 'Gültig'),
	(4896, 2, '11036', 'Valid'),
	(4897, 3, '11036', 'Valid'),
	(4898, 4, '11036', 'Valid'),
	(4899, 1, '11037', 'Ungültige Login-Daten.'),
	(4900, 2, '11037', 'Invalid login data.'),
	(4901, 3, '11037', 'Invalid login data.'),
	(4902, 4, '11037', 'Invalid login data.'),
	(4903, 1, '11038', 'Bitte geben Sie Ihr Passwort ein.'),
	(4904, 2, '11038', 'Please enter your password.'),
	(4905, 3, '11038', 'Please enter your password.'),
	(4906, 4, '11038', 'Please enter your password.'),
	(4907, 1, '11039', 'Alle Mitarbeiter'),
	(4908, 2, '11039', 'All employees'),
	(4909, 3, '11039', 'All hairstylers'),
	(4910, 4, '11039', 'All hairstylers'),
	(4911, 1, '11040', 'Terminvorschläge'),
	(4912, 2, '11040', 'Appointment proposal'),
	(4913, 3, '11040', 'Appointment proposal'),
	(4914, 4, '11040', 'Appointment proposal'),
	(4915, 1, '11041', 'Ab wann haben Sie Zeit?'),
	(4916, 2, '11041', 'From when on do you have time?'),
	(4917, 3, '11041', 'From when on do you have time?'),
	(4918, 4, '11041', 'From when on do you have time?'),
	(4919, 1, '11042', 'Bitte wählen Sie einen der vorgeschlagenen Termine.'),
	(4920, 2, '11042', 'Please pick one of the proposed appointments.'),
	(4921, 3, '11042', 'Please pick one of the proposed appointments.'),
	(4922, 4, '11042', 'Please pick one of the proposed appointments.'),
	(4923, 1, '11043', 'Bitte überprüfen Sie hier noch einmal die eingegebenen Daten, bevor Sie sie absenden.\n\nWenn alles in Ordnung ist, können Sie den Termin eintragen - Sie erhalten daraufhin eine Bestätigungs-Mail. \n\nWichtig: Der gebuchte Termin muss danach noch von einem unserer Mitarbeiter bestätigt werden. Sie erhalten dazu eine weitere E-Mail, sobald wir Ihre Anfrage bearbeitet haben.'),
	(4924, 2, '11043', 'Please validate all of the entered data before sending them.\n\nIf everything is alright, you may book your appointment - You will receive a confirmation email.\n\nImportant: The booked appointment will have to be confirmed by one of our employees. For this, you&#039;ll receive another email as soon as we processed your request.'),
	(4925, 3, '11043', 'Please validate all of the entered data before sending them.\n\nIf everything is alright, you may book your appointment - You will receive a confirmation email.\n\nImportant: The booked appointment will have to be confirmed by one of our hairstylers. For this, you&#039;ll receive another email as soon as we processed your request.'),
	(4926, 4, '11043', 'Please validate all of the entered data before sending them.\n\nIf everything is alright, you may book your appointment - You will receive a confirmation email.\n\nImportant: The booked appointment will have to be confirmed by one of our hairstylers. For this, you&#039;ll receive another email as soon as we processed your request.'),
	(4927, 1, '11044', 'Bestätigen &amp; Senden'),
	(4928, 2, '11044', 'Confirm &amp; send'),
	(4929, 3, '11044', 'Confirm &amp; send'),
	(4930, 4, '11044', 'Confirm &amp; send'),
	(4931, 1, '11045', 'Kunde'),
	(4932, 2, '11045', 'Client'),
	(4933, 3, '11045', 'Customer'),
	(4934, 4, '11045', 'Customer'),
	(4935, 1, '11046', 'Leistung bearbeiten'),
	(4936, 2, '11046', 'Edit service/product'),
	(4937, 3, '11046', 'Edit haircut'),
	(4938, 4, '11046', 'Edit haircut'),
	(4939, 1, '11047', 'Leistung löschen'),
	(4940, 2, '11047', 'Delete service'),
	(4941, 3, '11047', 'Delete haircut'),
	(4942, 4, '11047', 'Delete haircut'),
	(4943, 1, '11048', 'Leider kann Ihre Anfrage derzeit nicht bearbeitet werden. Bitte versuchen Sie es später erneut oder kontaktieren Sie uns telefonisch.'),
	(4944, 2, '11048', 'Your request could not be completed at this time, please try again later or give us a phone call.'),
	(4945, 3, '11048', 'Your request could not be completed at this time, please try again later or give us a phone call.'),
	(4946, 4, '11048', 'Your request could not be completed at this time, please try again later or give us a phone call.'),
	(4947, 1, '11049', 'Vielen Dank!'),
	(4948, 2, '11049', 'Thank you very much!'),
	(4949, 3, '11049', 'Thank you very much!'),
	(4950, 4, '11049', 'Thank you very much!'),
	(4951, 1, '11050', 'Ihr Benutzerkonto konnte nicht angelegt werden. Bitte überprüfen Sie noch einmal sämtliche Angaben.'),
	(4952, 2, '11050', 'Your account could not be create, please check all of the provided data once again.'),
	(4953, 3, '11050', 'Your account could not be create, please check all of the provided data once again.'),
	(4954, 4, '11050', 'Your account could not be create, please check all of the provided data once again.'),
	(4955, 1, '11051', 'Das Benutzerkonto konnte nicht gefunden werden.'),
	(4956, 2, '11051', 'The account could not be found.'),
	(4957, 3, '11051', 'The account could not be found.'),
	(4958, 4, '11051', 'The account could not be found.'),
	(4959, 1, '11052', 'Ihr Konto wurde erfolgreich erstellt und Ihre Terminanfrage wird so schnell wie möglich von uns bearbeitet. Sie erhalten eine E-Mail sobald Ihr Termin bestätigt wurde.'),
	(4960, 2, '11052', 'Your account has been successfully created and your appointment request will be processed by us as soon as possible. You\'ll receive an email as soon as your appointment has been confirmed.'),
	(4961, 3, '11052', 'Your account has been successfully created and your appointment request will be processed by us as soon as possible. You\'ll receive an email as soon as your appointment has been confirmed.'),
	(4962, 4, '11052', 'Your account has been successfully created and your appointment request will be processed by us as soon as possible. You\'ll receive an email as soon as your appointment has been confirmed.'),
	(4963, 1, '11053', 'Ihre Terminanfrage wird so schnell wie möglich von uns bearbeitet. Sie erhalten eine E-Mail sobald Ihr Termin bestätigt wurde.'),
	(4964, 2, '11053', 'Your appointment request will be processed by us as soon as possible. You\'ll receive an email as soon as your appointment has been confirmed.'),
	(4965, 3, '11053', 'Your appointment request will be processed by us as soon as possible. You\'ll receive an email as soon as your appointment has been confirmed.'),
	(4966, 4, '11053', 'Your appointment request will be processed by us as soon as possible. You\'ll receive an email as soon as your appointment has been confirmed.'),
	(4967, 1, '11054', 'Anmerkung des Kunden'),
	(4968, 2, '11054', 'Annotation of the client'),
	(4969, 3, '11054', 'Annotation of the customer'),
	(4970, 4, '11054', 'Annotation of the customer'),
	(4971, 1, '11055', 'Die Timestamps müssen am selben Tag liegen.'),
	(4972, 2, '11055', 'The timestamps must be on the same day.'),
	(4973, 3, '11055', 'Die Timestamps müssen am selben Tag liegen.'),
	(4974, 4, '11055', 'Die Timestamps müssen am selben Tag liegen.'),
	(4975, 1, '11056', 'Ungültige Zeit.'),
	(4976, 2, '11056', 'Invalid time.'),
	(4977, 3, '11056', 'Invalid time.'),
	(4978, 4, '11056', 'Invalid time.'),
	(4979, 1, '11057', 'Später'),
	(4980, 2, '11057', 'Later'),
	(4981, 3, '11057', 'Later'),
	(4982, 4, '11057', 'Later'),
	(4983, 1, '11058', 'Zum Anfang'),
	(4984, 2, '11058', 'To the beginning'),
	(4985, 3, '11058', 'To the beginning'),
	(4986, 4, '11058', 'To the beginning'),
	(4987, 1, '11059', 'Leistung'),
	(4988, 2, '11059', 'Service'),
	(4989, 3, '11059', 'Haircut'),
	(4990, 4, '11059', 'Haircut'),
	(4991, 1, '11060', 'Allgemeine Geschäftsbedingungen &lt;sup&gt;(Registrierung)&lt;/sup&gt;'),
	(4992, 2, '11060', 'General terms and conditions &lt;sup&gt;(registration)&lt;/sup&gt;'),
	(4993, 3, '11060', 'General terms and conditions &lt;sup&gt;(registration)&lt;/sup&gt;'),
	(4994, 4, '11060', 'General terms and conditions &lt;sup&gt;(registration)&lt;/sup&gt;'),
	(4995, 1, '11061', 'Die Bedingungen die bei der Registrierung von Kunden akzeptiert werden müssen.'),
	(4996, 2, '11061', 'The conditions that have to be accepted by the customer when registering.'),
	(4997, 3, '11061', 'The conditions that have to be accepted by the customer when registering.'),
	(4998, 4, '11061', 'The conditions that have to be accepted by the customer when registering.'),
	(4999, 1, '11062', 'Ich akzeptiere die'),
	(5000, 2, '11062', 'I hereby accept the'),
	(5001, 3, '11062', 'I hereby accept the'),
	(5002, 4, '11062', 'I hereby accept the'),
	(5003, 1, '11063', 'Allgemeinen Geschäftsbedingungen (AGB)'),
	(5004, 2, '11063', 'General Terms and Conditions (GTC)'),
	(5005, 3, '11063', 'General Terms and Conditions (GTC)'),
	(5006, 4, '11063', 'General Terms and Conditions (GTC)'),
	(5007, 1, '11064', 'Akzeptieren'),
	(5008, 2, '11064', 'Accept'),
	(5009, 3, '11064', 'Accept'),
	(5010, 4, '11064', 'Accept'),
	(5011, 1, '11065', 'Bitte bestätigten Sie unsere Allgemeinen Geschäftsbedingungen.'),
	(5012, 2, '11065', 'Please accept our General Terms and Conditions.'),
	(5013, 3, '11065', 'Please accept our General Terms and Conditions.'),
	(5014, 4, '11065', 'Please accept our General Terms and Conditions.'),
	(5015, 1, '11066', 'Module'),
	(5016, 2, '11066', 'Modules'),
	(5017, 3, '11066', 'Modules'),
	(5018, 4, '11066', 'Modules'),
	(5019, 1, '11067', 'Modulübersicht'),
	(5020, 2, '11067', 'Module overview'),
	(5021, 3, '11067', 'Module overview'),
	(5022, 4, '11067', 'Module overview'),
	(5023, 1, '11068', 'Terminassistent'),
	(5024, 2, '11068', 'Appointment assistant'),
	(5025, 3, '11068', 'Appointment assistant'),
	(5026, 4, '11068', 'Appointment assistant'),
	(5027, 1, '11069', 'Liste aller Module'),
	(5028, 2, '11069', 'Module list'),
	(5029, 3, '11069', 'Module list'),
	(5030, 4, '11069', 'Module list'),
	(5031, 1, '11070', 'Identifikator'),
	(5032, 2, '11070', 'Identifier'),
	(5033, 3, '11070', 'Identifier'),
	(5034, 4, '11070', 'Identifier'),
	(5035, 1, '11071', 'Kunden-Registrierung &amp;amp; Terminassistent'),
	(5036, 2, '11071', 'Client registration &amp;amp; appointment assistant'),
	(5037, 3, '11071', 'Customer registration &amp;amp; appointment assistant'),
	(5038, 4, '11071', 'Customer registration &amp;amp; appointment assistant'),
	(5039, 1, '11072', 'Modul ohne Namen'),
	(5040, 2, '11072', 'Unnamed module'),
	(5041, 3, '11072', 'Unnamed module'),
	(5042, 4, '11072', 'Unnamed module'),
	(5043, 1, '11073', 'Modul bearbeiten'),
	(5044, 2, '11073', 'Edit module'),
	(5045, 3, '11073', 'Edit module'),
	(5046, 4, '11073', 'Edit module'),
	(5047, 1, '11074', 'Aktivieren / Deaktivieren'),
	(5048, 2, '11074', 'Activate / Deactivate'),
	(5049, 3, '11074', 'Activate / Deactivate'),
	(5050, 4, '11074', 'Activate / Deactivate'),
	(5051, 1, '11075', 'Terminassistent: Erweiterte Felder'),
	(5052, 2, '11075', 'Appointment assistant: Enhanced fields'),
	(5053, 3, '11075', 'Appointment assistant: Enhanced fields'),
	(5054, 4, '11075', 'Appointment assistant: Enhanced fields'),
	(5055, 1, '11076', 'Die Felder werden den Kunden beim Benutzen des Formulars angezeigt.'),
	(5056, 2, '11076', 'These fields will be shown to the client when using the appointment assistant form.'),
	(5057, 3, '11076', 'These fields will be shown to the customer when using the appointment assistant form.'),
	(5058, 4, '11076', 'These fields will be shown to the customer when using the appointment assistant form.'),
	(5059, 1, '11077', 'Systemstatus'),
	(5060, 2, '11077', 'System status'),
	(5061, 3, '11077', 'System status'),
	(5062, 4, '11077', 'System status'),
	(5063, 1, '11078', 'Update-Verlauf'),
	(5064, 2, '11078', 'Update history'),
	(5065, 3, '11078', 'Update history'),
	(5066, 4, '11078', 'Update history'),
	(5067, 1, '11079', 'Seite'),
	(5068, 2, '11079', 'Page'),
	(5069, 3, '11079', 'Page'),
	(5070, 4, '11079', 'Page'),
	(5071, 1, '11080', 'Pflichtfeld?'),
	(5072, 2, '11080', 'Required?'),
	(5073, 3, '11080', 'Required?'),
	(5074, 4, '11080', 'Required?'),
	(5075, 1, '11081', 'Ja'),
	(5076, 2, '11081', 'Yes'),
	(5077, 3, '11081', 'Oui'),
	(5078, 4, '11081', 'Yes'),
	(5079, 1, '11082', 'Nein'),
	(5080, 2, '11082', 'No'),
	(5081, 3, '11082', 'Non'),
	(5082, 4, '11082', 'No'),
	(5083, 1, '11083', 'Auswahlmöglichkeiten'),
	(5084, 2, '11083', 'Possible values'),
	(5085, 3, '11083', 'Possible values'),
	(5086, 4, '11083', 'Possible values'),
	(5087, 1, '11084', 'Einmaliger Feld-Identifikator'),
	(5088, 2, '11084', 'Unique field identifier'),
	(5089, 3, '11084', 'Unique field identifier'),
	(5090, 4, '11084', 'Unique field identifier'),
	(5091, 1, '11085', 'Sprachvariable'),
	(5092, 2, '11085', 'Language variable'),
	(5093, 3, '11085', 'Language variable'),
	(5094, 4, '11085', 'Language variable'),
	(5095, 1, '11086', 'Art'),
	(5096, 2, '11086', 'Type'),
	(5097, 3, '11086', 'Type'),
	(5098, 4, '11086', 'Type'),
	(5099, 1, '11087', 'Unbekannt'),
	(5100, 2, '11087', 'Unknown'),
	(5101, 3, '11087', 'Unknown'),
	(5102, 4, '11087', 'Unknown'),
	(5103, 1, '11088', 'Radio-Buttons'),
	(5104, 2, '11088', 'Radio buttons'),
	(5105, 3, '11088', 'Radio buttons'),
	(5106, 4, '11088', 'Radio buttons'),
	(5107, 1, '11089', 'Text'),
	(5108, 2, '11089', 'Text'),
	(5109, 3, '11089', 'Text'),
	(5110, 4, '11089', 'Text'),
	(5111, 1, '11090', 'Feld'),
	(5112, 2, '11090', 'Field'),
	(5113, 3, '11090', 'Field'),
	(5114, 4, '11090', 'Field'),
	(5115, 1, '11091', 'Art wählen'),
	(5116, 2, '11091', 'Pick a type'),
	(5117, 3, '11091', 'Pick a type'),
	(5118, 4, '11091', 'Pick a type'),
	(5119, 1, '11092', 'Neu hinzufügen'),
	(5120, 2, '11092', 'Add new'),
	(5121, 3, '11092', 'Add new'),
	(5122, 4, '11092', 'Add new'),
	(5123, 1, '11093', 'Wert'),
	(5124, 2, '11093', 'Value'),
	(5125, 3, '11093', 'Value'),
	(5126, 4, '11093', 'Value'),
	(5127, 1, '11094', 'Berufsgenossenschaft (BG)'),
	(5128, 2, '11094', 'Professional association'),
	(5129, 3, '11094', 'Professional association'),
	(5130, 4, '11094', 'Professional association'),
	(5131, 1, '11095', 'Die Felder wurden erfolgreich gespeichert.'),
	(5132, 2, '11095', 'The fields were successfully saved.'),
	(5133, 3, '11095', 'The fields were successfully saved.'),
	(5134, 4, '11095', 'The fields were successfully saved.'),
	(5135, 1, '11096', 'Die Felder konnten nicht gespeichert werden.'),
	(5136, 2, '11096', 'The fields could not be saved.'),
	(5137, 3, '11096', 'The fields could not be saved.'),
	(5138, 4, '11096', 'The fields could not be saved.'),
	(5139, 1, '11097', 'Kundeninformationen'),
	(5140, 2, '11097', 'Client information'),
	(5141, 3, '11097', 'Customer information'),
	(5142, 4, '11097', 'Customer information'),
	(5143, 1, '11098', 'Administrator-Einstellungen'),
	(5144, 2, '11098', 'Administrator settings'),
	(5145, 3, '11098', 'Administrator settings'),
	(5146, 4, '11098', 'Administrator settings'),
	(5151, 1, '11099', 'Umfrage'),
	(5152, 2, '11099', 'Survey'),
	(5153, 3, '11099', 'Survey'),
	(5154, 4, '11099', 'Survey'),
	(5155, 1, '11100', 'Ja'),
	(5156, 2, '11100', 'Yes'),
	(5157, 3, '11100', 'Oui'),
	(5158, 4, '11100', 'Si'),
	(5159, 1, '11101', 'Nein'),
	(5160, 2, '11101', 'No'),
	(5161, 3, '11101', 'Non'),
	(5162, 4, '11101', 'No'),
	(5163, 1, '11102', 'Sprachvariable suchen'),
	(5164, 2, '11102', 'Search for language variables'),
	(5165, 3, '11102', 'Search for language variables'),
	(5166, 4, '11102', 'Search for language variables'),
	(5167, 1, '11103', 'Bitte tragen Sie einen Suchbegriff ein.'),
	(5168, 2, '11103', 'Please enter a serch term.'),
	(5169, 3, '11103', 'Please enter a serch term.'),
	(5170, 4, '11103', 'Please enter a serch term.'),
	(5171, 1, '11104', 'Übernehmen'),
	(5172, 2, '11104', 'Choose'),
	(5173, 3, '11104', 'Choose'),
	(5174, 4, '11104', 'Choose'),
	(5175, 1, '11105', 'Bedingungen ("Wann wird dieses Feld angezeigt?")'),
	(5176, 2, '11105', 'Conditions ("When will this field be shown?")'),
	(5177, 3, '11105', 'Conditions ("When will this field be shown?")'),
	(5178, 4, '11105', 'Conditions ("When will this field be shown?")'),
	(5179, 1, '11106', 'ist gleich'),
	(5180, 2, '11106', 'equals'),
	(5181, 3, '11106', 'equals'),
	(5182, 4, '11106', 'equals'),
	(5183, 1, '11107', 'ist nicht gleich'),
	(5184, 2, '11107', 'equals not'),
	(5185, 3, '11107', 'equals not'),
	(5186, 4, '11107', 'equals not'),
	(5187, 1, '11108', 'Operator'),
	(5188, 2, '11108', 'Operator'),
	(5189, 3, '11108', 'Operator'),
	(5190, 4, '11108', 'Operator'),
	(5191, 1, '11109', 'Zahlart'),
	(5192, 2, '11109', 'Payment'),
	(5193, 1, '11110', 'Angemeldet bleiben'),
	(5194, 2, '11110', 'Stay logged in'),
	(5195, 3, '11110', 'Stay logged in'),
	(5196, 4, '11110', 'Stay logged in'),
	(5197, 1, '11111', 'Auswählbare Sprachen im Frontend'),
	(5198, 2, '11111', 'Seleactable languages in the frontend'),
	(5199, 3, '11111', 'Seleactable languages in the frontend'),
	(5200, 4, '11111', 'Seleactable languages in the frontend'),
	(5201, 1, '11112', 'Die Sprachen die im Frontend für Benutzer zur Auswahl stehen'),
	(5202, 2, '11112', 'The languages the users can select in the frontend'),
	(5203, 3, '11112', 'The languages the users can select in the frontend'),
	(5204, 4, '11112', 'The languages the users can select in the frontend'),
	(5205, 1, '11113', 'Kreditkarte'),
	(5206, 1, '11114', 'Barzahlung'),
	(5207, 1, '11115', 'Auf Rechnung'),
	(5208, 2, '11115', 'Invoice'),
	(5209, 2, '11114', 'Cash payment'),
	(5210, 2, '11113', 'Credit card'),
	(5211, 1, '11116', 'Modul'),
	(5212, 2, '11116', 'Module'),
	(5213, 3, '11116', 'Module'),
	(5214, 4, '11116', 'Module'),
	(5215, 1, '11117', 'Bearbeiten des Wordings'),
	(5216, 2, '11117', 'Edit the wording'),
	(5217, 3, '11117', 'Edit the wording'),
	(5218, 4, '11117', 'Edit the wording'),
	(5219, 1, '11118', 'Dieses Modul ist momentan deaktiviert.'),
	(5220, 2, '11118', 'This module is currently deactivated.'),
	(5221, 3, '11118', 'This module is currently deactivated.'),
	(5222, 4, '11118', 'This module is currently deactivated.'),
	(5223, 1, '11119', 'Bitte beachten'),
	(5224, 2, '11119', 'Please note'),
	(5225, 3, '11119', 'Please note'),
	(5226, 4, '11119', 'Please note'),
	(5227, 1, '11120', 'Zur Übersicht'),
	(5228, 2, '11120', 'Go to the overview'),
	(5229, 3, '11120', 'Go to the overview'),
	(5230, 4, '11120', 'Go to the overview'),
	(5231, 1, '11121', 'Frontend Favoriten-Symbol'),
	(5232, 2, '11121', 'Frontend favorite icon'),
	(5233, 3, '11121', 'Frontend favorite icon'),
	(5234, 4, '11121', 'Frontend favorite icon'),
	(5235, 1, '11122', 'Das Favoriten-Symbol für den Browser.'),
	(5236, 2, '11122', 'The favorite icon for the browser.'),
	(5237, 3, '11122', 'The favorite icon for the browser.'),
	(5238, 4, '11122', 'The favorite icon for the browser.'),
	(5239, 1, '11123', 'Backend Favoriten-Symbol'),
	(5240, 2, '11123', 'Backend favorite icon'),
	(5241, 3, '11123', 'Backend favorite icon'),
	(5242, 4, '11123', 'Backend favorite icon'),
	(5243, 1, '11124', 'Kalender-Einstellungen'),
	(5244, 2, '11124', 'Calendar settings'),
	(5245, 3, '11124', 'Calendar settings'),
	(5246, 4, '11124', 'Calendar settings'),
	(5247, 1, '11125', 'Systemfarben'),
	(5248, 2, '11125', 'System colors'),
	(5249, 3, '11125', 'System colors'),
	(5250, 4, '11125', 'System colors'),
	(5251, 1, '11126', 'Hauptfarbe'),
	(5252, 2, '11126', 'Main color'),
	(5253, 3, '11126', 'Main color'),
	(5254, 4, '11126', 'Main color'),
	(5255, 1, '11127', 'Zweitfarbe'),
	(5256, 2, '11127', 'Secondary color'),
	(5257, 3, '11127', 'Secondary color'),
	(5258, 4, '11127', 'Secondary color'),
	(5259, 1, '11128', 'Farbe der Elemente.'),
	(5260, 2, '11128', 'Color of the elements.'),
	(5261, 3, '11128', 'Color of the elements.'),
	(5262, 4, '11128', 'Color of the elements.'),
	(5263, 1, '11129', 'Hauptfarbe, Alternative'),
	(5264, 2, '11129', 'Main color, alternative'),
	(5265, 3, '11129', 'Main color, alternative'),
	(5266, 4, '11129', 'Main color, alternative'),
	(5267, 1, '11130', 'Hauptfarbe, Alternative 2'),
	(5268, 2, '11130', 'Main color, alternative 2'),
	(5269, 3, '11130', 'Main color, alternative 2'),
	(5270, 4, '11130', 'Main color, alternative 2'),
	(5271, 1, '11131', 'Diesen Upload unwiderruflich löschen?'),
	(5272, 2, '11131', 'Irreversibly delete this upload?'),
	(5273, 3, '11131', 'Irreversibly delete this upload?'),
	(5274, 4, '11131', 'Irreversibly delete this upload?'),
	(5275, 1, '11132', 'Erfolgreich zurückgesetzt.'),
	(5276, 2, '11132', 'Successfully reset.'),
	(5277, 3, '11132', 'Successfully reset.'),
	(5278, 4, '11132', 'Successfully reset.'),
	(5279, 1, '11133', 'Zurücksetzen'),
	(5280, 2, '11133', 'Reset'),
	(5281, 3, '11133', 'Reset'),
	(5282, 4, '11133', 'Reset'),
	(5283, 1, '11134', 'Fehler beim zurücksetzen.'),
	(5284, 2, '11134', 'An error occured while resetting.'),
	(5285, 3, '11134', 'An error occured while resetting.'),
	(5286, 4, '11134', 'An error occured while resetting.'),
	(5287, 1, '11135', 'Wollen Sie die Systemfarben wirklich auf die Standardwerte zurücksetzen?'),
	(5288, 2, '11135', 'Do you really want to reset the system colors to their default value?'),
	(5289, 3, '11135', 'Do you really want to reset the system colors to their default value?'),
	(5290, 4, '11135', 'Do you really want to reset the system colors to their default value?'),
	(5291, 1, '11136', 'Terminserie'),
	(5292, 2, '11136', 'Series of appointments'),
	(5293, 3, '11136', 'Series of appointments'),
	(5294, 4, '11136', 'Series of appointments'),
	(5295, 1, '11137', 'Früher'),
	(5296, 2, '11137', 'Earlier'),
	(5297, 3, '11137', 'Earlier'),
	(5298, 4, '11137', 'Earlier'),
	(5299, 1, '11138', 'Später'),
	(5300, 2, '11138', 'Later'),
	(5301, 3, '11138', 'Later'),
	(5302, 4, '11138', 'Later'),
	(5303, 1, '11139', 'Wiederholung'),
	(5304, 2, '11139', 'Repeating'),
	(5305, 3, '11139', 'Repeating'),
	(5306, 4, '11139', 'Repeating'),
	(5307, 1, '11140', 'Täglich'),
	(5308, 2, '11140', 'Daily'),
	(5309, 3, '11140', 'Daily'),
	(5310, 4, '11140', 'Daily'),
	(5311, 1, '11141', 'Wöchentlich'),
	(5312, 2, '11141', 'Weekly'),
	(5313, 3, '11141', 'Weekly'),
	(5314, 4, '11141', 'Weekly'),
	(5315, 1, '11142', 'Zweiwöchentlich'),
	(5316, 2, '11142', 'Biweekly'),
	(5317, 3, '11142', 'Biweekly'),
	(5318, 4, '11142', 'Biweekly'),
	(5319, 1, '11143', 'Alle % Wochen'),
	(5320, 2, '11143', 'Every % weeks'),
	(5321, 3, '11143', 'Every % weeks'),
	(5322, 4, '11143', 'Every % weeks'),
	(5323, 1, '11144', 'Alle % Tage'),
	(5324, 2, '11144', 'Every % days'),
	(5325, 3, '11144', 'Every % days'),
	(5326, 4, '11144', 'Every % days'),
	(5327, 1, '11145', 'Dieser Termin ist Teil einer Serie.'),
	(5328, 2, '11145', 'This appointment is part of a series.'),
	(5329, 3, '11145', 'This appointment is part of a series.'),
	(5330, 4, '11145', 'This appointment is part of a series.'),
	(5331, 1, '11146', 'Serie löschen'),
	(5332, 2, '11146', 'Delete series'),
	(5333, 3, '11146', 'Delete series'),
	(5334, 4, '11146', 'Delete series'),
	(5335, 1, '11147', 'Wollen Sie wirklich alle Termine dieser Serie löschen?'),
	(5336, 2, '11147', 'Do you really want to delete all the appointments in this series?'),
	(5337, 3, '11147', 'Do you really want to delete all the appointments in this series?'),
	(5338, 4, '11147', 'Do you really want to delete all the appointments in this series?'),
	(5339, 1, '11148', 'Die Serie wurde erfolgreich gelöscht.'),
	(5340, 2, '11148', 'The series has been successfully deleted.'),
	(5341, 3, '11148', 'The series has been successfully deleted.'),
	(5342, 4, '11148', 'The series has been successfully deleted.'),
	(5343, 1, '11149', 'Keine weiteren Informationen.'),
	(5344, 2, '11149', 'No further information.'),
	(5345, 3, '11149', 'No further information.'),
	(5346, 4, '11149', 'No further information.'),
	(5347, 1, '11150', 'Backend Backdrop Bild'),
	(5348, 2, '11150', 'Backend backdrop image'),
	(5349, 3, '11150', 'Backend backdrop image'),
	(5350, 4, '11150', 'Backend backdrop image'),
	(5351, 1, '11151', 'Wird u.a. beim Login zum Backend (im Hintergrund) angezeigt.'),
	(5352, 2, '11151', 'Is being displayed for the backend login (a.o.).'),
	(5353, 3, '11151', 'Is being displayed for the backend login (a.o.).'),
	(5354, 4, '11151', 'Is being displayed for the backend login (a.o.).'),
	(5355, 1, '11152', 'Frontend Backdrop Bild'),
	(5356, 2, '11152', 'Frontend backdrop image'),
	(5357, 3, '11152', 'Frontend backdrop image'),
	(5358, 4, '11152', 'Frontend backdrop image'),
	(5359, 1, '11153', 'Wird u.a. beim Login des Frontends angezeigt.'),
	(5360, 2, '11153', 'Is being displayed for the frontend login (a.o.).'),
	(5361, 3, '11153', 'Is being displayed for the frontend login (a.o.).'),
	(5362, 4, '11153', 'Is being displayed for the frontend login (a.o.).'),
	(5363, 1, '11154', 'Anzeigen im Backend: Backdrop Bild'),
	(5364, 2, '11154', 'Show in the backend: backdrop image'),
	(5365, 3, '11154', 'Show in the backend: backdrop image'),
	(5366, 4, '11154', 'Show in the backend: backdrop image'),
	(5367, 1, '11155', 'Anzeigen im Frontend: Backdrop Bild'),
	(5368, 2, '11155', 'Show in the frontend: backdrop image'),
	(5369, 3, '11155', 'Show in the frontend: backdrop image'),
	(5370, 4, '11155', 'Show in the frontend: backdrop image'),
	(5371, 1, '11156', 'Anzeigen oder nicht?'),
	(5372, 2, '11156', 'Show or hide?'),
	(5373, 3, '11156', 'Show or hide?'),
	(5374, 4, '11156', 'Show or hide?'),
	(5375, 1, '11157', 'Termin ablehnen'),
	(5376, 2, '11157', 'Appointment canceled'),
	(5377, 3, '11157', 'Appointment canceled'),
	(5378, 4, '11157', 'Appointment canceled'),
	(5379, 1, '11158', 'Ihr Termin wurde abgelehnt/abgesagt!'),
	(5380, 2, '11158', 'Your appointment has been canceled!'),
	(5381, 3, '11158', 'Your appointment has been canceled!'),
	(5382, 4, '11158', 'Your appointment has been canceled!'),
	(5383, 1, '11159', 'Dear Sir or Madam %1, \r \r we\'re sorry to inform you that your appointment has been canceled.\r \r %2\r \r &lt;a href="%3" target="_blank"&gt;Please follow this link to your personal calendar and further details.&lt;/a&gt;\r \r %4'),
	(5384, 2, '11159', 'Dear Sir or Madam %1, \r \r we\'re sorry to inform you that your appointment has been canceled.\r \r %2\r \r &lt;a href="%3" target="_blank"&gt;Please follow this link to your personal calendar and further details.&lt;/a&gt;\r \r %4'),
	(5385, 3, '11159', 'Dear Sir or Madam %1, \r \r we\'re sorry to inform you that your appointment has been canceled.\r \r %2\r \r &lt;a href="%3" target="_blank"&gt;Please follow this link to your personal calendar and further details.&lt;/a&gt;\r \r %4'),
	(5386, 4, '11159', 'Sehr geehrte(r) %1, \r \r Ihr Kalendereintrag wurde leider abgesagt.\r \r %2\r \r &lt;a href="%3" target="_blank"&gt;Folgen Sie diesem Link zu Ihrem persönlichen Kalender und allen Details.&lt;/a&gt;\r \r %4'),
	(5387, 1, '11160', 'Abgesagt'),
	(5388, 2, '11160', 'Canceled'),
	(5389, 3, '11160', 'Canceled'),
	(5390, 4, '11160', 'Canceled'),
	(5391, 1, '11161', 'Ihr Termin wurde abgesagt und kann nicht mehr bearbeitet werden. Sie können jedoch eine Kopie erstellen und eine neue Terminanfrage senden.'),
	(5392, 2, '11161', 'Your appointment has been canceled and can no longer be edited. You may create a copy and send a new appointment request.'),
	(5393, 3, '11161', 'Your appointment has been canceled and can no longer be edited. You may create a copy and send a new appointment request.'),
	(5394, 4, '11161', 'Your appointment has been canceled and can no longer be edited. You may create a copy and send a new appointment request.'),
	(5395, 1, '11162', 'E-Mail Log'),
	(5396, 2, '11162', 'Email log'),
	(5397, 3, '11162', 'Email log'),
	(5398, 4, '11162', 'Email log'),
	(5399, 1, '11163', 'E-Mail Liste'),
	(5400, 2, '11163', 'Email list'),
	(5401, 3, '11163', 'Email list'),
	(5402, 4, '11163', 'Email list'),
	(5403, 1, '11164', 'Empfänger'),
	(5404, 2, '11164', 'Recipients'),
	(5405, 3, '11164', 'Recipients'),
	(5406, 4, '11164', 'Recipients'),
	(5407, 1, '11165', 'Kopie'),
	(5408, 2, '11165', 'Copy'),
	(5409, 3, '11165', 'Copy'),
	(5410, 4, '11165', 'Copy'),
	(5411, 1, '11166', 'Blindkopie'),
	(5412, 2, '11166', 'Blind copy'),
	(5413, 3, '11166', 'Blind copy'),
	(5414, 4, '11166', 'Blind copy'),
	(5415, 1, '11167', 'Ausstehend'),
	(5416, 2, '11167', 'Pending'),
	(5417, 3, '11167', 'Pending'),
	(5418, 4, '11167', 'Pending'),
	(5419, 1, '11168', 'Gesendet'),
	(5420, 2, '11168', 'Sent'),
	(5421, 3, '11168', 'Sent'),
	(5422, 4, '11168', 'Sent'),
	(5423, 1, '11169', 'Log für ausgehende E-Mails aktiviert'),
	(5424, 2, '11169', 'Activate log for outgoing emails'),
	(5425, 3, '11169', 'Activate log for outgoing emails'),
	(5426, 4, '11169', 'Activate log for outgoing emails'),
	(5427, 1, '11170', 'Aktivieren, um alle ausgehenden Sysytem-E-Mails in einem Log zu speichern.'),
	(5428, 2, '11170', 'Activate to save all outgoing system emails to a log.'),
	(5429, 3, '11170', 'Activate to save all outgoing system emails to a log.'),
	(5430, 4, '11170', 'Activate to save all outgoing system emails to a log.'),
	(5431, 1, '11171', 'Momentan ist das Logging deaktiviert.'),
	(5432, 2, '11171', 'The logging is currently disabled.'),
	(5433, 3, '11171', 'The logging is currently disabled.'),
	(5434, 4, '11171', 'The logging is currently disabled.'),
	(5435, 1, '11172', 'Log leeren'),
	(5436, 2, '11172', 'Empty log'),
	(5437, 3, '11172', 'Empty log'),
	(5438, 4, '11172', 'Empty log'),
	(5439, 1, '11173', 'Wollen sie das E-Mail-Log jetzt wirklich leeren?'),
	(5440, 2, '11173', 'Do you really want to empty the email log right now?'),
	(5441, 3, '11173', 'Do you really want to empty the email log right now?'),
	(5442, 4, '11173', 'Do you really want to empty the email log right now?'),
	(5443, 1, '11174', 'Log konnte nicht geleert werden.'),
	(5444, 2, '11174', 'The log could not be emptied.'),
	(5445, 3, '11174', 'The log could not be emptied.'),
	(5446, 4, '11174', 'The log could not be emptied.'),
	(5447, 1, '11175', 'Log erfolgreich geleert.'),
	(5448, 2, '11175', 'Log emptied successfully.'),
	(5449, 3, '11175', 'Log emptied successfully.'),
	(5450, 4, '11175', 'Log emptied successfully.'),
	(5451, 1, '11176', 'Autohaus: Erinnerungen per E-Mail vor Terminbeginn'),
	(5452, 2, '11176', 'Garage: Email notifications before appointments'),
	(5453, 3, '11176', 'For therapists: Email notifications before appointments'),
	(5454, 4, '11176', 'For therapists: Email notifications before appointments'),
	(5455, 1, '11177', 'Soll das System automatisierte Erinnerungen vor einem Termin senden?'),
	(5456, 2, '11177', 'Shall the system send automatized notifications before an appointment?'),
	(5457, 3, '11177', 'Shall the system send automatized notifications before an appointment?'),
	(5458, 4, '11177', 'Shall the system send automatized notifications before an appointment?'),
	(5459, 1, '11178', 'Standard-Zeitpunkt für das Versenden von Erinnerungen'),
	(5460, 2, '11178', 'Default point of time for the appointment reminder emails'),
	(5461, 3, '11178', 'Default point of time for the appointment reminder emails'),
	(5462, 4, '11178', 'Default point of time for the appointment reminder emails'),
	(5463, 1, '11179', 'Wann werden die Erinnerungen versendet?'),
	(5464, 2, '11179', 'When will the reminders be sent out?'),
	(5465, 3, '11179', 'When will the reminders be sent out?'),
	(5466, 4, '11179', 'When will the reminders be sent out?'),
	(5467, 1, '11180', 'Tag vorher'),
	(5468, 2, '11180', 'Tag vorher'),
	(5469, 3, '11180', 'Tag vorher'),
	(5470, 4, '11180', 'Tag vorher'),
	(5471, 1, '11181', 'Tage vorher'),
	(5472, 2, '11181', 'days before'),
	(5473, 3, '11181', 'days before'),
	(5474, 4, '11181', 'days before'),
	(5475, 1, '11182', 'Stunde vorher'),
	(5476, 2, '11182', 'hour before'),
	(5477, 3, '11182', 'hour before'),
	(5478, 4, '11182', 'hour before'),
	(5479, 1, '11183', 'Stunden vorher'),
	(5480, 2, '11183', 'hours before'),
	(5481, 3, '11183', 'hours before'),
	(5482, 4, '11183', 'hours before'),
	(5483, 1, '11184', 'Kalender Erinnerungen'),
	(5484, 2, '11184', 'Calendar reminder'),
	(5485, 3, '11184', 'Calendar reminder'),
	(5486, 4, '11184', 'Calendar reminder'),
	(5487, 1, '11185', 'Account'),
	(5488, 2, '11185', 'Account'),
	(5489, 3, '11185', 'Account'),
	(5490, 4, '11185', 'Account'),
	(5491, 1, '11186', 'Modul deaktiviert'),
	(5492, 2, '11186', 'Module deactivated'),
	(5493, 3, '11186', 'Module deactivated'),
	(5494, 4, '11186', 'Module deactivated'),
	(5495, 1, '11187', 'Kalender-Erinnerungen'),
	(5496, 2, '11187', 'Calendar notifications'),
	(5497, 3, '11187', 'Calendar notifications'),
	(5498, 4, '11187', 'Calendar notifications'),
	(5499, 1, '11188', 'Ungültiges Intervall'),
	(5500, 2, '11188', 'Invalid interval'),
	(5501, 3, '11188', 'Invalid interval'),
	(5502, 4, '11188', 'Invalid interval'),
	(5503, 1, '11189', 'Ungültige Zeit'),
	(5504, 2, '11189', 'Invalid time'),
	(5505, 3, '11189', 'Invalid time'),
	(5506, 4, '11189', 'Invalid time'),
	(5507, 1, '11190', 'Erinnerung'),
	(5508, 2, '11190', 'Reminder'),
	(5509, 3, '11190', 'Reminder'),
	(5510, 4, '11190', 'Reminder'),
	(5511, 1, '11191', 'Wann wird Ihnen eine Erinnerung gesendet?'),
	(5512, 2, '11191', 'When should a reminder be sent to you?'),
	(5513, 3, '11191', 'When should a reminder be sent to you?'),
	(5514, 4, '11191', 'When should a reminder be sent to you?'),
	(5515, 1, '11192', 'Keine Erinnerung senden'),
	(5516, 2, '11192', 'Send no reminder'),
	(5517, 3, '11192', 'Send no reminder'),
	(5518, 4, '11192', 'Send no reminder'),
	(5519, 1, '11193', 'Erinnerung an Ihren Termin'),
	(5520, 2, '11193', 'Reminder for your appointment'),
	(5521, 3, '11193', 'Reminder for your appointment'),
	(5522, 4, '11193', 'Reminder for your appointment'),
	(5523, 1, '11194', 'Dies ist eine Erinnerung an Ihren bevorstehenden Termin.'),
	(5524, 2, '11194', 'This is a reminder for your upcoming appointment.'),
	(5525, 3, '11194', 'This is a reminder for your upcoming appointment.'),
	(5526, 4, '11194', 'This is a reminder for your upcoming appointment.'),
	(5527, 1, '11195', 'Server-Adresse (Fallback)'),
	(5528, 2, '11195', 'Server address (fallback)'),
	(5529, 3, '11195', 'Server address (fallback)'),
	(5530, 4, '11195', 'Server address (fallback)'),
	(5531, 1, '11196', 'Wird automatisch aktualisiert.'),
	(5532, 2, '11196', 'Will be updated automatically.'),
	(5533, 3, '11196', 'Will be updated automatically.'),
	(5534, 4, '11196', 'Will be updated automatically.'),
	(5535, 1, '11197', 'SSL-Verbindung aktiv (Fallback)'),
	(5536, 2, '11197', 'SSL connection active (fallback)'),
	(5537, 3, '11197', 'SSL connection active (fallback)'),
	(5538, 4, '11197', 'SSL connection active (fallback)'),
	(5539, 1, '11198', 'Projekt-Ordner (Fallback)'),
	(5540, 2, '11198', 'Project folder (fallback)'),
	(5541, 3, '11198', 'Project folder (fallback)'),
	(5542, 4, '11198', 'Project folder (fallback)'),
	(5543, 1, '11199', 'Modul-Symbol'),
	(5544, 2, '11199', 'Module icon'),
	(5545, 3, '11199', 'Module icon'),
	(5546, 4, '11199', 'Module icon'),
	(5547, 1, '11200', 'Das im Menü angezeigte Symbol für dieses Modul.'),
	(5548, 2, '11200', 'The icon shown in the menu for this module.'),
	(5549, 3, '11200', 'The icon shown in the menu for this module.'),
	(5550, 4, '11200', 'The icon shown in the menu for this module.'),
	(5565, 1, 'p575ecd73e388e', 'Auswahl-Feld'),
	(5566, 2, 'p575ecd73e388e', 'Select field'),
	(5567, 3, 'p575ecd73e388e', 'Select field'),
	(5568, 4, 'p575ecd73e388e', 'Select field'),
	(5569, 1, 'p575ecd6d29468', 'Absagegrund'),
	(5570, 2, 'p575ecd6d29468', 'Reason for the cancellation'),
	(5571, 3, 'p575ecd6d29468', 'Reason for the cancellation'),
	(5572, 4, 'p575ecd6d29468', 'Reason for the cancellation'),
	(5573, 1, '574329ae66cae', 'Anzeigen im Frontend: Willkommens-Grafik'),
	(5574, 2, '574329ae66cae', 'Show in the frontend: Welcome image'),
	(5575, 3, '574329ae66cae', 'Show in the frontend: Welcome image'),
	(5576, 4, '574329ae66cae', 'Show in the frontend: Welcome image'),
	(5577, 1, '5741f5aa56f5c', 'Anzeigen im Backend: Willkommens-Grafik'),
	(5578, 2, '5741f5aa56f5c', 'Show in the backend: Welcome image'),
	(5579, 3, '5741f5aa56f5c', 'Show in the backend: Welcome image'),
	(5580, 4, '5741f5aa56f5c', 'Show in the backend: Welcome image'),
	(5625, 1, 'p574355e5e7ee0', 'Kopie erstellen'),
	(5626, 2, 'p574355e5e7ee0', 'Create copy'),
	(5627, 3, 'p574355e5e7ee0', 'Create copy'),
	(5628, 4, 'p574355e5e7ee0', 'Create copy'),
	(5629, 1, 'p5744724350955', 'An Kunden: Erinnerungen per E-Mail vor Terminbegin'),
	(5630, 2, 'p5744724350955', 'For clients: Email notifications before appointments'),
	(5631, 3, 'p5744724350955', 'For customers: Email notifications before appointments'),
	(5632, 4, 'p5744724350955', 'For customers: Email notifications before appointments'),
	(5633, 1, 'p574476664f2b5', 'Erinnerungen per E-Mail vor Terminbegin'),
	(5634, 2, 'p574476664f2b5', 'Email notifications before appointments'),
	(5635, 3, 'p574476664f2b5', 'Email notifications before appointments'),
	(5636, 4, 'p574476664f2b5', 'Email notifications before appointments'),
	(5637, 1, 'p5749cc7358fe1', 'Benutzerauswahl für Benachrichtungen bei neuem Kalendereintrag'),
	(5638, 2, 'p5749cc7358fe1', 'User selection for notifications for new calendar entries'),
	(5639, 3, 'p5749cc7358fe1', 'User selection for notifications for new calendar entries'),
	(5640, 4, 'p5749cc7358fe1', 'User selection for notifications for new calendar entries'),
	(5641, 1, 'p5749db935206a', 'Der Benutzer "%sendingUserFullName" hat einen neuen Kalendereintrag angelegt.'),
	(5642, 2, 'p5749db935206a', 'The user "%sendingUserFullName" has created a new calendar entry.'),
	(5643, 3, 'p5749db935206a', 'The user "%sendingUserFullName" has created a new calendar entry.'),
	(5644, 4, 'p5749db935206a', 'The user "%sendingUserFullName" has created a new calendar entry.'),
	(5645, 1, 'p575f3167e8d4b', 'Haarschnitt-Filter'),
	(5646, 2, 'p575f3167e8d4b', 'Haircut filter'),
	(5647, 3, 'p575f3167e8d4b', 'Haircut filter'),
	(5648, 4, 'p575f3167e8d4b', 'Haircut filter'),
	(5649, 1, 'p575f311e952e7', 'Alle Haarschnitte'),
	(5650, 2, 'p575f311e952e7', 'All haircuts'),
	(5651, 3, 'p575f311e952e7', 'All haircuts'),
	(5652, 4, 'p575f311e952e7', 'All haircuts'),
	(5653, 1, 'p575f31a15a3a6', 'Welcher Haarschnitt soll angezeigt werden?'),
	(5654, 2, 'p575f31a15a3a6', 'Which haircut is to be displayed?'),
	(5655, 3, 'p575f31a15a3a6', 'Which haircut is to be displayed?'),
	(5656, 4, 'p575f31a15a3a6', 'Which haircut is to be displayed?'),
	(5657, 1, 'p575f12a3e925c', 'Keine Leistungen'),
	(5658, 2, 'p575f12a3e925c', 'No services'),
	(5659, 3, 'p575f12a3e925c', 'Keine Bereiche'),
	(5660, 4, 'p575f12a3e925c', 'Keine Bereiche'),
	(5661, 1, 'p575f14993cbf4', 'Bitte schränken Sie Ihre Auswahl weiter ein.'),
	(5662, 2, 'p575f14993cbf4', 'Please further restrict your inputs.'),
	(5663, 3, 'p575f14993cbf4', 'Please narrow your inputs further.'),
	(5664, 4, 'p575f14993cbf4', 'Please narrow your inputs further.'),
	(5665, 1, 'p575f1b075967d', 'Mann'),
	(5666, 2, 'p575f1b075967d', 'Man'),
	(5667, 3, 'p575f1b075967d', 'Man'),
	(5668, 4, 'p575f1b075967d', 'Man'),
	(5669, 1, 'p575f1b13dd1ae', 'Frau'),
	(5670, 2, 'p575f1b13dd1ae', 'Woman'),
	(5671, 3, 'p575f1b13dd1ae', 'Woman'),
	(5672, 4, 'p575f1b13dd1ae', 'Woman'),
	(5673, 1, 'p575f1b43b0ecd', 'Haarlänge'),
	(5674, 2, 'p575f1b43b0ecd', 'Hair length'),
	(5675, 3, 'p575f1b43b0ecd', 'Hair length'),
	(5676, 4, 'p575f1b43b0ecd', 'Hair length'),
	(5677, 1, 'p575f1b6aecc34', 'Kurzhaar'),
	(5678, 2, 'p575f1b6aecc34', 'Short hair'),
	(5679, 3, 'p575f1b6aecc34', 'Short hair'),
	(5680, 4, 'p575f1b6aecc34', 'Short hair'),
	(5681, 1, 'p575f1b97db3e3', 'Bis Schulterlang'),
	(5682, 2, 'p575f1b97db3e3', 'Less than shoulder-length'),
	(5683, 3, 'p575f1b97db3e3', 'Less than shoulder-length'),
	(5684, 4, 'p575f1b97db3e3', 'Less than shoulder-length'),
	(5685, 1, 'p575f1bab1d3a5', 'Ab Schulterlang'),
	(5686, 2, 'p575f1bab1d3a5', 'More than shoulder-length'),
	(5687, 3, 'p575f1bab1d3a5', 'More than shoulder-length'),
	(5688, 4, 'p575f1bab1d3a5', 'More than shoulder-length'),
	(5689, 4, 'p5766b1cf79dc3', 'Additional data'),
	(5690, 3, 'p5766b1cf79dc3', 'Additional data'),
	(5691, 2, 'p5766b1cf79dc3', 'Additional data'),
	(5692, 1, 'p5766b1cf79dc3', 'Weitere Daten'),
	(5693, 4, 'p576596e616ee5', 'The data was successfully imported.'),
	(5694, 3, 'p576596e616ee5', 'The data was successfully imported.'),
	(5695, 2, 'p576596e616ee5', 'The data was successfully imported.'),
	(5696, 1, 'p576596e616ee5', 'Die Daten wurden erfolgreich importiert.'),
	(5697, 4, 'p57658aba30894', 'Import type'),
	(5698, 3, 'p57658aba30894', 'Import type'),
	(5699, 2, 'p57658aba30894', 'IImport type'),
	(5700, 1, 'p57658aba30894', 'Import-Typ'),
	(5701, 4, 'p576575c7bd67d', 'The specified import is not activated on this system.'),
	(5702, 3, 'p576575c7bd67d', 'The specified import is not activated on this system.'),
	(5703, 2, 'p576575c7bd67d', 'The specified import is not activated on this system.'),
	(5704, 1, 'p576575c7bd67d', 'Der angegebene Import ist in diesem System nicht aktiviert.'),
	(5705, 4, 'p5765754dbf3bf', 'The specified import does not exist.'),
	(5706, 3, 'p5765754dbf3bf', 'The specified import does not exist.'),
	(5707, 2, 'p5765754dbf3bf', 'The specified import does not exist.'),
	(5708, 1, 'p5765754dbf3bf', 'Der angegebene Import existiert nicht.'),
	(5709, 4, 'p57656ec89cf96', 'The data import module is not activated.'),
	(5710, 3, 'p57656ec89cf96', 'The data import module is not activated.'),
	(5711, 2, 'p57656ec89cf96', 'The data import module is not activated.'),
	(5712, 1, 'p57656ec89cf96', 'Das Datenimport-Modul ist nicht aktiviert.'),
	(5713, 4, 'p57656e6a5df71', 'The data could not be imported.'),
	(5714, 3, 'p57656e6a5df71', 'The data could not be imported.'),
	(5715, 2, 'p57656e6a5df71', 'The data could not be imported.'),
	(5716, 1, 'p57656e6a5df71', 'Die Daten konnten nicht importiert werden.'),
	(5717, 4, 'p57655b72a1219', 'Data import'),
	(5718, 3, 'p57655b72a1219', 'Data import'),
	(5719, 2, 'p57655b72a1219', 'Data import'),
	(5720, 1, 'p57655b72a1219', 'Datenimport'),
	(5721, 4, 'p57640984b2547', 'Höfler customer import'),
	(5722, 3, 'p57640984b2547', 'Höfler customer import'),
	(5723, 2, 'p57640984b2547', 'Höfler client import'),
	(5724, 1, 'p57640984b2547', 'Höfler Mandatenimport'),
	(5801, 4, 'p576c9873be099', '%1 language variables were imported.'),
	(5802, 3, 'p576c9873be099', '%1 language variables were imported.'),
	(5803, 2, 'p576c9873be099', '%1 language variables were imported.'),
	(5804, 1, 'p576c9873be099', '%1 Sprachvariablen wurden importiert.'),
	(5805, 4, 'p576c97fc08c72', 'The import was successfully completed.'),
	(5806, 3, 'p576c97fc08c72', 'The import was successfully completed.'),
	(5807, 2, 'p576c97fc08c72', 'The import was successfully completed.'),
	(5808, 1, 'p576c97fc08c72', 'Der Import wurde erfolgreich durchgeführt.'),
	(5809, 4, 'p576c833fcf2b4', 'The specified server could not be reached.'),
	(5810, 3, 'p576c833fcf2b4', 'The specified server could not be reached.'),
	(5811, 2, 'p576c833fcf2b4', 'The specified server could not be reached.'),
	(5812, 1, 'p576c833fcf2b4', 'Der angegebene Server ist nicht erreichbar.'),
	(5813, 4, 'p576c315213fed', 'The import could not be executed.'),
	(5814, 3, 'p576c315213fed', 'The import could not be executed.'),
	(5815, 2, 'p576c315213fed', 'The import could not be executed.'),
	(5816, 1, 'p576c315213fed', 'Der Import konnte nicht durchgeführt werden.'),
	(5817, 4, 'p576c1c0987234', 'Language variable import server'),
	(5818, 3, 'p576c1c0987234', 'Language variable import server'),
	(5819, 2, 'p576c1c0987234', 'Language variable import server'),
	(5820, 1, 'p576c1c0987234', 'Sprachvariablen Import-Server'),
	(5821, 4, 'p576c1b8cbd8f0', 'Import language variables'),
	(5822, 3, 'p576c1b8cbd8f0', 'Import language variables'),
	(5823, 2, 'p576c1b8cbd8f0', 'Import language variables'),
	(5824, 1, 'p576c1b8cbd8f0', 'Sprachvariablen importieren'),
	(5825, 4, 'p576c123a1459b', 'Missing language variables'),
	(5826, 3, 'p576c123a1459b', 'Missing language variables'),
	(5827, 2, 'p576c123a1459b', 'Missing language variables'),
	(5828, 1, 'p576c123a1459b', 'Fehlende Sprachvariablen'),
	(5829, 4, 'p576c1100070da', 'Is this user a developer?'),
	(5830, 3, 'p576c1100070da', 'Is this user a developer?'),
	(5831, 2, 'p576c1100070da', 'Is this user a developer?'),
	(5832, 1, 'p576c1100070da', 'Ist dieser Benutzer ein Entwickler?'),
	(5833, 4, 'p576c10ec1bbcf', 'Developer'),
	(5834, 3, 'p576c10ec1bbcf', 'Developer'),
	(5835, 2, 'p576c10ec1bbcf', 'Developer'),
	(5836, 1, 'p576c10ec1bbcf', 'Entwickler'),
	(5837, 4, 'p576c1c26976e5', 'The source to import missing language variables from.'),
	(5838, 3, 'p576c1c26976e5', 'The source to import missing language variables from.'),
	(5839, 2, 'p576c1c26976e5', 'The source to import missing language variables from.'),
	(5840, 1, 'p576c1c26976e5', 'Die Quelle von der aus fehlende Sprachvariablen importiert werden.'),
	(5841, 4, 'p5771364028854', 'Is this user visible to other people using the calendar?'),
	(5842, 3, 'p5771364028854', 'Is this user visible to other people using the calendar?'),
	(5843, 2, 'p5771364028854', 'Is this user visible to other people using the calendar?'),
	(5844, 1, 'p5771364028854', 'Ist dieser Benutzer für andere im Kalender sichtbar?'),
	(5845, 4, 'p5771361d5c24d', 'Invisible to others using the calendar'),
	(5846, 3, 'p5771361d5c24d', 'Invisible to others using the calendar'),
	(5847, 2, 'p5771361d5c24d', 'Invisible to others using the calendar'),
	(5848, 1, 'p5771361d5c24d', 'Im Kalender für andere unsichtbar'),
	(5849, 4, 'p576973de414a2', 'You\'re not yet registered? Register now to get access to our appointment assistant.'),
	(5850, 3, 'p576973de414a2', 'You\'re not yet registered? Register now to get access to our appointment assistant.'),
	(5851, 2, 'p576973de414a2', 'You\'re not yet registered? Register now to get access to our appointment assistant.'),
	(5852, 1, 'p576973de414a2', 'Sie sind noch nicht bei uns registriert? Melden Sie sich an und erhalten Sie Zugriff auf unseren Termin-Assistenten.'),
	(5853, 4, 'p5769798f7cd55', 'This is the first time you\'re logging in here. \nPlease set a password to protect your account.'),
	(5854, 3, 'p5769798f7cd55', 'This is the first time you\'re logging in here. \nPlease set a password to protect your account.'),
	(5855, 2, 'p5769798f7cd55', 'This is the first time you\'re logging in here. \nPlease set a password to protect your account.'),
	(5856, 1, 'p5769798f7cd55', 'Dies ist das erste Mal, dass Sie sich bei uns anmelden. \nBitte legen Sie jetzt ein Passwort fest, um Ihr Konto zu schützen.'),
	(5857, 4, 'p57741eb7c35df', 'Frei'),
	(5858, 3, 'p57741eb7c35df', 'Frei'),
	(5859, 2, 'p57741eb7c35df', 'Frei'),
	(5860, 1, 'p57741eb7c35df', 'Frei'),
	(5861, 4, 'p57741e7d23429', 'Block'),
	(5862, 3, 'p57741e7d23429', 'Block'),
	(5863, 2, 'p57741e7d23429', 'Block'),
	(5864, 1, 'p57741e7d23429', 'Block'),
	(5865, 4, 'p5773f8539141f', 'Duration'),
	(5866, 3, 'p5773f8539141f', 'Duration'),
	(5867, 2, 'p5773f8539141f', 'Duration'),
	(5868, 1, 'p5773f8539141f', 'Dauer'),
	(5869, 4, 'p5846803f02156', 'All areas'),
	(5870, 3, 'p5846803f02156', 'All areas'),
	(5871, 2, 'p5846803f02156', 'All services'),
	(5872, 1, 'p5846803f02156', 'Alle Leistungen'),
	(5873, 4, 'p584680916362f', 'Which area is to be displayed?'),
	(5874, 3, 'p584680916362f', 'Which area is to be displayed?'),
	(5875, 2, 'p584680916362f', 'Which service should be displayed?'),
	(5876, 1, 'p584680916362f', 'Welche Leistung soll angezeigt werden?'),
	(5877, 4, 'p5846806b4e303', 'Area filter'),
	(5878, 3, 'p5846806b4e303', 'Area filter'),
	(5879, 2, 'p5846806b4e303', 'Service filter'),
	(5880, 1, 'p5846806b4e303', 'Leistungs-Filter'),
	(5881, 4, 'p584680518bd9f', 'Area selector'),
	(5882, 3, 'p584680518bd9f', 'Area selector'),
	(5883, 2, 'p584680518bd9f', 'Service selector'),
	(5884, 1, 'p584680518bd9f', 'Leistungs-Auswahl'),
	(5885, 4, 'p577e91c6c0071', 'Iteration limit reached (%).'),
	(5886, 3, 'p577e91c6c0071', 'Iteration limit reached (%).'),
	(5887, 2, 'p577e91c6c0071', 'Iteration limit reached (%).'),
	(5888, 1, 'p577e91c6c0071', 'Iterations-Limit erreicht (%).'),
	(5889, 1, 'p57b443846a696', 'Datenbank'),
	(5890, 2, 'p57b443846a696', 'Database'),
	(5891, 3, 'p57b443846a696', 'Database'),
	(5892, 4, 'p57b443846a696', 'Database'),
	(5893, 1, 'p57b443dba059f', 'Komplett-Export (Dump)'),
	(5894, 2, 'p57b443dba059f', 'Complete export (dump)'),
	(5895, 3, 'p57b443dba059f', 'Complete export (dump)'),
	(5896, 4, 'p57b443dba059f', 'Complete export (dump)'),
	(5897, 1, 'p57b4479a6de58', 'Daten-Export auf diesem System nicht möglich.'),
	(5898, 2, 'p57b4479a6de58', 'Data export impossible on this system.'),
	(5899, 3, 'p57b4479a6de58', 'Data export impossible on this system.'),
	(5900, 4, 'p57b4479a6de58', 'Data export impossible on this system.'),
	(5901, 4, 'p57add7fdf0f6b', 'Link to this page'),
	(5902, 3, 'p57add7fdf0f6b', 'Link to this page'),
	(5903, 2, 'p57add7fdf0f6b', 'Link to this page'),
	(5904, 1, 'p57add7fdf0f6b', 'Link zu dieser Seite'),
	(5905, 4, 'p57ab60f0b4632', 'You may book your appointments within the designated times.'),
	(5906, 3, 'p57ab60f0b4632', 'You may book your appointments within the designated times.'),
	(5907, 2, 'p57ab60f0b4632', 'You may book your appointments within the designated times.'),
	(5908, 1, 'p57ab60f0b4632', 'Sie können Ihe Termine innerhalb der vorgegebenen Zeiten buchen.'),
	(5909, 4, 'p57ab4b06056ee', 'Sorry, at the moment we do not have any free appointments.'),
	(5910, 3, 'p57ab4b06056ee', 'Sorry, at the moment we do not have any free appointments.'),
	(5911, 2, 'p57ab4b06056ee', 'Sorry, at the moment we do not have any free appointments.'),
	(5912, 1, 'p57ab4b06056ee', 'Im Moment gibt es leider keine weiteren freien Termine.'),
	(5913, 4, 'p57ab3ef12a0ea', 'The bookable time was saved.'),
	(5914, 3, 'p57ab3ef12a0ea', 'The bookable time was saved.'),
	(5915, 2, 'p57ab3ef12a0ea', 'The bookable time was saved.'),
	(5916, 1, 'p57ab3ef12a0ea', 'Die buchbare Zeit wurde gespeichert.'),
	(5917, 4, 'p57ab3eb8b0edc', 'The bookable time was deleted successfully.'),
	(5918, 3, 'p57ab3eb8b0edc', 'The bookable time was deleted successfully.'),
	(5919, 2, 'p57ab3eb8b0edc', 'The bookable time was deleted successfully.'),
	(5920, 1, 'p57ab3eb8b0edc', 'Die buchbare Zeit wurde gelöscht.'),
	(5921, 4, 'p57ab3ac859102', 'Invalid ID'),
	(5922, 3, 'p57ab3ac859102', 'Invalid ID'),
	(5923, 2, 'p57ab3ac859102', 'Invalid ID'),
	(5924, 1, 'p57ab3ac859102', 'Ungültige ID'),
	(5925, 4, 'p57ab295ddf9ec', 'Bookable time'),
	(5926, 3, 'p57ab295ddf9ec', 'Bookable time'),
	(5927, 2, 'p57ab295ddf9ec', 'Bookable time'),
	(5928, 1, 'p57ab295ddf9ec', 'Buchbare Zeit'),
	(5929, 4, 'p57ab291ad85f7', 'Bookable time data'),
	(5930, 3, 'p57ab291ad85f7', 'Bookable time data'),
	(5931, 2, 'p57ab291ad85f7', 'Bookable time data'),
	(5932, 1, 'p57ab291ad85f7', 'Angaben zur buchbaren Zeit'),
	(5933, 4, 'p57ab071c8d8d8', 'Edit bookable time'),
	(5934, 3, 'p57ab071c8d8d8', 'Edit bookable time'),
	(5935, 2, 'p57ab071c8d8d8', 'Edit bookable time'),
	(5936, 1, 'p57ab071c8d8d8', 'Buchbare Zeit bearbeiten'),
	(5937, 4, 'p57ab070d8a93a', 'New bookable time'),
	(5938, 3, 'p57ab070d8a93a', 'New bookable time'),
	(5939, 2, 'p57ab070d8a93a', 'New bookable time'),
	(5940, 1, 'p57ab070d8a93a', 'Neue buchbare Zeit'),
	(5941, 4, 'p57a9eb8e89694', 'Are the bookable times activated?'),
	(5942, 3, 'p57a9eb8e89694', 'Are the bookable times activated?'),
	(5943, 2, 'p57a9eb8e89694', 'Are the bookable times activated?'),
	(5944, 1, 'p57a9eb8e89694', 'Sind die buchbaren Zeiten aktiviert?'),
	(5945, 4, 'p57a9eb6fa5962', 'Bookable times: Activated'),
	(5946, 3, 'p57a9eb6fa5962', 'Bookable times: Activated'),
	(5947, 2, 'p57a9eb6fa5962', 'Bookable times: Activated'),
	(5948, 1, 'p57a9eb6fa5962', 'Buchbare Zeiten: Aktiviert'),
	(5949, 4, 'p57a9e6cf72ca2', 'Deactivated'),
	(5950, 3, 'p57a9e6cf72ca2', 'Deactivated'),
	(5951, 2, 'p57a9e6cf72ca2', 'Deactivated'),
	(5952, 1, 'p57a9e6cf72ca2', 'Deaktiviert'),
	(5953, 4, 'p57a9e6c37538b', 'Activated'),
	(5954, 3, 'p57a9e6c37538b', 'Activated'),
	(5955, 2, 'p57a9e6c37538b', 'Activated'),
	(5956, 1, 'p57a9e6c37538b', 'Aktiviert'),
	(5957, 4, 'p57a9e58004bfb', 'Upon activating the "bookable times", your customers may only book appointments at the times you specify here.'),
	(5958, 3, 'p57a9e58004bfb', 'Upon activating the "bookable times", your customers may only book appointments at the times you specify here.'),
	(5959, 2, 'p57a9e58004bfb', 'Upon activating the "bookable times", your customers may only book appointments at the times you specify here.'),
	(5960, 1, 'p57a9e58004bfb', 'Aktivieren Sie die "Buchbaren Zeiten", dann können Ihre Kunden lediglich zu den hier von Ihnen freigegebenen Zeiten Termine buchen. '),
	(5961, 4, 'p57a8e9ed626d3', 'Bookable times'),
	(5962, 3, 'p57a8e9ed626d3', 'Bookable times'),
	(5963, 2, 'p57a8e9ed626d3', 'Bookable times'),
	(5964, 1, 'p57a8e9ed626d3', 'Buchbare Zeiten'),
	(5965, 4, 'p577e5cee3253d', 'This is a unique field, you may only add it once.'),
	(5966, 3, 'p577e5cee3253d', 'This is a unique field, you may only add it once.'),
	(5967, 2, 'p577e5cee3253d', 'This is a unique field, you may only add it once.'),
	(5968, 1, 'p577e5cee3253d', 'Dies ist ein einzigartiges Feld, Sie können es nur einmal hinzufügen.'),
	(5969, 4, 'p57b587cfbaefb', 'Diff result'),
	(5970, 3, 'p57b587cfbaefb', 'Diff result'),
	(5971, 2, 'p57b587cfbaefb', 'Diff result'),
	(5972, 1, 'p57b587cfbaefb', 'Ergebnis des Vergleichs'),
	(5973, 4, 'p57b587a0c56ce', 'Database diff'),
	(5974, 3, 'p57b587a0c56ce', 'Database diff'),
	(5975, 2, 'p57b587a0c56ce', 'Database diff'),
	(5976, 1, 'p57b587a0c56ce', 'Datenbank-Vergleich'),
	(5977, 4, 'p57b587ec6adc1', 'Database status'),
	(5978, 3, 'p57b587ec6adc1', 'Database status'),
	(5979, 2, 'p57b587ec6adc1', 'Database status'),
	(5980, 1, 'p57b587ec6adc1', 'Datenbank-Status'),
	(5981, 4, 'p57b5922151086', 'Start comparison'),
	(5982, 3, 'p57b5922151086', 'Start comparison'),
	(5983, 2, 'p57b5922151086', 'Start comparison'),
	(5984, 1, 'p57b5922151086', 'Vergleich starten'),
	(5985, 4, 'p57b6de972ff9c', 'Picked by default'),
	(5986, 3, 'p57b6de972ff9c', 'Picked by default'),
	(5987, 2, 'p57b6de972ff9c', 'Picked by default'),
	(5988, 1, 'p57b6de972ff9c', 'Wird standardmäßig vorausgewählt'),
	(5989, 4, 'p57b6de861ca7e', 'Default begin times for appointmens'),
	(5990, 3, 'p57b6de804c804', 'Default begin times for appointmens'),
	(5991, 2, 'p57b6de804c804', 'Default begin times for appointmens'),
	(5992, 1, 'p57b6de804c804', 'Standard-Anfangszeit für Termine'),
	(5993, 4, 'p57b6dde301142', 'Interval between appointment proposals in the appointment assistant'),
	(5994, 3, 'p57b6dde301142', 'Interval between appointment proposals in the appointment assistant'),
	(5995, 2, 'p57b6dde301142', 'Interval between appointment proposals in the appointment assistant'),
	(5996, 1, 'p57b6ddd678ce4', 'Intervall zwischen Terminvorschlägen im Terminassistenten'),
	(5997, 4, 'p57b6ddaf5dbaf', 'Interval between appointment proposals'),
	(5998, 3, 'p57b6ddaf5dbaf', 'Interval between appointment proposals'),
	(5999, 2, 'p57b6ddaf5dbaf', 'Interval between appointment proposals'),
	(6000, 1, 'p57b6ddaf5dbaf', 'Intervall zwischen Terminvorschlägen'),
	(6001, 4, 'p57b6dc21c3f04', 'The module "bookable times" is activated, hence the times specified below are ignored.'),
	(6002, 3, 'p57b6dc21c3f04', 'The module "bookable times" is activated, hence the times specified below are ignored.'),
	(6003, 2, 'p57b6dc21c3f04', 'The module "bookable times" is activated, hence the times specified below are ignored.'),
	(6004, 1, 'p57b6dc21c3f04', 'Das Modul "Buchbare Zeiten" ist aktiviert, unten stehende Zeiten werden daher ignoriert.'),
	(6005, 1, 'p57c56ad22e389', 'Geschlecht'),
	(6006, 1, 'p58471f05c4a74', 'Haben Sie weitere Informationen für uns zu Ihrem Anliegen?'),
	(6007, 1, 'p57c57e28b7958', 'Versicherungsschutz'),
	(6008, 1, 'p58471af117b02', 'Welchen Versicherungsschutz haben Sie (bei Unfall- / Glasschaden bitte angeben)?'),
	(6009, 1, 'p584717b044e14', 'Teilkaskoversicherung'),
	(6010, 2, 'p584717b044e14', 'Yes'),
	(6011, 1, 'p584717cf251c8', 'Kollisionskaskoversicherung'),
	(6012, 2, 'p584717cf251c8', 'No'),
	(6013, 1, 'p57c57eccdce54', 'Name der Versicherung'),
	(6014, 4, 'p5804d1db13a3b', 'The current version of the system&amp;#039;s database'),
	(6015, 3, 'p5804d1db13a3b', 'The current version of the system&amp;#039;s database'),
	(6016, 2, 'p5804d1db13a3b', 'The current version of the system&amp;#039;s database'),
	(6017, 1, 'p5804d1db13a3b', 'Der aktuelle Stand der Datenbank des Systems'),
	(6018, 4, 'p5804d1b9c35f7', 'Current database revision'),
	(6019, 3, 'p5804d1b9c35f7', 'Current database revision'),
	(6020, 2, 'p5804d1b9c35f7', 'Current database revision'),
	(6021, 1, 'p5804d1b9c35f7', 'Aktuelle Datenbank-Revision'),
	(6022, 4, 'p5808e8dbb0741', 'The update was successfully executed.'),
	(6023, 3, 'p5808e8dbb0741', 'The update was successfully executed.'),
	(6024, 2, 'p5808e8dbb0741', 'The update was successfully executed.'),
	(6025, 1, 'p5808e8dbb0741', 'Das Update wurde erfolgreich ausgeführt.'),
	(6026, 4, 'p5808f56bf3f5c', 'Finalize update'),
	(6027, 3, 'p5808f56bf3f5c', 'Finalize update'),
	(6028, 2, 'p5808f56bf3f5c', 'Finalize update'),
	(6029, 1, 'p5808f56bf3f5c', 'Update abschließen'),
	(6030, 4, 'p5808f54c7cf61', 'Retry the update'),
	(6031, 3, 'p5808f54c7cf61', 'Retry the update'),
	(6032, 2, 'p5808f54c7cf61', 'Retry the update'),
	(6033, 1, 'p5808f54c7cf61', 'Erneut probieren'),
	(6034, 4, 'p5808e0dd13c32', 'Update now'),
	(6035, 3, 'p5808e0dd13c32', 'Update now'),
	(6036, 2, 'p5808e0dd13c32', 'Update now'),
	(6037, 1, 'p5808e0dd13c32', 'Update jetzt durchführen'),
	(6038, 4, 'p5808dfbe2400a', 'An administrator may update the database to the required version at this point.\nPlease log in to proceed.'),
	(6039, 3, 'p5808dfbe2400a', 'An administrator may update the database to the required version at this point.\nPlease log in to proceed.'),
	(6040, 2, 'p5808dfbe2400a', 'An administrator may update the database to the required version at this point.\nPlease log in to proceed.'),
	(6041, 1, 'p5808dfbe2400a', 'Ein Administrator kann an dieser Stelle ein Update auf die erforderliche Version durchführen. \nBitte melden Sie sich hierzu an.'),
	(6042, 4, 'p5808dcc2b4e1a', 'Required version'),
	(6043, 3, 'p5808dcc2b4e1a', 'Required version'),
	(6044, 2, 'p5808dcc2b4e1a', 'Required version'),
	(6045, 1, 'p5808dcc2b4e1a', 'Erforderliche Version'),
	(6046, 4, 'p5808dca6c81e0', 'Installed version'),
	(6047, 3, 'p5808dca6c81e0', 'Installed version'),
	(6048, 2, 'p5808dca6c81e0', 'Installed version'),
	(6049, 1, 'p5808dca6c81e0', 'Installierte Version'),
	(6050, 4, 'p5808d73f02134', 'Update required'),
	(6051, 3, 'p5808d73f02134', 'Update required'),
	(6052, 2, 'p5808d73f02134', 'Update required'),
	(6053, 1, 'p5808d73f02134', 'Update erforderlich'),
	(6054, 4, 'p5808ca8e088ef', 'The system has been updated and the databas is no longer up-to-date.'),
	(6055, 3, 'p5808ca8e088ef', 'The system has been updated and the databas is no longer up-to-date.'),
	(6056, 2, 'p5808ca8e088ef', 'The system has been updated and the databas is no longer up-to-date.'),
	(6057, 1, 'p5808ca8e088ef', 'Das System wurde aktualisiert und die Datenbank ist nicht mehr auf dem aktuellen Stand.'),
	(6058, 4, 'p576973285e8af', 'The provided email address is not yet in our system.'),
	(6059, 3, 'p576973285e8af', 'The provided email address is not yet in our system.'),
	(6060, 2, 'p576973285e8af', 'The provided email address is not yet in our system.'),
	(6061, 1, 'p576973285e8af', 'Die angegebene E-Mail-Adresse ist uns nicht bekannt.'),
	(6062, 1, 'p5820950b8c489', 'Abgesagte Termine'),
	(6063, 2, 'p5820950b8c489', 'Canceled appointments'),
	(6064, 3, 'p5820950b8c489', 'Canceled appointments'),
	(6065, 4, 'p5820950b8c489', 'Canceled appointments'),
	(6066, 4, 'p58209c9d0582d', 'Canceled past appointments'),
	(6067, 3, 'p58209c9d0582d', 'Canceled past appointments'),
	(6068, 2, 'p58209c9d0582d', 'Canceled past appointments'),
	(6069, 1, 'p58209c9d0582d', 'Abgesagt vergangene Termine'),
	(6070, 4, 'p58209c847d755', 'Canceled upcoming appointments'),
	(6071, 3, 'p58209c847d755', 'Canceled upcoming appointments'),
	(6072, 2, 'p58209c847d755', 'Canceled upcoming appointments'),
	(6073, 1, 'p58209c847d755', 'Abgesagte kommende Termine'),
	(6074, 1, 'p5821dfaa508a3', 'Speichern und Senden'),
	(6075, 2, 'p5821dfaa508a3', 'Save and send'),
	(6076, 3, 'p5821dfaa508a3', 'Save and send'),
	(6077, 4, 'p5821dfaa508a3', 'Save and send'),
	(6078, 1, 'p5821eca7b3cdb', 'Kein Update erforderlich.'),
	(6079, 2, 'p5821eca7b3cdb', 'No update required.'),
	(6080, 3, 'p5821eca7b3cdb', 'No update required.'),
	(6081, 4, 'p5821eca7b3cdb', 'No update required.'),
	(6082, 4, 'p58220c9c7460d', 'Undefined method: &quot;%&quot;'),
	(6083, 3, 'p58220c9c7460d', 'Undefined method: &quot;%&quot;'),
	(6084, 2, 'p58220c9c7460d', 'Undefined method: &quot;%&quot;'),
	(6085, 1, 'p58220c9c7460d', 'Methode nicht definiert: &quot;%&quot;'),
	(6086, 4, 'p582223125ba7b', 'Undefined content controller.'),
	(6087, 3, 'p582223125ba7b', 'Undefined content controller.'),
	(6088, 2, 'p582223125ba7b', 'Undefined content controller.'),
	(6089, 1, 'p582223125ba7b', 'Content Controller nicht gesetzt.'),
	(6090, 4, 'p58370f17ea90c', 'API users'),
	(6091, 3, 'p58370f17ea90c', 'API users'),
	(6092, 2, 'p58370f17ea90c', 'API users'),
	(6093, 1, 'p58370f17ea90c', 'API-Benutzer'),
	(6094, 4, 'p58372446e9994', 'No password specified yet!'),
	(6095, 3, 'p58372446e9994', 'No password specified yet!'),
	(6096, 2, 'p58372446e9994', 'No password specified yet!'),
	(6097, 1, 'p58372446e9994', 'Noch kein Passwort gesetzt!'),
	(6098, 4, 'p5837229b21944', 'Edit access rights'),
	(6099, 3, 'p5837229b21944', 'Edit access rights'),
	(6100, 2, 'p5837229b21944', 'Edit access rights'),
	(6101, 1, 'p5837229b21944', 'Zugriffsrechte bearbeiten'),
	(6102, 4, 'p583721001abca', 'The API user has been successfully saved.'),
	(6103, 3, 'p583721001abca', 'The API user has been successfully saved.'),
	(6104, 2, 'p583721001abca', 'The API user has been successfully saved.'),
	(6105, 1, 'p583721001abca', 'Der API-Benutzer wurde erfolgreich gespeichert.'),
	(6106, 4, 'p58371f26bd72d', 'Valid until:'),
	(6107, 3, 'p58371f26bd72d', 'Valid until:'),
	(6108, 2, 'p58371f26bd72d', 'Valid until:'),
	(6109, 1, 'p58371f26bd72d', 'Gültig bis:'),
	(6110, 4, 'p58371ef012693', 'Token'),
	(6111, 3, 'p58371ef012693', 'Token'),
	(6112, 2, 'p58371ef012693', 'Token'),
	(6113, 1, 'p58371ef012693', 'Token'),
	(6114, 4, 'p58371e90e4392', 'Create a new API user'),
	(6115, 3, 'p58371e90e4392', 'Create a new API user'),
	(6116, 2, 'p58371e90e4392', 'Create a new API user'),
	(6117, 1, 'p58371e90e4392', 'Neuen API-Benutzer anlegen'),
	(6118, 4, 'p58371e4399c69', 'List of API users'),
	(6119, 3, 'p58371e4399c69', 'List of API users'),
	(6120, 2, 'p58371e4399c69', 'List of API users'),
	(6121, 1, 'p58371e4399c69', 'Liste der API Benutzer'),
	(6122, 4, 'p5837195ccad23', 'Edit API user'),
	(6123, 3, 'p5837195ccad23', 'Edit API user'),
	(6124, 2, 'p5837195ccad23', 'Edit API user'),
	(6125, 1, 'p5837195ccad23', 'API-Benutzer bearbeiten'),
	(6126, 4, 'p583718f90fcee', 'New API user'),
	(6127, 3, 'p583718f90fcee', 'New API user'),
	(6128, 2, 'p583718f90fcee', 'New API user'),
	(6129, 1, 'p583718f90fcee', 'Neuer API-Benutzer'),
	(6130, 4, 'p583c57f80703e', 'CalSy API activated'),
	(6131, 3, 'p583c57f80703e', 'CalSy API activated'),
	(6132, 2, 'p583c57f80703e', 'CalSy API activated'),
	(6133, 1, 'p583c57f80703e', 'CalSy-API aktiviert'),
	(6134, 4, 'p583c583218ffa', 'Activate the API to grant API users access to the system data.'),
	(6135, 3, 'p583c583218ffa', 'Activate the API to grant API users access to the system data.'),
	(6136, 2, 'p583c583218ffa', 'Activate the API to grant API users access to the system data.'),
	(6137, 1, 'p583c583218ffa', 'Aktivieren Sie die API, um API-Benutzern Zugriff auf das System zu gewähren.'),
	(6138, 4, 'p583c63119b61c', 'Display'),
	(6139, 3, 'p583c63119b61c', 'Display'),
	(6140, 2, 'p583c63119b61c', 'Display'),
	(6141, 1, 'p583c63119b61c', 'Darstellung'),
	(6142, 4, 'p583c80bb949da', 'The API is inactive.'),
	(6143, 3, 'p583c80bb949da', 'The API is inactive.'),
	(6144, 2, 'p583c80bb949da', 'The API is inactive.'),
	(6145, 1, 'p583c80bb949da', 'Die API ist nicht aktiviert.'),
	(6146, 4, 'p583c9ad86e6e7', 'Access'),
	(6147, 3, 'p583c9ad86e6e7', 'Access'),
	(6148, 2, 'p583c9ad86e6e7', 'Access'),
	(6149, 1, 'p583c9ad86e6e7', 'Zugriff'),
	(6150, 4, 'p583c9acd9eb35', 'Resource'),
	(6151, 3, 'p583c9acd9eb35', 'Resource'),
	(6152, 2, 'p583c9acd9eb35', 'Resource'),
	(6153, 1, 'p583c9acd9eb35', 'Ressource'),
	(6154, 4, 'p583c9412cf7f5', 'Access rights for &quot;%&quot;'),
	(6155, 3, 'p583c9412cf7f5', 'Access rights for &quot;%&quot;'),
	(6156, 2, 'p583c9412cf7f5', 'Access rights for &quot;%&quot;'),
	(6157, 1, 'p583c9412cf7f5', 'Berechtigungen für &quot;%&quot;'),
	(6158, 4, 'p5842ecbdc512c', 'Is this option activated?'),
	(6159, 3, 'p5842ecbdc512c', 'Is this option activated?'),
	(6160, 2, 'p5842ecbdc512c', 'Is this option activated?'),
	(6161, 1, 'p5842ecbdc512c', 'Ist diese Option aktiviert?'),
	(6162, 4, 'p5842eca23dc29', 'Display an appointment history when creating new appointents'),
	(6163, 3, 'p5842eca23dc29', 'Display an appointment history when creating new appointents'),
	(6164, 2, 'p5842eca23dc29', 'Display an appointment history when creating new appointents'),
	(6165, 1, 'p5842eca23dc29', 'Terminhistorie beim Anlegen von Terminen anzeigen'),
	(6166, 4, 'p5842fe4e8e6dc', 'Last appointments'),
	(6167, 3, 'p5842fe4e8e6dc', 'Last appointments'),
	(6168, 2, 'p5842fe4e8e6dc', 'Last appointments'),
	(6169, 1, 'p5842fe4e8e6dc', 'Letzte Termine'),
	(6170, 4, 'p58430670008d9', 'Appointment history of &quot;%1&quot;, the last %2 appointments'),
	(6171, 3, 'p58430670008d9', 'Appointment history of &quot;%1&quot;, the last %2 appointments'),
	(6172, 2, 'p58430670008d9', 'Appointment history of &quot;%1&quot;, the last %2 appointments'),
	(6173, 1, 'p58430670008d9', 'Termin-Verlauf von &quot;%1&quot;, die letzten %2 Termine'),
	(6174, 4, 'p584314b4cc553', 'No appointments found.'),
	(6175, 3, 'p584314b4cc553', 'No appointments found.'),
	(6176, 2, 'p584314b4cc553', 'No appointments found.'),
	(6177, 1, 'p584314b4cc553', 'Keine Termine gefunden.'),
	(6178, 4, 'p575ecd585ad92', 'Area filter'),
	(6179, 3, 'p575ecd585ad92', 'Area filter'),
	(6180, 2, 'p575ecd585ad92', 'Service filter'),
	(6181, 1, 'p575ecd585ad92', 'Leistungs-Filter'),
	(6182, 4, 'p577e5b01378dd', 'Area selector'),
	(6183, 3, 'p577e5b01378dd', 'Area selector'),
	(6184, 2, 'p577e5b01378dd', 'Service selector'),
	(6185, 1, 'p577e5b01378dd', 'Leistungs-Auswahl'),
	(6186, 4, 'p576c98ae9aa6e', 'No language variables could be loaded.'),
	(6187, 3, 'p576c98ae9aa6e', 'No language variables could be loaded.'),
	(6188, 2, 'p576c98ae9aa6e', 'No language variables could be loaded.'),
	(6189, 1, 'p576c98ae9aa6e', 'Es konnte keine Sprachvariablen geladen werden.'),
	(6190, 1, 'p584717eb35c06', 'Vollkaskoversicherung'),
	(6191, 1, 'p58471b4682513', 'nur Haftpflicht'),
	(6192, 1, 'p5856df04c19b9', 'Kann dieser Benutzer im Terminassistenten ausgewählt werden?'),
	(6193, 2, 'p5856df04c19b9', 'Can this user be selected in the appointment assistant?'),
	(6194, 3, 'p5856df04c19b9', 'Can this user be selected in the appointment assistant?'),
	(6195, 4, 'p5856df04c19b9', 'Can this user be selected in the appointment assistant?'),
	(6196, 1, 'p5856de560144c', 'Im Terminassistent auswählbar'),
	(6197, 2, 'p5856de560144c', 'May be selected in the appointment assistant'),
	(6198, 3, 'p5856de560144c', 'May be selected in the appointment assistant'),
	(6199, 4, 'p5856de560144c', 'May be selected in the appointment assistant'),
	(6200, 4, 'p586eba3abad01', 'Your message'),
	(6201, 3, 'p586eba3abad01', 'Your message'),
	(6202, 2, 'p586eba3abad01', 'Your message'),
	(6203, 1, 'p586eba3abad01', 'Ihre Nachricht'),
	(6204, 4, 'p586eae0617158', 'Support team'),
	(6205, 3, 'p586eae0617158', 'Support team'),
	(6206, 2, 'p586eae0617158', 'Support team'),
	(6207, 1, 'p586eae0617158', 'Support-Team'),
	(6208, 4, 'p586e8eb9176cc', 'Good day to you!\nStart a live chat with our support. \nEnter your message and we&#039;ll get right back at you as soon as one of our employees is free.'),
	(6209, 3, 'p586e8eb9176cc', 'Good day to you!\nStart a live chat with our support. \nEnter your message and we&#039;ll get right back at you as soon as one of our employees is free.'),
	(6210, 2, 'p586e8eb9176cc', 'Good day to you!\nStart a live chat with our support. \nEnter your message and we&#039;ll get right back at you as soon as one of our employees is free.'),
	(6211, 1, 'p586e8eb9176cc', 'Guten Tag!\nStarten Sie einen Live-Chat mit unserem Support. \nGeben Sie Ihre Nachricht ein und wir antworten sobald einer unserer Mitarbeiter frei ist.'),
	(6212, 4, 'p586e81bc9f14c', 'Live chat contact'),
	(6213, 3, 'p586e81bc9f14c', 'Live chat contact'),
	(6214, 2, 'p586e81bc9f14c', 'Live chat contact'),
	(6215, 1, 'p586e81bc9f14c', 'Live-Chat'),
	(6216, 4, 'p586e81756f0c8', 'Vmoso'),
	(6217, 3, 'p586e81756f0c8', 'Vmoso'),
	(6218, 2, 'p586e81756f0c8', 'Vmoso'),
	(6219, 1, 'p586e81756f0c8', 'Vmoso'),
	(6220, 4, 'p5877d7be675ed', 'Write'),
	(6221, 3, 'p5877d7be675ed', 'Write'),
	(6222, 2, 'p5877d7be675ed', 'Write'),
	(6223, 1, 'p5877d7be675ed', 'Schreiben'),
	(6224, 4, 'p5877d7b002edd', 'Read'),
	(6225, 3, 'p5877d7b002edd', 'Read'),
	(6226, 2, 'p5877d7b002edd', 'Read'),
	(6227, 1, 'p5877d7b002edd', 'Lesen'),
	(6228, 4, 'p58793ca0090a3', 'Invalid title'),
	(6229, 3, 'p58793ca0090a3', 'Invalid title'),
	(6230, 2, 'p58793ca0090a3', 'Invalid title'),
	(6231, 1, 'p58793ca0090a3', 'Ungültiger Titel'),
	(6232, 4, 'p587e50f2a979c', 'Warning: All current messages will be archived.'),
	(6233, 3, 'p587e50f2a979c', 'Warning: All current messages will be lost.'),
	(6234, 2, 'p587e50f2a979c', 'Warning: All current messages will be lost.'),
	(6235, 1, 'p587e50f2a979c', 'Achtung: Sämtliche aktuellen Nachrichten gehen dabei verloren.'),
	(6236, 4, 'p587e50d13b525', 'Start a new chat'),
	(6237, 3, 'p587e50d13b525', 'Start a new chat'),
	(6238, 2, 'p587e50d13b525', 'Start a new chat'),
	(6239, 1, 'p587e50d13b525', 'Einen neuen Chat starten'),
	(6240, 4, 'p587e50f2a979c', 'Warning: All current messages will be archived.'),
	(6241, 3, 'p587e50f2a979c', 'Warning: All current messages will be lost.'),
	(6242, 2, 'p587e50f2a979c', 'Warning: All current messages will be lost.'),
	(6243, 1, 'p587e50f2a979c', 'Achtung: Sämtliche aktuellen Nachrichten gehen dabei verloren.'),
	(6244, 4, 'p587e50d13b525', 'Start a new chat'),
	(6245, 3, 'p587e50d13b525', 'Start a new chat'),
	(6246, 2, 'p587e50d13b525', 'Start a new chat'),
	(6247, 1, 'p587e50d13b525', 'Einen neuen Chat starten'),
	(6248, 4, 'p587d18c294ac5', 'Five minutes ago'),
	(6249, 3, 'p587d18c294ac5', 'Five minutes ago'),
	(6250, 2, 'p587d18c294ac5', 'Five minutes ago'),
	(6251, 1, 'p587d18c294ac5', 'Vor 5 Minuten'),
	(6252, 4, 'p587d18af9acfc', 'Four minutes ago'),
	(6253, 3, 'p587d18af9acfc', 'Four minutes ago'),
	(6254, 2, 'p587d18af9acfc', 'Four minutes ago'),
	(6255, 1, 'p587d18af9acfc', 'Vor vier Minuten'),
	(6256, 4, 'p587d185c692d7', 'Three minutes ago'),
	(6257, 3, 'p587d185c692d7', 'Three minutes ago'),
	(6258, 2, 'p587d185c692d7', 'Three minutes ago'),
	(6259, 1, 'p587d185c692d7', 'Vor drei Minuten'),
	(6260, 4, 'p587d1841cbdd3', 'Just now'),
	(6261, 3, 'p587d1841cbdd3', 'Just now'),
	(6262, 2, 'p587d1841cbdd3', 'Just now'),
	(6263, 1, 'p587d1841cbdd3', 'Gerade eben'),
	(6264, 4, 'p587d1810dd7bf', 'Two minutes ago'),
	(6265, 3, 'p587d1810dd7bf', 'Two minutes ago'),
	(6266, 2, 'p587d1810dd7bf', 'Two minutes ago'),
	(6267, 1, 'p587d1810dd7bf', 'Vor zwei Minuten'),
	(6268, 4, 'p587d17e3c3237', 'One minute ago'),
	(6269, 3, 'p587d17e3c3237', 'One minute ago'),
	(6270, 2, 'p587d17e3c3237', 'One minute ago'),
	(6271, 1, 'p587d17e3c3237', 'Vor einer Minute'),
	(6272, 4, 'p587bb61230777', 'Sending...'),
	(6273, 3, 'p587bb61230777', 'Sending...'),
	(6274, 2, 'p587bb61230777', 'Sending...'),
	(6275, 1, 'p587bb61230777', 'Wird gesendet...'),
	(6276, 4, 'p57f381721cab9', 'Unlimited'),
	(6277, 3, 'p57f381721cab9', 'Unlimited'),
	(6278, 2, 'p57f381721cab9', 'Unlimited'),
	(6279, 1, 'p57f381721cab9', 'Unbegrenzt'),
	(6280, 4, 'p57f37c335557c', 'Allowed number of bookings'),
	(6281, 3, 'p57f37c335557c', 'Allowed number of bookings'),
	(6282, 2, 'p57f37c335557c', 'Allowed number of bookings'),
	(6283, 1, 'p57f37c335557c', 'Erlaubte Anzahl an Buchungen'),
	(6284, 4, 'p580a2d08f1ff7', 'There was an error updating to the database revision #%1.'),
	(6285, 3, 'p580a2d08f1ff7', 'There was an error updating to the database revision #%1.'),
	(6286, 2, 'p580a2d08f1ff7', 'There was an error updating to the database revision #%1.'),
	(6287, 1, 'p580a2d08f1ff7', 'Es gab einen Fehler beim Update zu Revision #%1.'),
	(6288, 4, 'p576bfc539f679', 'The password has been successfully set.'),
	(6289, 3, 'p576bfc539f679', 'The password has been successfully set.'),
	(6290, 2, 'p576bfc539f679', 'The password has been successfully set.'),
	(6291, 1, 'p576bfc539f679', 'Das Passwort wurde erfolgreich gespeichert.'),
	(6292, 4, 'p575edf80ea145', 'All areas'),
	(6293, 3, 'p575edf80ea145', 'All areas'),
	(6294, 2, 'p575edf80ea145', 'All areas'),
	(6295, 1, 'p575edf80ea145', 'Alle Bereiche'),
	(6296, 4, 'p575eea3b50829', 'Which area is to be displayed?'),
	(6297, 3, 'p575eea3b50829', 'Which area is to be displayed?'),
	(6298, 2, 'p575eea3b50829', 'Which area is to be displayed?'),
	(6299, 1, 'p575eea3b50829', 'Welcher Bereich soll angezeigt werden?'),
	(6300, 4, 'p588f830702a7d', 'Paste'),
	(6301, 3, 'p588f830702a7d', 'Paste'),
	(6302, 2, 'p588f830702a7d', 'Paste'),
	(6303, 1, 'p588f830702a7d', 'Einfügen'),
	(6304, 4, 'p588f82cf17be8', 'Copy'),
	(6305, 3, 'p588f82cf17be8', 'Copy'),
	(6306, 2, 'p588f82cf17be8', 'Copy'),
	(6307, 1, 'p588f82cf17be8', 'Kopieren'),
	(6308, 4, 'p58935dc977b2b', 'Hourly view: Begin and end times'),
	(6309, 3, 'p58935dc977b2b', 'Hourly view: Begin and end times'),
	(6310, 2, 'p58935dc977b2b', 'Hourly view: Begin and end times'),
	(6311, 1, 'p58935dc977b2b', 'Stunden-Ansicht: Start- &amp; Endzeit'),
	(6312, 4, 'p58935b44a6dc8', 'Hourly view: Segmentation interval'),
	(6313, 3, 'p58935b44a6dc8', 'Hourly view: Segmentation interval'),
	(6314, 2, 'p58935b44a6dc8', 'Hourly view: Segmentation interval'),
	(6315, 1, 'p58935b44a6dc8', 'Stunden-Ansicht: Unterteilungs-Intervall'),
	(6316, 4, 'p589360625779b', 'From when to when the hourly views display the days.'),
	(6317, 3, 'p589360625779b', 'From when to when the hourly views display the days.'),
	(6318, 2, 'p589360625779b', 'From when to when the hourly views display the days.'),
	(6319, 1, 'p589360625779b', 'Von wann bis wann die stündliche Ansicht die Tage darstellt.'),
	(6320, 4, 'p58935f6fe9157', 'How the hourly view is segmented.'),
	(6321, 3, 'p58935f6fe9157', 'How the hourly view is segmented.'),
	(6322, 2, 'p58935f6fe9157', 'How the hourly view is segmented.'),
	(6323, 1, 'p58935f6fe9157', 'Wie die Stunden-Ansicht unterteilt wird.'),
	(6324, 4, 'p589e1b225f8b6', 'Timezone has DST?'),
	(6325, 3, 'p589e1b225f8b6', 'Timezone has DST?'),
	(6326, 2, 'p589e1b225f8b6', 'Timezone has DST?'),
	(6327, 1, 'p589e1b225f8b6', 'Zeitzone hat Sommerzeit?'),
	(6328, 4, 'p589e1720bd5c9', 'Calendar status'),
	(6329, 3, 'p589e1720bd5c9', 'Calendar status'),
	(6330, 2, 'p589e1720bd5c9', 'Calendar status'),
	(6331, 1, 'p589e1720bd5c9', 'Kalender-Status'),
	(6332, 4, 'p589e16f508fd9', 'Switch to winter time (standard)'),
	(6333, 3, 'p589e16f508fd9', 'Switch to winter time (standard)'),
	(6334, 2, 'p589e16f508fd9', 'Switch to winter time (standard)'),
	(6335, 1, 'p589e16f508fd9', 'Umstellung auf Winterzeit'),
	(6336, 4, 'p589e16df5bc54', 'Switch to summer time (DST)'),
	(6337, 3, 'p589e16df5bc54', 'Switch to summer time (DST)'),
	(6338, 2, 'p589e16df5bc54', 'Switch to summer time (DST)'),
	(6339, 1, 'p589e16df5bc54', 'Umstellung auf die Sommerzeit'),
	(6340, 4, 'p589e16a8a4b93', 'Timezone'),
	(6341, 3, 'p589e16a8a4b93', 'Timezone'),
	(6342, 2, 'p589e16a8a4b93', 'Timezone'),
	(6343, 1, 'p589e16a8a4b93', 'Zeitzone'),
	(6344, 4, 'p589f49d55dfe7', 'Started'),
	(6345, 3, 'p589f49d55dfe7', 'Started'),
	(6346, 2, 'p589f49d55dfe7', 'Started'),
	(6347, 1, 'p589f49d55dfe7', 'Gestartet'),
	(6348, 4, 'p589f44cf69f89', 'Process engine log'),
	(6349, 3, 'p589f44cf69f89', 'Process engine log'),
	(6350, 2, 'p589f44cf69f89', 'Process engine log'),
	(6351, 1, 'p589f44cf69f89', 'Prozess-Engine Log'),
	(6352, 4, 'p589f32abb25e2', 'Process engine'),
	(6353, 3, 'p589f32abb25e2', 'Process engine'),
	(6354, 2, 'p589f32abb25e2', 'Process engine'),
	(6355, 1, 'p589f32abb25e2', 'Prozess-Engine'),
	(6356, 4, 'p58a0889acf3b1', 'The password for the authentification with the process engine server'),
	(6357, 3, 'p58a0889acf3b1', 'The password for the authentification with the process engine server'),
	(6358, 2, 'p58a0889acf3b1', 'The password for the authentification with the process engine server'),
	(6359, 1, 'p58a0889acf3b1', 'Das Passwort zur Authentifizierung auf dem Prozess-Engine Server'),
	(6360, 4, 'p58a0887d43d05', 'The user for the authentification with the process engine server'),
	(6361, 3, 'p58a0887d43d05', 'The user for the authentification with the process engine server'),
	(6362, 2, 'p58a0887d43d05', 'The user for the authentification with the process engine server'),
	(6363, 1, 'p58a0887d43d05', 'Der Benutzer zur Authentifizierung mit dem Prozess-Engine Server'),
	(6364, 4, 'p58a088607b349', 'The server to be used with the process engine'),
	(6365, 3, 'p58a088607b349', 'The server to be used with the process engine'),
	(6366, 2, 'p58a088607b349', 'The server to be used with the process engine'),
	(6367, 1, 'p58a088607b349', 'Der zu verwendende Server für die Prozess-Engine'),
	(6368, 4, 'p58a088314493e', 'Process engine password'),
	(6369, 3, 'p58a088314493e', 'Process engine password'),
	(6370, 2, 'p58a088314493e', 'Process engine password'),
	(6371, 1, 'p58a088314493e', 'Prozess-Engine Passwort'),
	(6372, 4, 'p58a0881f0ecde', 'Process engine user'),
	(6373, 3, 'p58a0881f0ecde', 'Process engine user'),
	(6374, 2, 'p58a0881f0ecde', 'Process engine user'),
	(6375, 1, 'p58a0881f0ecde', 'Prozess-Engine Benutzer'),
	(6376, 4, 'p58a0880733b5e', 'Process engine server'),
	(6377, 3, 'p58a0880733b5e', 'Process engine server'),
	(6378, 2, 'p58a0880733b5e', 'Process engine server'),
	(6379, 1, 'p58a0880733b5e', 'Prozess-Engine Server'),
	(6380, 4, 'p58a20ce06f12a', 'Edit process start'),
	(6381, 3, 'p58a20ce06f12a', 'Edit process start'),
	(6382, 2, 'p58a20ce06f12a', 'Edit process start'),
	(6383, 1, 'p58a20ce06f12a', 'Prozess-Start bearbeiten'),
	(6384, 4, 'p58a20cd0e6d7e', 'New process start'),
	(6385, 3, 'p58a20cd0e6d7e', 'New process start'),
	(6386, 2, 'p58a20cd0e6d7e', 'New process start'),
	(6387, 1, 'p58a20cd0e6d7e', 'Neuer Prozess-Start'),
	(6388, 4, 'p58a1d78024827', 'Is this user allowed to start processes via the calendar?'),
	(6389, 3, 'p58a1d78024827', 'Is this user allowed to start processes via the calendar?'),
	(6390, 2, 'p58a1d78024827', 'Is this user allowed to start processes via the calendar?'),
	(6391, 1, 'p58a1d78024827', 'Darf dieser Benutzer über den Kalender Prozesse starten?'),
	(6392, 4, 'p58a1d7579e233', 'May plan process starts'),
	(6393, 3, 'p58a1d7579e233', 'May plan process starts'),
	(6394, 2, 'p58a1d7579e233', 'May plan process starts'),
	(6395, 1, 'p58a1d7579e233', 'Darf Prozess-Starts planen'),
	(6396, 4, 'p58a22d853dbf4', 'The process engine is currently disabled.'),
	(6397, 3, 'p58a22d853dbf4', 'The process engine is currently disabled.'),
	(6398, 2, 'p58a22d853dbf4', 'The process engine is currently disabled.'),
	(6399, 1, 'p58a22d853dbf4', 'Die Prozess-Engine ist momentan deaktiviert.'),
	(6400, 4, 'p58a22b627dfa6', 'Process'),
	(6401, 3, 'p58a22b627dfa6', 'Process'),
	(6402, 2, 'p58a22b627dfa6', 'Process'),
	(6403, 1, 'p58a22b627dfa6', 'Prozess'),
	(6404, 4, 'p58a5d260b12ea', 'Remote server error requesting "%1".'),
	(6405, 3, 'p58a5d260b12ea', 'Remote server error requesting "%1".'),
	(6406, 2, 'p58a5d260b12ea', 'Remote server error requesting "%1".'),
	(6407, 1, 'p58a5d260b12ea', 'Server-Fehler bei der Anfrage von "%1".'),
	(6408, 4, 'p58a5c589b9346', 'Error requesting the resource "%1".'),
	(6409, 3, 'p58a5c589b9346', 'Error requesting the resource "%1".'),
	(6410, 2, 'p58a5c589b9346', 'Error requesting the resource "%1".'),
	(6411, 1, 'p58a5c589b9346', 'Fehler bei der Anfrage der Resource "%1".'),
	(6412, 4, 'p58a5ead79b720', 'The server could not be reached.'),
	(6413, 3, 'p58a5ead79b720', 'The server could not be reached.'),
	(6414, 2, 'p58a5ead79b720', 'The server could not be reached.'),
	(6415, 1, 'p58a5ead79b720', 'Der Server konnte nicht erreicht werden.'),
	(6416, 4, 'p58a73e57ccf1e', 'Process starts'),
	(6417, 3, 'p58a73e57ccf1e', 'Process starts'),
	(6418, 2, 'p58a73e57ccf1e', 'Process starts'),
	(6419, 1, 'p58a73e57ccf1e', 'Prozess-Starts'),
	(6420, 4, 'p58a7351644513', 'Process instance identifier'),
	(6421, 3, 'p58a7351644513', 'Process instance identifier'),
	(6422, 2, 'p58a7351644513', 'Process instance identifier'),
	(6423, 1, 'p58a7351644513', 'Prozess-Instanz Identifikator'),
	(6424, 4, 'p58a88ab698508', 'Automatized system time update'),
	(6425, 3, 'p58a88ab698508', 'Automatized system time update'),
	(6426, 2, 'p58a88ab698508', 'Automatized system time update'),
	(6427, 1, 'p58a88ab698508', 'Automatisiertes System-Zeit Update'),
	(6428, 4, 'p58a8a821102ab', 'Time shift towards the server'),
	(6429, 3, 'p58a8a821102ab', 'Time shift towards the server'),
	(6430, 2, 'p58a8a821102ab', 'Time shift towards the server'),
	(6431, 1, 'p58a8a821102ab', 'Zeitverschiebung zum Server'),
	(6432, 4, 'p58a8a580068cb', 'Server'),
	(6433, 3, 'p58a8a580068cb', 'Server'),
	(6434, 2, 'p58a8a580068cb', 'Server'),
	(6435, 1, 'p58a8a580068cb', 'Server'),
	(6436, 4, 'p58a8a25aa0758', 'Time shift towards the server (GMT)'),
	(6437, 3, 'p58a8a25aa0758', 'Time shift towards the server (GMT)'),
	(6438, 2, 'p58a8a25aa0758', 'Time shift towards the server (GMT)'),
	(6439, 1, 'p58a8a25aa0758', 'Zeitverschiebung zum Server (GMT)'),
	(6440, 4, 'p58a89e8315534', 'Browser'),
	(6441, 3, 'p58a89e8315534', 'Browser'),
	(6442, 2, 'p58a89e8315534', 'Browser'),
	(6443, 1, 'p58a89e8315534', 'Browser'),
	(6444, 4, 'p58a9d697b1a39', 'Always directly confirm bookings coming from the frontend'),
	(6445, 3, 'p58a9d697b1a39', 'Always directly confirm bookings coming from the frontend'),
	(6446, 2, 'p58a9d697b1a39', 'Always directly confirm bookings coming from the frontend'),
	(6447, 1, 'p58a9d697b1a39', 'Im Frontend gebuchte Termine immer automatisch bestätigen'),
	(6448, 4, 'p58a9e35fbc665', 'As soon as your appointent is saved, it is automatically confirmed and cannot be edited anymore.'),
	(6449, 3, 'p58a9e35fbc665', 'As soon as your appointent is saved, it is automatically confirmed and cannot be edited anymore.'),
	(6450, 2, 'p58a9e35fbc665', 'As soon as your appointent is saved, it is automatically confirmed and cannot be edited anymore.'),
	(6451, 1, 'p58a9e35fbc665', 'Sobald Ihr Termin gespeichert ist, gilt dieser automatisch als bestätigt und kann  nicht mehr bearbeitet werden.'),
	(6452, 4, 'p58ab483e784be', 'As long as not all contained variabled in the appointment form are set, the titles stays empty.'),
	(6453, 3, 'p58ab483e784be', 'As long as not all contained variabled in the appointment form are set, the titles stays empty.'),
	(6454, 2, 'p58ab483e784be', 'As long as not all contained variabled in the appointment form are set, the titles stays empty.'),
	(6455, 1, 'p58ab483e784be', 'Solange nicht alle enthaltenen Variablen im Termin-Formular gesetzt sind, bleibt der Titel leer.'),
	(6456, 4, 'p58ab456403156', '%areaName for %userFrontendName with %userBackendName'),
	(6457, 3, 'p58ab456403156', '%areaName for %userFrontendName with %userBackendName'),
	(6458, 2, 'p58ab456403156', '%areaName for %userFrontendName with %userBackendName'),
	(6459, 1, 'p58ab456403156', '%areaName für %userFrontendName mit %userBackendName'),
	(6460, 4, 'p58ab4539ec8e3', 'Default title for new appointments (Backend)'),
	(6461, 3, 'p58ab4539ec8e3', 'Default title for new appointments (Backend)'),
	(6462, 2, 'p58ab4539ec8e3', 'Default title for new appointments (Backend)'),
	(6463, 1, 'p58ab4539ec8e3', 'Standard-Titel für neue Termine (Backend)'),
	(6464, 4, 'p58ab4374d9310', 'These fields support the following variables:'),
	(6465, 3, 'p58ab4374d9310', 'These fields support the following variables:'),
	(6466, 2, 'p58ab4374d9310', 'These fields support the following variables:'),
	(6467, 1, 'p58ab4374d9310', 'Diese Felder unterstützt die folgenden Variablen:'),
	(6468, 4, 'p58ab42ad69fff', '%userFrontendName - The name of the frontend user\n%userBackendName - The name of the backend user\n%areaName - The name of the selected area'),
	(6469, 3, 'p58ab42ad69fff', '%userFrontendName - The name of the frontend user\n%userBackendName - The name of the backend user\n%areaName - The name of the selected area'),
	(6470, 2, 'p58ab42ad69fff', '%userFrontendName - The name of the frontend user\n%userBackendName - The name of the backend user\n%areaName - The name of the selected area'),
	(6471, 1, 'p58ab42ad69fff', '%userFrontendName - Der Name des Frontend-Benutzers\n%userBackendName - Der Name des Backend-Benutzers\n%areaName - Der Name des ausgewählten Bereichs'),
	(6472, 4, 'p58ab3fd09f119', 'Edit'),
	(6473, 3, 'p58ab3fd09f119', 'Edit'),
	(6474, 2, 'p58ab3fd09f119', 'Edit'),
	(6475, 1, 'p58ab3fd09f119', 'Bearbeiten'),
	(6476, 4, 'p58ab37027b186', 'Front: %areaName for %userFrontendName with %userBackendName'),
	(6477, 3, 'p58ab37027b186', 'Front: %areaName for %userFrontendName with %userBackendName'),
	(6478, 2, 'p58ab37027b186', 'Front: %areaName for %userFrontendName with %userBackendName'),
	(6479, 1, 'p58ab37027b186', 'Front: %areaName für %userFrontendName mit %userBackendName'),
	(6480, 4, 'p58ab36c545a20', 'Default title for new appointments (Frontend)'),
	(6481, 3, 'p58ab36c545a20', 'Default title for new appointments (Frontend)'),
	(6482, 2, 'p58ab36c545a20', 'Default title for new appointments (Frontend)'),
	(6483, 1, 'p58ab36c545a20', 'Standard-Titel für neue Termine (Frontend)'),
	(6484, 4, 'p58ac66693e9a8', 'When activated, all new appointments created in the backend are automatically marked as confirmed.'),
	(6485, 3, 'p58ac66693e9a8', 'When activated, all new appointments created in the backend are automatically marked as confirmed.'),
	(6486, 2, 'p58ac66693e9a8', 'When activated, all new appointments created in the backend are automatically marked as confirmed.'),
	(6487, 1, 'p58ac66693e9a8', 'Wenn aktiviert, werden alle neuen im Backend angelegten Termine immer automatisch als bestätigt angelegt.'),
	(6488, 4, 'p58ac661d96f7b', 'Backend: Always directly confirm new appointments'),
	(6489, 3, 'p58ac661d96f7b', 'Backend: Always directly confirm new appointments'),
	(6490, 2, 'p58ac661d96f7b', 'Backend: Always directly confirm new appointments'),
	(6491, 1, 'p58ac661d96f7b', 'Backend: Neue Termine immer direkt bestätigen'),
	(6492, 4, 'p58ac6bf57553d', 'Patients may enter custom titles for appointments'),
	(6493, 3, 'p58ac6bf57553d', 'Patients may enter custom titles for appointments'),
	(6494, 2, 'p58ac6bf57553d', 'Patients may enter custom titles for appointments'),
	(6495, 1, 'p58ac6bf57553d', 'Kunden dürfen eigene Titel für Termine eingeben'),
	(6496, 4, 'p58ac7babd0f5f', 'This title will be used whenever the variables in the default titles cannot be set.'),
	(6497, 3, 'p58ac7babd0f5f', 'This title will be used whenever the variables in the default titles cannot be set.'),
	(6498, 2, 'p58ac7babd0f5f', 'This title will be used whenever the variables in the default titles cannot be set.'),
	(6499, 1, 'p58ac7babd0f5f', 'Dieser Titel wird verwendet, wenn die Variablen der Standard-Titel nicht eingesetzt werden können.'),
	(6500, 4, 'p58af34126437f', 'System users may not be deleted.'),
	(6501, 3, 'p58af34126437f', 'System users may not be deleted.'),
	(6502, 2, 'p58af34126437f', 'System users may not be deleted.'),
	(6503, 1, 'p58af34126437f', 'System-Benutzer können nicht gelöscht werden.'),
	(6504, 4, 'p58af2d5ea4e2e', 'The user could not be saved, possibly the name is already taken.'),
	(6505, 3, 'p58af2d5ea4e2e', 'The user could not be saved, possibly the name is already taken.'),
	(6506, 2, 'p58af2d5ea4e2e', 'The user could not be saved, possibly the name is already taken.'),
	(6507, 1, 'p58af2d5ea4e2e', 'Der Benutzer konnte nicht gespeichert werden. Möglicherweise ist der Name bereits vergeben.'),
	(6508, 4, 'p58af5e5f84fc9', 'Is this module blocked?'),
	(6509, 3, 'p58af5e5f84fc9', 'Is this module blocked?'),
	(6510, 2, 'p58af5e5f84fc9', 'Is this module blocked?'),
	(6511, 1, 'p58af5e5f84fc9', 'Ist dieses Module blockiert?'),
	(6512, 4, 'p58af5e4083901', 'Module blocked'),
	(6513, 3, 'p58af5e4083901', 'Module blocked'),
	(6514, 2, 'p58af5e4083901', 'Module blocked'),
	(6515, 1, 'p58af5e4083901', 'Modul geblockt'),
	(6516, 1, 'p57f37c335557c', 'Erlaubte Anzahl an Buchungen'),
	(6517, 2, 'p57f37c335557c', 'Allowed number of bookings'),
	(6518, 3, 'p57f37c335557c', 'Allowed number of bookings'),
	(6519, 4, 'p57f37c335557c', 'Allowed number of bookings'),
	(6520, 4, 'p58bbb690c713c', 'Patients will have to enter a reason for the cancellation.'),
	(6521, 3, 'p58bbb690c713c', 'Patients will have to enter a reason for the cancellation.'),
	(6522, 2, 'p58bbb690c713c', 'Patients will have to enter a reason for the cancellation.'),
	(6523, 1, 'p58bbb690c713c', 'Kunden müssen einen Absagegrund eintragen.'),
	(6524, 4, 'p58bbb5fcd8c84', 'Patients may cancel appointments'),
	(6525, 3, 'p58bbb5fcd8c84', 'Patients may cancel appointments'),
	(6526, 2, 'p58bbb5fcd8c84', 'Patients may cancel appointments'),
	(6527, 1, 'p58bbb5fcd8c84', 'Kunden dürfen Termine absagen'),
	(6528, 4, 'p58bbb9cd7ee89', 'As soon as your appointment is saved, it will have to be confirmed by a therapist. Before, you may cancel it at any time without stating a reason for it. After confirmation, you may still cancel it but you\'ll have to specify a reason.'),
	(6529, 3, 'p58bbb9cd7ee89', 'As soon as your appointment is saved, it will have to be confirmed by a therapist. Before, you may cancel it at any time without stating a reason for it. After confirmation, you may still cancel it but you\'ll have to specify a reason.'),
	(6530, 2, 'p58bbb9cd7ee89', 'As soon as your appointment is saved, it will have to be confirmed by a therapist. Before, you may cancel it at any time without stating a reason for it. After confirmation, you may still cancel it but you\'ll have to specify a reason.'),
	(6531, 1, 'p58bbb9cd7ee89', 'Sobald Ihr Termin gespeichert wurde, muss er noch von einem Mitarbeiter bestätigt werden. Sie können den Termin entweder vorher ohne Grund, oder nach Bestätigung unter Angabe eines Grundes jederzeit absagen.'),
	(6532, 4, 'p58bbbb8a708c4', 'As soon as your appointent is saved, it is automatically confirmed and cannot be edited anymore. You may still cancel the appointment at any time, but you\'ll have to specify a reason for it.'),
	(6533, 3, 'p58bbbb8a708c4', 'As soon as your appointent is saved, it is automatically confirmed and cannot be edited anymore. You may still cancel the appointment at any time, but you\'ll have to specify a reason for it.'),
	(6534, 2, 'p58bbbb8a708c4', 'As soon as your appointent is saved, it is automatically confirmed and cannot be edited anymore. You may still cancel the appointment at any time, but you\'ll have to specify a reason for it.'),
	(6535, 1, 'p58bbbb8a708c4', 'Sobald Ihr Termin gespeichert ist, gilt dieser automatisch als bestätigt und kann nicht mehr bearbeitet werden. Sie können den Termin allerdings jederzeit unter Angabe eines Grundes absagen.'),
	(6536, 4, 'p58bbc0f016661', 'Cancel appointment'),
	(6537, 3, 'p58bbc0f016661', 'Cancel appointment'),
	(6538, 2, 'p58bbc0f016661', 'Cancel appointment'),
	(6539, 1, 'p58bbc0f016661', 'Termin absagen'),
	(6540, 4, 'p58bbc2250c344', 'Please enter a reason for your cancellation.'),
	(6541, 3, 'p58bbc2250c344', 'Please enter a reason for your cancellation.'),
	(6542, 2, 'p58bbc2250c344', 'Please enter a reason for your cancellation.'),
	(6543, 1, 'p58bbc2250c344', 'Bitte geben Sie eine Begründung für Ihre Absage an.'),
	(6544, 4, 'p58bbc20f68e08', 'Do you really want to cancel your appointment?'),
	(6545, 3, 'p58bbc20f68e08', 'Do you really want to cancel your appointment?'),
	(6546, 2, 'p58bbc20f68e08', 'Do you really want to cancel your appointment?'),
	(6547, 1, 'p58bbc20f68e08', 'Möchten Sie Ihren Termin wirklich absagen?'),
	(6548, 4, 'p58bbc1ed691de', 'Cancel'),
	(6549, 3, 'p58bbc1ed691de', 'Cancel'),
	(6550, 2, 'p58bbc1ed691de', 'Cancel'),
	(6551, 1, 'p58bbc1ed691de', 'Absagen'),
	(6552, 4, 'p58bbccbd2c8ee', 'Your appointment with "%sendingUserFrontendFullName" has just been canceled.'),
	(6553, 3, 'p58bbccbd2c8ee', 'Your appointment with "%sendingUserFrontendFullName" has just been canceled.'),
	(6554, 2, 'p58bbccbd2c8ee', 'Your appointment with "%sendingUserFrontendFullName" has just been canceled.'),
	(6555, 1, 'p58bbccbd2c8ee', 'Ihr Termin mit "%sendingUserFrontendFullName" wurde soeben abgesagt.'),
	(6556, 4, 'p58bbcc312c06e', 'Appointment cancellation'),
	(6557, 3, 'p58bbcc312c06e', 'Appointment cancellation'),
	(6558, 2, 'p58bbcc312c06e', 'Appointment cancellation'),
	(6559, 1, 'p58bbcc312c06e', 'Terminabsage'),
	(6560, 4, 'p58c7dad20c8d4', 'An unknown error has occured.'),
	(6561, 3, 'p58c7dad20c8d4', 'An unknown error has occured.'),
	(6562, 2, 'p58c7dad20c8d4', 'An unknown error has occured.'),
	(6563, 1, 'p58c7dad20c8d4', 'Ein unbekannter Fehler ist aufgetreten.'),
	(6564, 4, 'p58c7cda7d78c1', 'Invalid password'),
	(6565, 3, 'p58c7cda7d78c1', 'Invalid password'),
	(6566, 2, 'p58c7cda7d78c1', 'Invalid password'),
	(6567, 1, 'p58c7cda7d78c1', 'Ungültiges Passwort'),
	(6568, 4, 'p58c7cbf80818b', 'Invalid server address'),
	(6569, 3, 'p58c7cbf80818b', 'Invalid server address'),
	(6570, 2, 'p58c7cbf80818b', 'Invalid server address'),
	(6571, 1, 'p58c7cbf80818b', 'Ungültige Server-Adresse'),
	(6572, 4, 'p58c7cb273c7d2', 'Invalid user name'),
	(6573, 3, 'p58c7cb273c7d2', 'Invalid user name'),
	(6574, 2, 'p58c7cb273c7d2', 'Invalid user name'),
	(6575, 1, 'p58c7cb273c7d2', 'Fehlerhafter Benutzername'),
	(6576, 4, 'p58c83f349d464', 'Will be used to connect to the Vmoso API.'),
	(6577, 3, 'p58c83f349d464', 'Will be used to connect to the Vmoso API.'),
	(6578, 2, 'p58c83f349d464', 'Will be used to connect to the Vmoso API.'),
	(6579, 1, 'p58c83f349d464', 'Wird zur Verbindung mit der Vmoso-API verwendet.'),
	(6580, 4, 'p58c83f05bf338', 'Vmoso token'),
	(6581, 3, 'p58c83f05bf338', 'Vmoso token'),
	(6582, 2, 'p58c83f05bf338', 'Vmoso token'),
	(6583, 1, 'p58c83f05bf338', 'Vmoso-Token'),
	(6584, 4, 'p58c92fe651167', 'The user wasn\'t found.'),
	(6585, 3, 'p58c92fe651167', 'The user wasn\'t found.'),
	(6586, 2, 'p58c92fe651167', 'The user wasn\'t found.'),
	(6587, 1, 'p58c92fe651167', 'Der Benutzer wurde nicht gefunden.'),
	(6588, 4, 'p58c92b6b49293', 'Authentication failed.'),
	(6589, 3, 'p58c92b6b49293', 'Authentication failed.'),
	(6590, 2, 'p58c92b6b49293', 'Authentication failed.'),
	(6591, 1, 'p58c92b6b49293', 'Authentifizierung fehlgeschlagen.'),
	(6592, 4, 'p58c92a7a3f1d4', 'Invalid or missing parameter:'),
	(6593, 3, 'p58c92a7a3f1d4', 'Invalid or missing parameter:'),
	(6594, 2, 'p58c92a7a3f1d4', 'Invalid or missing parameter:'),
	(6595, 1, 'p58c92a7a3f1d4', 'Ungültiger oder fehlender Parameter:'),
	(6596, 4, 'p58ca6ca1dd348', 'The Client ID given by Vmoso'),
	(6597, 3, 'p58ca6ca1dd348', 'The Client ID given by Vmoso'),
	(6598, 2, 'p58ca6ca1dd348', 'The Client ID given by Vmoso'),
	(6599, 1, 'p58ca6ca1dd348', 'Die Client-ID, die von Vmoso vergeben wird'),
	(6600, 4, 'p58ca6c890a998', 'Vmoso CID'),
	(6601, 3, 'p58ca6c890a998', 'Vmoso CID'),
	(6602, 2, 'p58ca6c890a998', 'Vmoso CID'),
	(6603, 1, 'p58ca6c890a998', 'Vmoso-CID'),
	(6604, 4, 'p58ca6c6c57497', 'The password for the user being used for the chat'),
	(6605, 3, 'p58ca6c6c57497', 'The password for the user being used for the chat'),
	(6606, 2, 'p58ca6c6c57497', 'The password for the user being used for the chat'),
	(6607, 1, 'p58ca6c6c57497', 'Das Passwort für den Benutzer, der für den Chat verwendet wird'),
	(6608, 4, 'p58ca6c53a979e', 'Vmoso user password'),
	(6609, 3, 'p58ca6c53a979e', 'Vmoso user password'),
	(6610, 2, 'p58ca6c53a979e', 'Vmoso user password'),
	(6611, 1, 'p58ca6c53a979e', 'Vmoso-Benutzer Passwort'),
	(6612, 4, 'p58ca6c4362d2e', 'The user being used for the chat'),
	(6613, 3, 'p58ca6c4362d2e', 'The user being used for the chat'),
	(6614, 2, 'p58ca6c4362d2e', 'The user being used for the chat'),
	(6615, 1, 'p58ca6c4362d2e', 'Der Benutzer, der für den Chat verwendet wird'),
	(6616, 4, 'p58ca6c2aa30c4', 'Vmoso user'),
	(6617, 3, 'p58ca6c2aa30c4', 'Vmoso user'),
	(6618, 2, 'p58ca6c2aa30c4', 'Vmoso user'),
	(6619, 1, 'p58ca6c2aa30c4', 'Vmoso-Benutzer'),
	(6620, 4, 'p58ca6c1da21bf', 'The remote server for the connection'),
	(6621, 3, 'p58ca6c1da21bf', 'The remote server for the connection'),
	(6622, 2, 'p58ca6c1da21bf', 'The remote server for the connection'),
	(6623, 1, 'p58ca6c1da21bf', 'Der Remote-Server für die Verbindung'),
	(6624, 4, 'p58ca6c034cc2a', 'Vmoso server'),
	(6625, 3, 'p58ca6c034cc2a', 'Vmoso server'),
	(6626, 2, 'p58ca6c034cc2a', 'Vmoso server'),
	(6627, 1, 'p58ca6c034cc2a', 'Vmoso-Server'),
	(6628, 4, 'p58cff870239b8', 'Click here to load older messages.'),
	(6629, 3, 'p58cff870239b8', 'Click here to load older messages.'),
	(6630, 2, 'p58cff870239b8', 'Click here to load older messages.'),
	(6631, 1, 'p58cff870239b8', 'Hier klicken, um ältere Nachrichten zu laden.'),
	(6632, 4, 'p58cbd16d3f05e', 'Support chat with %userFrontendName, %timeAndDate'),
	(6633, 3, 'p58cbd16d3f05e', 'Support chat with %userFrontendName, %timeAndDate'),
	(6634, 2, 'p58cbd16d3f05e', 'Support chat with %userFrontendName, %timeAndDate'),
	(6635, 1, 'p58cbd16d3f05e', 'Support-Chat mit %userFrontendName vom %timeAndDate'),
	(6636, 4, 'p58d11e019564c', 'Email addresses of the Vmoso users handling the live chat.'),
	(6637, 3, 'p58d11e019564c', 'Email addresses of the Vmoso users handling the live chat.'),
	(6638, 2, 'p58d11e019564c', 'Email addresses of the Vmoso users handling the live chat.'),
	(6639, 1, 'p58d11e019564c', 'E-Mail-Adressen der Vmoso-Benutzer, die den Live-Chat bearbeiten.'),
	(6640, 4, 'p58d11d8f3876a', 'Chat recipients (Vmoso accounts)'),
	(6641, 3, 'p58d11d8f3876a', 'Chat recipients (Vmoso accounts)'),
	(6642, 2, 'p58d11d8f3876a', 'Chat recipients (Vmoso accounts)'),
	(6643, 1, 'p58d11d8f3876a', 'Chat-Empfänger (Vmoso-Accounts)'),
	(6644, 4, 'p58d2c4b289027', 'Tomorrow'),
	(6645, 3, 'p58d2c4b289027', 'Demain'),
	(6646, 2, 'p58d2c4b289027', 'Tomorrow'),
	(6647, 1, 'p58d2c4b289027', 'Morgen'),
	(6648, 4, 'p58d2c4a2b292d', 'Yesterday'),
	(6649, 3, 'p58d2c4a2b292d', 'Yesterday'),
	(6650, 2, 'p58d2c4a2b292d', 'Yesterday'),
	(6651, 1, 'p58d2c4a2b292d', 'Gestern'),
	(6652, 4, 'p58d2c48c7f554', 'Today'),
	(6653, 3, 'p58d2c48c7f554', 'Today'),
	(6654, 2, 'p58d2c48c7f554', 'Today'),
	(6655, 1, 'p58d2c48c7f554', 'Heute'),
	(6656, 4, 'p58d2c2c62e690', 'Whenever you start a new chat, \nyour messages will be stored and can be viewed again right here.'),
	(6657, 3, 'p58d2c2c62e690', 'Whenever you start a new chat, \nyour messages will be stored and can be viewed again right here.'),
	(6658, 2, 'p58d2c2c62e690', 'Whenever you start a new chat, \nyour messages will be stored and can be viewed again right here.'),
	(6659, 1, 'p58d2c2c62e690', 'Wenn Sie einen neuen Chat starten, \nwerden Ihre Nachrichten gespeichert und sind an dieser Stelle weiterhin einsichtbar.'),
	(6660, 4, 'p58d2c2711bcbe', 'Chat archive'),
	(6661, 3, 'p58d2c2711bcbe', 'Chat archive'),
	(6662, 2, 'p58d2c2711bcbe', 'Chat archive'),
	(6663, 1, 'p58d2c2711bcbe', 'Chat-Archiv'),
	(6664, 4, 'p58d2cf02ca425', 'Messages loaded.'),
	(6665, 3, 'p58d2cf02ca425', 'Messages loaded.'),
	(6666, 2, 'p58d2cf02ca425', 'Messages loaded.'),
	(6667, 1, 'p58d2cf02ca425', 'Nachrichten geladen.'),
	(6668, 4, 'p58d3fcd87006d', 'To the live chat'),
	(6669, 3, 'p58d3fcd87006d', 'To the live chat'),
	(6670, 2, 'p58d3fcd87006d', 'To the live chat'),
	(6671, 1, 'p58d3fcd87006d', 'Zum Live-Chat'),
	(6672, 4, 'p58d3fb8249c4e', 'Live chat'),
	(6673, 3, 'p58d3fb8249c4e', 'Live chat'),
	(6674, 2, 'p58d3fb8249c4e', 'Live chat'),
	(6675, 1, 'p58d3fb8249c4e', 'Live-Chat'),
	(6676, 4, 'p58d3f06c9369b', 'archived messages'),
	(6677, 3, 'p58d3f06c9369b', 'archived messages'),
	(6678, 2, 'p58d3f06c9369b', 'archived messages'),
	(6679, 1, 'p58d3f06c9369b', 'archivierte Nachrichten'),
	(6680, 4, 'p58d3ea7a2b99f', 'Chat from %1'),
	(6681, 3, 'p58d3ea7a2b99f', 'Chat from %1'),
	(6682, 2, 'p58d3ea7a2b99f', 'Chat from %1'),
	(6683, 1, 'p58d3ea7a2b99f', 'Chat vom %1'),
	(6684, 1, 'p58ac77264f734', 'Fallback: Standard-Titel für neue Termine (Frontend &amp; Backend)'),
	(6685, 2, 'p58ac77264f734', 'Fallback: Default title for new appointments (frontend &amp; backend)'),
	(6686, 3, 'p58ac77264f734', 'Fallback: Default title for new appointments (frontend &amp; backend)'),
	(6687, 4, 'p58ac77264f734', 'Fallback: Default title for new appointments (frontend &amp; backend)'),
	(6688, 1, 'p57f381721cab9', 'Unbegrenzt'),
	(6689, 2, 'p57f381721cab9', 'Unlimited'),
	(6690, 3, 'p57f381721cab9', 'Unlimited'),
	(6691, 4, 'p57f381721cab9', 'Unlimited'),
	(6692, 1, 'p57f5199a11493', 'Dieser Termin ist leider bereits ausgebucht.'),
	(6693, 2, 'p57f5199a11493', 'Sorry, this appointment is already booked out.'),
	(6694, 3, 'p57f5199a11493', 'Sorry, this appointment is already booked out.'),
	(6695, 4, 'p57f5199a11493', 'Sorry, this appointment is already booked out.'),
	(6696, 4, 'p58da6ce165980', 'If activated, this user may manage the bookable times also for other users.'),
	(6697, 3, 'p58da6ce165980', 'If activated, this user may manage the bookable times also for other users.'),
	(6698, 2, 'p58da6ce165980', 'If activated, this user may manage the bookable times also for other users.'),
	(6699, 1, 'p58da6ce165980', 'Wenn aktiviert, kann dieser Benutzer die buchbaren Zeiten auch für andere Benutzer verwalten.'),
	(6700, 4, 'p58da6c8c02cd1', 'Can manage bookable times for all users'),
	(6701, 3, 'p58da6c8c02cd1', 'Can manage bookable times for all users'),
	(6702, 2, 'p58da6c8c02cd1', 'Can manage bookable times for all users'),
	(6703, 1, 'p58da6c8c02cd1', 'Darf buchbare Zeiten für alle Benutzer verwalten'),
	(6704, 4, 'p58da85949bc31', 'Show bookable times for these users:'),
	(6705, 3, 'p58da85949bc31', 'Show bookable times for these users:'),
	(6706, 2, 'p58da85949bc31', 'Show bookable times for these users:'),
	(6707, 1, 'p58da85949bc31', 'Buchbare Zeiten für diese Benutzer anzeigen:'),
	(6708, 4, 'p58e2349f161ca', 'Modern'),
	(6709, 3, 'p58e2349f161ca', 'Modern'),
	(6710, 2, 'p58e2349f161ca', 'Modern'),
	(6711, 1, 'p58e2349f161ca', 'Modern'),
	(6712, 4, 'p58e23497364d5', 'Technical'),
	(6713, 3, 'p58e23497364d5', 'Technical'),
	(6714, 2, 'p58e23497364d5', 'Technical'),
	(6715, 1, 'p58e23497364d5', 'Technisch'),
	(6716, 4, 'p58e233cccabbc', 'How should the chat be displayed?'),
	(6717, 3, 'p58e233cccabbc', 'How should the chat be displayed?'),
	(6718, 2, 'p58e233cccabbc', 'How should the chat be displayed?'),
	(6719, 1, 'p58e233cccabbc', 'Wie wird der Chat dargestellt?'),
	(6720, 4, 'p58e233b6dc52b', 'Layout for the chat'),
	(6721, 3, 'p58e233b6dc52b', 'Layout for the chat'),
	(6722, 2, 'p58e233b6dc52b', 'Layout for the chat'),
	(6723, 1, 'p58e233b6dc52b', 'Layout für den Chat'),
	(6724, 4, 'p58e2338c92671', 'To start with, the default layout is selected'),
	(6725, 3, 'p58e2338c92671', 'To start with, the default layout is selected'),
	(6726, 2, 'p58e2338c92671', 'To start with, the default layout is selected'),
	(6727, 1, 'p58e2338c92671', 'Zu Beginn ist immer das definierte Standard-Layout ausgewählt'),
	(6728, 4, 'p58e23360065aa', 'Users may pick the chat layout themselves'),
	(6729, 3, 'p58e23360065aa', 'Users may pick the chat layout themselves'),
	(6730, 2, 'p58e23360065aa', 'Users may pick the chat layout themselves'),
	(6731, 1, 'p58e23360065aa', 'Benutzer dürfen Chat-Layout selbst wählen'),
	(6732, 4, 'p58e232fa90dce', 'How should the chat be displayed by default?'),
	(6733, 3, 'p58e232fa90dce', 'How should the chat be displayed by default?'),
	(6734, 2, 'p58e232fa90dce', 'How should the chat be displayed by default?'),
	(6735, 1, 'p58e232fa90dce', 'Wie soll der Chat standardmäßig für das System dargestellt werden?'),
	(6736, 4, 'p58e232d929540', 'Default layout for the chat'),
	(6737, 3, 'p58e232d929540', 'Default layout for the chat'),
	(6738, 2, 'p58e232d929540', 'Default layout for the chat'),
	(6739, 1, 'p58e232d929540', 'Standard-Layout für den Chat'),
	(6740, 4, 'p58e239fbc1d70', 'Live chat settings'),
	(6741, 3, 'p58e239fbc1d70', 'Live chat settings'),
	(6742, 2, 'p58e239fbc1d70', 'Live chat settings'),
	(6743, 1, 'p58e239fbc1d70', 'Live Chat Einstellungen'),
	(6744, 4, 'p58e3ecb3c22b1', 'Information about the password'),
	(6745, 3, 'p58e3ecb3c22b1', 'Information about the password'),
	(6746, 2, 'p58e3ecb3c22b1', 'Information about the password'),
	(6747, 1, 'p58e3ecb3c22b1', 'Hinweise zum Passwort'),
	(6748, 4, 'p58e3ec69578d8', 'Mandatory field'),
	(6749, 3, 'p58e3ec69578d8', 'Mandatory field'),
	(6750, 2, 'p58e3ec69578d8', 'Mandatory field'),
	(6751, 1, 'p58e3ec69578d8', 'Pflichtfeld'),
	(6752, 4, 'p58eb877a506fc', 'Other groups that the members can see'),
	(6753, 3, 'p58eb877a506fc', 'Other groups that the members can see'),
	(6754, 2, 'p58eb877a506fc', 'Other groups that the members can see'),
	(6755, 1, 'p58eb877a506fc', 'Andere Gruppen, die die Mitglieder sehen können'),
	(6756, 4, 'p58eb8445e9d34', 'Delete group'),
	(6757, 3, 'p58eb8445e9d34', 'Delete group'),
	(6758, 2, 'p58eb8445e9d34', 'Delete group'),
	(6759, 1, 'p58eb8445e9d34', 'Gruppe löschen'),
	(6760, 4, 'p58eb84229f63d', 'Edit group'),
	(6761, 3, 'p58eb84229f63d', 'Edit group'),
	(6762, 2, 'p58eb84229f63d', 'Edit group'),
	(6763, 1, 'p58eb84229f63d', 'Gruppe bearbeiten'),
	(6764, 4, 'p58eb7da0af762', 'Group'),
	(6765, 3, 'p58eb7da0af762', 'Group'),
	(6766, 2, 'p58eb7da0af762', 'Group'),
	(6767, 1, 'p58eb7da0af762', 'Gruppe'),
	(6768, 4, 'p58eb7d6d8f7ab', 'List of groups'),
	(6769, 3, 'p58eb7d6d8f7ab', 'List of groups'),
	(6770, 2, 'p58eb7d6d8f7ab', 'List of groups'),
	(6771, 1, 'p58eb7d6d8f7ab', 'Liste der Gruppen'),
	(6772, 4, 'p58eb75d80f0f7', 'Edit group'),
	(6773, 3, 'p58eb75d80f0f7', 'Edit group'),
	(6774, 2, 'p58eb75d80f0f7', 'Edit group'),
	(6775, 1, 'p58eb75d80f0f7', 'Gruppe bearbeiten'),
	(6776, 4, 'p58eb75b7de6fa', 'New group'),
	(6777, 3, 'p58eb75b7de6fa', 'New group'),
	(6778, 2, 'p58eb75b7de6fa', 'New group'),
	(6779, 1, 'p58eb75b7de6fa', 'Neue Gruppe'),
	(6780, 4, 'p58eb6bb85159c', 'Backend user groups'),
	(6781, 3, 'p58eb6bb85159c', 'Backend user groups'),
	(6782, 2, 'p58eb6bb85159c', 'Backend user groups'),
	(6783, 1, 'p58eb6bb85159c', 'Backend-Benutzergruppen'),
	(6784, 4, 'p58ffc956964be', 'Split time'),
	(6785, 3, 'p58ffc956964be', 'Split time'),
	(6786, 2, 'p58ffc956964be', 'Split time'),
	(6787, 1, 'p58ffc956964be', 'Split-Zeit'),
	(6788, 4, 'p58f714011cfb8', 'Details - Block %1 of %2 - %3'),
	(6789, 3, 'p58f714011cfb8', 'Details - Block %1 of %2 - %3'),
	(6790, 2, 'p58f714011cfb8', 'Details - Block %1 of %2 - %3'),
	(6791, 1, 'p58f714011cfb8', 'Details - Block %1 von %2 - %3'),
	(6792, 4, 'p58f3c5e142ee2', 'Block #%1'),
	(6793, 3, 'p58f3c5e142ee2', 'Block #%1'),
	(6794, 2, 'p58f3c5e142ee2', 'Block #%1'),
	(6795, 1, 'p58f3c5e142ee2', 'Block #%1'),
	(6796, 4, 'p58f3c3bb4f2c2', 'Previous block'),
	(6797, 3, 'p58f3c3bb4f2c2', 'Previous block'),
	(6798, 2, 'p58f3c3bb4f2c2', 'Previous block'),
	(6799, 1, 'p58f3c3bb4f2c2', 'Vorheriger Block'),
	(6800, 4, 'p58f3c1fff40e4', 'Next block'),
	(6801, 3, 'p58f3c1fff40e4', 'Next block'),
	(6802, 2, 'p58f3c1fff40e4', 'Next block'),
	(6803, 1, 'p58f3c1fff40e4', 'Nächster Block'),
	(6804, 4, 'p5901018688cd7', 'Bookable on these weekdays:'),
	(6805, 3, 'p5901018688cd7', 'Bookable on these weekdays:'),
	(6806, 2, 'p5901018688cd7', 'Bookable on these weekdays:'),
	(6807, 1, 'p5901018688cd7', 'An diesen Wochentagen buchbar:'),
	(6808, 4, 'p5901124935691', 'Sorry, this can not be booked on this day of the week.'),
	(6809, 3, 'p5901124935691', 'Sorry, this can not be booked on this day of the week.'),
	(6810, 2, 'p5901124935691', 'Sorry, this can not be booked on this day of the week.'),
	(6811, 1, 'p5901124935691', 'Entschuldigung, das kann an diesem Wochentag leider nicht gebucht werden.'),
	(6812, 4, 'p59011423242fc', 'Possible:'),
	(6813, 3, 'p59011423242fc', 'Possible:'),
	(6814, 2, 'p59011423242fc', 'Possible:'),
	(6815, 1, 'p59011423242fc', 'Möglich:'),
	(6816, 1, 'p575ecd73e388e', 'Auswahl-Feld'),
	(6817, 2, 'p575ecd73e388e', 'Select field'),
	(6818, 3, 'p575ecd73e388e', 'Select field'),
	(6819, 4, 'p575ecd73e388e', 'Select field'),
	(6820, 4, 'p590b21910d996', '%1 associated users'),
	(6821, 3, 'p590b21910d996', '%1 associated users'),
	(6822, 2, 'p590b21910d996', '%1 associated users'),
	(6823, 1, 'p590b21910d996', '%1 zugewiesene Benutzer'),
	(6824, 4, 'p591b28a1a5ca8', 'The profile image is publicly visible.'),
	(6825, 3, 'p591b28a1a5ca8', 'The profile image is publicly visible.'),
	(6826, 2, 'p591b28a1a5ca8', 'The profile image is publicly visible.'),
	(6827, 1, 'p591b28a1a5ca8', 'Das Profilbild ist öffentlich sichtbar.'),
	(6828, 4, 'p591b287ccb77c', 'Profile image'),
	(6829, 3, 'p591b287ccb77c', 'Profile image'),
	(6830, 2, 'p591b287ccb77c', 'Profile image'),
	(6831, 1, 'p591b287ccb77c', 'Profilbild'),
	(6832, 4, 'p59246cef988c7', 'Sender'),
	(6833, 3, 'p59246cef988c7', 'Sender'),
	(6834, 2, 'p59246cef988c7', 'Sender'),
	(6835, 1, 'p59246cef988c7', 'Absender'),
	(6836, 4, 'p5924588aaf696', 'Send an email'),
	(6837, 3, 'p5924588aaf696', 'Send an email'),
	(6838, 2, 'p5924588aaf696', 'Send an email'),
	(6839, 1, 'p5924588aaf696', 'E-Mail versenden'),
	(6840, 4, 'p5925bfc87b45d', 'Your calendar entry with "%sendingUserFrontendFullName" has just been edited.'),
	(6841, 3, 'p5925bfc87b45d', 'Your calendar entry with "%sendingUserFrontendFullName" has just been edited.'),
	(6842, 2, 'p5925bfc87b45d', 'Your calendar entry with "%sendingUserFrontendFullName" has just been edited.'),
	(6843, 1, 'p5925bfc87b45d', 'Ihr Kalendereintrag mit "%sendingUserFrontendFullName" wurde soeben bearbeitet.'),
	(6844, 4, 'p5925bf5de6bab', 'The user "%sendingUserFullName" has edited your calendar entry.'),
	(6845, 3, 'p5925bf5de6bab', 'The user "%sendingUserFullName" has edited your calendar entry.'),
	(6846, 2, 'p5925bf5de6bab', 'The user "%sendingUserFullName" has edited your calendar entry.'),
	(6847, 1, 'p5925bf5de6bab', 'Der Benutzer "%sendingUserFullName" hat Ihren Kalendereintrag bearbeitet.'),
	(6848, 4, 'p5925bd669bdd7', 'Your calendar entry has been edited!'),
	(6849, 3, 'p5925bd669bdd7', 'Your calendar entry has been edited!'),
	(6850, 2, 'p5925bd669bdd7', 'Your calendar entry has been edited!'),
	(6851, 1, 'p5925bd669bdd7', 'Ihr Kalendereintrag wurde bearbeitet!'),
	(6852, 4, 'p592c40ed01fc6', 'Backend chat'),
	(6853, 3, 'p592c40ed01fc6', 'Backend chat'),
	(6854, 2, 'p592c40ed01fc6', 'Backend chat'),
	(6855, 1, 'p592c40ed01fc6', 'Backend-Chat'),
	(6856, 4, 'p592da23a9c1c2', 'Start a new chat or open an existing one to begin communicating.'),
	(6857, 3, 'p592da23a9c1c2', 'Start a new chat or open an existing one to begin communicating.'),
	(6858, 2, 'p592da23a9c1c2', 'Start a new chat or open an existing one to begin communicating.'),
	(6859, 1, 'p592da23a9c1c2', 'Starten Sie einen neuen oder öffnen Sie einen bestehenden Chat, um zu kommunizieren.'),
	(6860, 4, 'p59442dbec9549', 'Invaldi Vmoso user data.'),
	(6861, 3, 'p59442dbec9549', 'Invaldi Vmoso user data.'),
	(6862, 2, 'p59442dbec9549', 'Invaldi Vmoso user data.'),
	(6863, 1, 'p59442dbec9549', 'Ungültige Vmoso-Benutzerdaten.'),
	(6864, 4, 'p594698c45d99a', 'Updated'),
	(6865, 3, 'p594698c45d99a', 'Updated'),
	(6866, 2, 'p594698c45d99a', 'Updated'),
	(6867, 1, 'p594698c45d99a', 'Aktualisiert'),
	(6868, 4, 'p594be84853b32', 'Vmoso User Key'),
	(6869, 3, 'p594be84853b32', 'Vmoso User Key'),
	(6870, 2, 'p594be84853b32', 'Vmoso User Key'),
	(6871, 1, 'p594be84853b32', 'Vmoso User Key'),
	(6872, 4, 'p594fd75727a86', '%1 participants:'),
	(6873, 3, 'p594fd75727a86', '%1 participants:'),
	(6874, 2, 'p594fd75727a86', '%1 participants:'),
	(6875, 1, 'p594fd75727a86', '%1 Teilnehmer:'),
	(6876, 4, 'p5954182f0f509', 'The chat has been created, you may now send messages.'),
	(6877, 3, 'p5954182f0f509', 'The chat has been created, you may now send messages.'),
	(6878, 2, 'p5954182f0f509', 'The chat has been created, you may now send messages.'),
	(6879, 1, 'p5954182f0f509', 'Der Chat wurde erstellt, Sie können nun Nachrichten senden.'),
	(6880, 4, 'p59540f3709ce6', 'Invalid participant list.'),
	(6881, 3, 'p59540f3709ce6', 'Invalid participant list.'),
	(6882, 2, 'p59540f3709ce6', 'Invalid participant list.'),
	(6883, 1, 'p59540f3709ce6', 'Ungültige Teilnehmerliste.'),
	(6884, 4, 'p59540bf57f1c5', 'Start chat'),
	(6885, 3, 'p59540bf57f1c5', 'Start chat'),
	(6886, 2, 'p59540bf57f1c5', 'Start chat'),
	(6887, 1, 'p59540bf57f1c5', 'Chat starten'),
	(6888, 4, 'p595409cc7869d', 'Participants'),
	(6889, 3, 'p595409cc7869d', 'Participants'),
	(6890, 2, 'p595409cc7869d', 'Participants'),
	(6891, 1, 'p595409cc7869d', 'Teilnehmer'),
	(6892, 4, 'p59540365579f9', 'New chat'),
	(6893, 3, 'p59540365579f9', 'New chat'),
	(6894, 2, 'p59540365579f9', 'New chat'),
	(6895, 1, 'p59540365579f9', 'Neuer Chat'),
	(6896, 4, 'p596108df48e4b', 'Is the righthand menu currently closed for this user?'),
	(6897, 3, 'p596108df48e4b', 'Is the righthand menu currently closed for this user?'),
	(6898, 2, 'p596108df48e4b', 'Is the righthand menu currently closed for this user?'),
	(6899, 1, 'p596108df48e4b', 'Ist das rechte Menü für diesen Benutzer momentan geschlossen?'),
	(6900, 4, 'p5962a4ec52d93', 'Weekly and daily views: Show users\' first names instead of shortcuts'),
	(6901, 3, 'p5962a4ec52d93', 'Weekly and daily views: Show users\' first names instead of shortcuts'),
	(6902, 2, 'p5962a4ec52d93', 'Weekly and daily views: Show users\' first names instead of shortcuts'),
	(6903, 1, 'p5962a4ec52d93', 'Wöchentliche und tägliche Ansicht: Vornamen statt Kürzel der Benutzer anzeigen'),
	(6904, 4, 'p5962a42c5aae3', 'Daily view: Show all users in one view'),
	(6905, 3, 'p5962a42c5aae3', 'Daily view: Show all users in one view'),
	(6906, 2, 'p5962a42c5aae3', 'Daily view: Show all users in one view'),
	(6907, 1, 'p5962a42c5aae3', 'Tagesansicht: Alle Benutzer auf einen Blick anzeigen'),
	(6908, 4, 'p5962ab548f2b0', 'Weekly and daily views: Hide the users\' colors / profile images in the header'),
	(6909, 3, 'p5962ab548f2b0', 'Weekly and daily views: Hide the users\' colors / profile images  in the header'),
	(6910, 2, 'p5962ab548f2b0', 'Weekly and daily views: Hide the users\' colors / profile images  in the header'),
	(6911, 1, 'p5962ab548f2b0', 'Wöchentliche und tägliche Ansicht: Benutzerfarben / Profilbilder in der Kopfzeile ausblenden'),
	(6912, 4, 'p5962bb1459d74', 'Automatically jump back to "today" after saving an entry'),
	(6913, 3, 'p5962bb1459d74', 'Automatically jump back to "today" after saving an entry'),
	(6914, 2, 'p5962bb1459d74', 'Automatically jump back to "today" after saving an entry'),
	(6915, 1, 'p5962bb1459d74', 'Nach dem Speichern automatisch zurück zu "Heute" springen'),
	(6916, 4, 'p596a53926c54d', 'For a specific gender:'),
	(6917, 3, 'p596a53926c54d', 'For a specific gender:'),
	(6918, 2, 'p596a53926c54d', 'For a specific gender:'),
	(6919, 1, 'p596a53926c54d', 'Für spezifisches Geschlecht:'),
	(6920, 4, 'p596a5b13b4c08', 'Show only the areas that match the selected customer\'s gender.'),
	(6921, 3, 'p596a5b13b4c08', 'Show only the areas that match the selected customer\'s gender.'),
	(6922, 2, 'p596a5b13b4c08', 'Show only the areas that match the selected customer\'s gender.'),
	(6923, 1, 'p596a5b13b4c08', 'Nur Leistungen anzeigen, die für das Geschlecht des Kunden zutreffen.'),
	(6924, 4, 'p596bce6340c9a', 'Propose only those users who are available at the time of the appointment'),
	(6925, 3, 'p596bce6340c9a', 'Propose only those users who are available at the time of the appointment'),
	(6926, 2, 'p596bce6340c9a', 'Propose only those users who are available at the time of the appointment'),
	(6927, 1, 'p596bce6340c9a', 'Nur Benutzer vorschlagen, die zur Zeit des Termins verfügbar sind'),
	(6928, 4, 'p596bde41e46cb', 'Global, all users'),
	(6929, 3, 'p596bde41e46cb', 'Global, all users'),
	(6930, 2, 'p596bde41e46cb', 'Global, all users'),
	(6931, 1, 'p596bde41e46cb', 'Global, alle Benutzer'),
	(6932, 4, 'p5991a9411b1f7', 'Don\'t show and disable selection in the frontend'),
	(6933, 3, 'p5991a9411b1f7', 'Don\'t show and disable selection in the frontend'),
	(6934, 2, 'p5991a9411b1f7', 'Don\'t show and disable selection in the frontend'),
	(6935, 1, 'p5991a9411b1f7', 'Nicht im Frontend zur Auswahl anzeigen'),
	(6936, 4, 'p59b7d543bebc7', 'Groups'),
	(6937, 3, 'p59b7d543bebc7', 'Groups'),
	(6938, 2, 'p59b7d543bebc7', 'Groups'),
	(6939, 1, 'p59b7d543bebc7', 'Gruppen'),
	(6940, 4, 'p59b7dfff77c00', 'Included areas'),
	(6941, 3, 'p59b7dfff77c00', 'Included areas'),
	(6942, 2, 'p59b7dfff77c00', 'Included areas'),
	(6943, 1, 'p59b7dfff77c00', 'Enthaltene Bereiche'),
	(6944, 4, 'p59b7dd2664eed', 'Delete group'),
	(6945, 3, 'p59b7dd2664eed', 'Delete group'),
	(6946, 2, 'p59b7dd2664eed', 'Delete group'),
	(6947, 1, 'p59b7dd2664eed', 'Gruppe löschen'),
	(6948, 4, 'p59b7dd0b77d77', 'Edit group'),
	(6949, 3, 'p59b7dd0b77d77', 'Edit group'),
	(6950, 2, 'p59b7dd0b77d77', 'Edit group'),
	(6951, 1, 'p59b7dd0b77d77', 'Gruppe bearbeiten'),
	(6952, 4, 'p59b7dccece1f1', 'Included areas: '),
	(6953, 3, 'p59b7dccece1f1', 'Included areas: '),
	(6954, 2, 'p59b7dccece1f1', 'Included areas: '),
	(6955, 1, 'p59b7dccece1f1', 'Enthaltene Bereiche: '),
	(6956, 4, 'p59b7dca7bfe6b', 'No areas included'),
	(6957, 3, 'p59b7dca7bfe6b', 'No areas included'),
	(6958, 2, 'p59b7dca7bfe6b', 'No areas included'),
	(6959, 1, 'p59b7dca7bfe6b', 'Keine Bereiche enthalten'),
	(6960, 4, 'p59b7da0749397', 'Edit group'),
	(6961, 3, 'p59b7da0749397', 'Edit group'),
	(6962, 2, 'p59b7da0749397', 'Edit group'),
	(6963, 1, 'p59b7da0749397', 'Gruppe bearbeiten'),
	(6964, 4, 'p59b7d9edcca80', 'New group'),
	(6965, 3, 'p59b7d9edcca80', 'New group'),
	(6966, 2, 'p59b7d9edcca80', 'New group'),
	(6967, 1, 'p59b7d9edcca80', 'Neue Gruppe'),
	(6968, 4, 'p59ba7a0d156f8', 'Area group filter'),
	(6969, 3, 'p59ba7a0d156f8', 'Area group filter'),
	(6970, 2, 'p59ba7a0d156f8', 'Area group filter'),
	(6971, 1, 'p59ba7a0d156f8', 'Bereich-Gruppen-Filter'),
	(6972, 4, 'p59ba88bc6b253', 'Areas of which group should be displayed?'),
	(6973, 3, 'p59ba88bc6b253', 'Areas of which group should be displayed?'),
	(6974, 2, 'p59ba88bc6b253', 'Areas of which group should be displayed?'),
	(6975, 1, 'p59ba88bc6b253', 'Bereiche welcher Gruppe sollen angezeigt werden?'),
	(6976, 4, 'p59c15784440f1', 'All groups'),
	(6977, 3, 'p59c15784440f1', 'All groups'),
	(6978, 2, 'p59c15784440f1', 'All groups'),
	(6979, 1, 'p59c15784440f1', 'Alle Gruppen'),
	(6980, 4, 'p59c1588d7664b', 'Filter by group'),
	(6981, 3, 'p59c1588d7664b', 'Filter by group'),
	(6982, 2, 'p59c1588d7664b', 'Filter by group'),
	(6983, 1, 'p59c1588d7664b', 'Nach Gruppe filtern'),
	(6984, 4, 'p59c2fc4a05006', 'Data merging activated'),
	(6985, 3, 'p59c2fc4a05006', 'Data merging activated'),
	(6986, 2, 'p59c2fc4a05006', 'Data merging activated'),
	(6987, 1, 'p59c2fc4a05006', 'Datensatz-Merging aktiviert'),
	(6988, 4, 'p59c15784440f1', 'All groups'),
	(6989, 3, 'p59c15784440f1', 'All groups'),
	(6990, 2, 'p59c15784440f1', 'All groups'),
	(6991, 1, 'p59c15784440f1', 'Alle Gruppen'),
	(6992, 4, 'p59c1588d7664b', 'Filter by group'),
	(6993, 3, 'p59c1588d7664b', 'Filter by group'),
	(6994, 2, 'p59c1588d7664b', 'Filter by group'),
	(6995, 1, 'p59c1588d7664b', 'Nach Gruppe filtern'),
	(6996, 4, 'p59c2fc4a05006', 'Data merging activated'),
	(6997, 3, 'p59c2fc4a05006', 'Data merging activated'),
	(6998, 2, 'p59c2fc4a05006', 'Data merging activated'),
	(6999, 1, 'p59c2fc4a05006', 'Datensatz-Merging aktiviert'),
	(7000, 4, 'p59c4047f8c9b9', 'Pick two data sets from the list which you want to merge into one single data set.'),
	(7001, 3, 'p59c4047f8c9b9', 'Pick two data sets from the list which you want to merge into one single data set.'),
	(7002, 2, 'p59c4047f8c9b9', 'Pick two data sets from the list which you want to merge into one single data set.'),
	(7003, 1, 'p59c4047f8c9b9', 'Wählen Sie zwei Datensätze in der Liste, die Sie zu einem einzelnen Datensatz zusammenführen möchten.'),
	(7004, 4, 'p59c4044767c46', 'Data merging'),
	(7005, 3, 'p59c4044767c46', 'Data merging'),
	(7006, 2, 'p59c4044767c46', 'Data merging'),
	(7007, 1, 'p59c4044767c46', 'Datensatz Merging'),
	(7008, 4, 'p59c405dee0252', 'Data set'),
	(7009, 3, 'p59c405dee0252', 'Data set'),
	(7010, 2, 'p59c405dee0252', 'Data set'),
	(7011, 1, 'p59c405dee0252', 'Datensatz'),
	(7012, 4, 'p59c4079f9942f', 'Merge'),
	(7013, 3, 'p59c4079f9942f', 'Merge'),
	(7014, 2, 'p59c4079f9942f', 'Merge'),
	(7015, 1, 'p59c4079f9942f', 'Zusammenführen'),
	(7016, 4, 'p59c407cd1691b', 'Validate'),
	(7017, 3, 'p59c407cd1691b', 'Validate'),
	(7018, 2, 'p59c407cd1691b', 'Validate'),
	(7019, 1, 'p59c407cd1691b', 'Überprüfen'),
	(7020, 4, 'p59c4090242879', 'Pick for merging'),
	(7021, 3, 'p59c4090242879', 'Pick for merging'),
	(7022, 2, 'p59c4090242879', 'Pick for merging'),
	(7023, 1, 'p59c4090242879', 'Für Merging auswählen'),
	(7024, 4, 'p59c50429707fc', 'Calendar entries'),
	(7025, 3, 'p59c50429707fc', 'Calendar entries'),
	(7026, 2, 'p59c50429707fc', 'Calendar entries'),
	(7027, 1, 'p59c50429707fc', 'Kalender-Einträge'),
	(7028, 4, 'p59c50e1c6a933', 'New version'),
	(7029, 3, 'p59c50e1c6a933', 'New version'),
	(7030, 2, 'p59c50e1c6a933', 'New version'),
	(7031, 1, 'p59c50e1c6a933', 'Neue Version'),
	(7032, 4, 'p59c50dd55cd6c', 'Version'),
	(7033, 3, 'p59c50dd55cd6c', 'Version'),
	(7034, 2, 'p59c50dd55cd6c', 'Version'),
	(7035, 1, 'p59c50dd55cd6c', 'Version'),
	(7036, 4, 'p59c5196f52257', 'Take over from version %1'),
	(7037, 3, 'p59c5196f52257', 'Take over from version %1'),
	(7038, 2, 'p59c5196f52257', 'Take over from version %1'),
	(7039, 1, 'p59c5196f52257', 'Von Version %1 übernehmen'),
	(7040, 4, 'p59c524c7eb796', 'The merge was not successful, an error occured.'),
	(7041, 3, 'p59c524c7eb796', 'The merge was not successful, an error occured.'),
	(7042, 2, 'p59c524c7eb796', 'The merge was not successful, an error occured.'),
	(7043, 1, 'p59c524c7eb796', 'Die Zusammenführung warf einen Fehler auf.'),
	(7044, 4, 'p59c524a39d6ba', 'Merge successful.'),
	(7045, 3, 'p59c524a39d6ba', 'Merge successful.'),
	(7046, 2, 'p59c524a39d6ba', 'Merge successful.'),
	(7047, 1, 'p59c524a39d6ba', 'Zusammenführung erfolgreich.'),
	(7048, 4, 'p59d241b38976b', 'The specified frontend user is not a participant of this calendar entry!'),
	(7049, 3, 'p59d241b38976b', 'The specified frontend user is not a participant of this calendar entry!'),
	(7050, 2, 'p59d241b38976b', 'The specified frontend user is not a participant of this calendar entry!'),
	(7051, 1, 'p59d241b38976b', 'Der angegebene Frontend-Benutzer ist kein Teilnehmer dieses Kalendereintrags!'),
	(7052, 4, 'p59d244270472b', 'Export entry'),
	(7053, 3, 'p59d244270472b', 'Export entry'),
	(7054, 2, 'p59d244270472b', 'Export entry'),
	(7055, 1, 'p59d244270472b', 'Eintrag exportieren'),
	(7056, 4, 'p59ddeb1f1edab', 'Sandbox mode activated'),
	(7057, 3, 'p59ddeb1f1edab', 'Sandbox mode activated'),
	(7058, 2, 'p59ddeb1f1edab', 'Sandbox mode activated'),
	(7059, 1, 'p59ddeb1f1edab', 'Sandbox-Modus aktiviert'),
	(7060, 4, 'p59ddeaed2ff2c', 'Client Secret (Sandbox)'),
	(7061, 3, 'p59ddeaed2ff2c', 'Client Secret (Sandbox)'),
	(7062, 2, 'p59ddeaed2ff2c', 'Client Secret (Sandbox)'),
	(7063, 1, 'p59ddeaed2ff2c', 'Client Secret (Sandbox)'),
	(7064, 4, 'p59ddeadeccd83', 'Client ID (Sandbox)'),
	(7065, 3, 'p59ddeadeccd83', 'Client ID (Sandbox)'),
	(7066, 2, 'p59ddeadeccd83', 'Client ID (Sandbox)'),
	(7067, 1, 'p59ddeadeccd83', 'Client ID (Sandbox)'),
	(7068, 4, 'p59ddead429c3b', 'Client Secret'),
	(7069, 3, 'p59ddead429c3b', 'Client Secret'),
	(7070, 2, 'p59ddead429c3b', 'Client Secret'),
	(7071, 1, 'p59ddead429c3b', 'Client Secret'),
	(7072, 4, 'p59ddeac848460', 'Client ID'),
	(7073, 3, 'p59ddeac848460', 'Client ID'),
	(7074, 2, 'p59ddeac848460', 'Client ID'),
	(7075, 1, 'p59ddeac848460', 'Client ID'),
	(7076, 4, 'p59dde99bc7d89', 'PayPal'),
	(7077, 3, 'p59dde99bc7d89', 'PayPal'),
	(7078, 2, 'p59dde99bc7d89', 'PayPal'),
	(7079, 1, 'p59dde99bc7d89', 'PayPal'),
	(7080, 4, 'p59e671ca22b5a', 'Appointment booking'),
	(7081, 3, 'p59e671ca22b5a', 'Appointment booking'),
	(7082, 2, 'p59e671ca22b5a', 'Appointment booking'),
	(7083, 1, 'p59e671ca22b5a', 'Terminbuchung'),
	(7084, 4, 'p59e66fb9185f4', 'Canceled'),
	(7085, 3, 'p59e66fb9185f4', 'Canceled'),
	(7086, 2, 'p59e66fb9185f4', 'Canceled'),
	(7087, 1, 'p59e66fb9185f4', 'Abgebrochen'),
	(7088, 4, 'p59e66faf1f97b', 'Invalid'),
	(7089, 3, 'p59e66faf1f97b', 'Invalid'),
	(7090, 2, 'p59e66faf1f97b', 'Invalid'),
	(7091, 1, 'p59e66faf1f97b', 'Ungültig'),
	(7092, 4, 'p59e66fa0b3db5', 'Successful'),
	(7093, 3, 'p59e66fa0b3db5', 'Successful'),
	(7094, 2, 'p59e66fa0b3db5', 'Successful'),
	(7095, 1, 'p59e66fa0b3db5', 'Erfolgreich'),
	(7096, 4, 'p59e66d9aadefb', 'Delete transaction'),
	(7097, 3, 'p59e66d9aadefb', 'Delete transaction'),
	(7098, 2, 'p59e66d9aadefb', 'Delete transaction'),
	(7099, 1, 'p59e66d9aadefb', 'Transaktion löschen'),
	(7100, 4, 'p59e66d8b9900f', 'Edit transaction'),
	(7101, 3, 'p59e66d8b9900f', 'Edit transaction'),
	(7102, 2, 'p59e66d8b9900f', 'Edit transaction'),
	(7103, 1, 'p59e66d8b9900f', 'Transaktion bearbeiten'),
	(7104, 4, 'p59e66b1a2cdae', 'Transaction list'),
	(7105, 3, 'p59e66b1a2cdae', 'Transaction list'),
	(7106, 2, 'p59e66b1a2cdae', 'Transaction list'),
	(7107, 1, 'p59e66b1a2cdae', 'Transaktionsliste'),
	(7108, 4, 'p59e66abc002c2', 'Transactions'),
	(7109, 3, 'p59e66abc002c2', 'Transactions'),
	(7110, 2, 'p59e66abc002c2', 'Transactions'),
	(7111, 1, 'p59e66abc002c2', 'Transaktionen'),
	(7112, 4, 'p59e667a7df512', 'The transaction has been deleted.'),
	(7113, 3, 'p59e667a7df512', 'The transaction has been deleted.'),
	(7114, 2, 'p59e667a7df512', 'The transaction has been deleted.'),
	(7115, 1, 'p59e667a7df512', 'Die Transaktion wurde gelöscht.'),
	(7116, 4, 'p59e6678a51dbe', 'Do you really want to delete this transaction?'),
	(7117, 3, 'p59e6678a51dbe', 'Do you really want to delete this transaction?'),
	(7118, 2, 'p59e6678a51dbe', 'Do you really want to delete this transaction?'),
	(7119, 1, 'p59e6678a51dbe', 'Wollen Sie diese Transaktion wirklich löschen?'),
	(7120, 4, 'p59e66754137ec', 'Transaction saved successfully.'),
	(7121, 3, 'p59e66754137ec', 'Transaction saved successfully.'),
	(7122, 2, 'p59e66754137ec', 'Transaction saved successfully.'),
	(7123, 1, 'p59e66754137ec', 'Transaktion erfolgreich gespeichert.'),
	(7124, 4, 'p59e6664c7e8c5', 'PayPal transaction'),
	(7125, 3, 'p59e6664c7e8c5', 'PayPal transaction'),
	(7126, 2, 'p59e6664c7e8c5', 'PayPal transaction'),
	(7127, 1, 'p59e6664c7e8c5', 'PayPal-Transaktion'),
	(7128, 4, 'p59e7837db11e5', 'RUB - Russian ruble'),
	(7129, 3, 'p59e7837db11e5', 'RUB - Russian ruble'),
	(7130, 2, 'p59e7837db11e5', 'RUB - Russian ruble'),
	(7131, 1, 'p59e7837db11e5', 'RUB - Russischer Rubel'),
	(7132, 4, 'p59e783393b574', 'GBP - British pound'),
	(7133, 3, 'p59e783393b574', 'GBP - British pound'),
	(7134, 2, 'p59e783393b574', 'GBP - British pound'),
	(7135, 1, 'p59e783393b574', 'GBP - Britisches Pfund'),
	(7136, 4, 'p59e7831c1ec67', 'CAD - Canadian dollar'),
	(7137, 3, 'p59e7831c1ec67', 'CAD - Canadian dollar'),
	(7138, 2, 'p59e7831c1ec67', 'CAD - Canadian dollar'),
	(7139, 1, 'p59e7831c1ec67', 'CAD - Kanadischer Dollar'),
	(7140, 4, 'p59e783081eb8f', 'USD - US dollar'),
	(7141, 3, 'p59e783081eb8f', 'USD - US dollar'),
	(7142, 2, 'p59e783081eb8f', 'USD - US dollar'),
	(7143, 1, 'p59e783081eb8f', 'USD - US-Dollar'),
	(7144, 4, 'p59e782f448230', 'CHF - Swiss Franc'),
	(7145, 3, 'p59e782f448230', 'CHF - Swiss Franc'),
	(7146, 2, 'p59e782f448230', 'CHF - Swiss Franc'),
	(7147, 1, 'p59e782f448230', 'CHF - Schweizer Franken'),
	(7148, 4, 'p59e782c810daa', 'EUR - Euro'),
	(7149, 3, 'p59e782c810daa', 'EUR - Euro'),
	(7150, 2, 'p59e782c810daa', 'EUR - Euro'),
	(7151, 1, 'p59e782c810daa', 'EUR - Euro'),
	(7152, 4, 'p59e782bfeb044', 'Currency'),
	(7153, 3, 'p59e782bfeb044', 'Currency'),
	(7154, 2, 'p59e782bfeb044', 'Currency'),
	(7155, 1, 'p59e782bfeb044', 'Währung'),
	(7156, 4, 'p59e782b4a3798', 'Value added tax rate'),
	(7157, 3, 'p59e782b4a3798', 'Value added tax rate'),
	(7158, 2, 'p59e782b4a3798', 'Value added tax rate'),
	(7159, 1, 'p59e782b4a3798', 'Mehrwertsteuersatz'),
	(7160, 4, 'p59e75ad19929b', 'The response of the server was invalid.'),
	(7161, 3, 'p59e75ad19929b', 'The response of the server was invalid.'),
	(7162, 2, 'p59e75ad19929b', 'The response of the server was invalid.'),
	(7163, 1, 'p59e75ad19929b', 'Die Antwort des Servers war fehlerhaft.'),
	(7164, 4, 'p59e786a4dc54d', 'percent'),
	(7165, 3, 'p59e786a4dc54d', 'percent'),
	(7166, 2, 'p59e786a4dc54d', 'percent'),
	(7167, 1, 'p59e786a4dc54d', 'Prozent'),
	(7168, 4, 'p59f34d2319c83', 'Price information'),
	(7169, 3, 'p59f34d2319c83', 'Price information'),
	(7170, 2, 'p59f34d2319c83', 'Price information'),
	(7171, 1, 'p59f34d2319c83', 'Preisinformationen'),
	(7172, 4, 'p59f34cbcc1a4f', 'Price (net)'),
	(7173, 3, 'p59f34cbcc1a4f', 'Price (net)'),
	(7174, 2, 'p59f34cbcc1a4f', 'Price (net)'),
	(7175, 1, 'p59f34cbcc1a4f', 'Preis (Netto)'),
	(7176, 4, 'p59f38f72c0c37', 'Allow payments by %1'),
	(7177, 3, 'p59f38f72c0c37', 'Allow payments by %1'),
	(7178, 2, 'p59f38f72c0c37', 'Allow payments by %1'),
	(7179, 1, 'p59f38f72c0c37', 'Zahlungen per %1 erlauben'),
	(7180, 4, 'p59f3975c65957', 'VAT'),
	(7181, 3, 'p59f3975c65957', 'VAT'),
	(7182, 2, 'p59f3975c65957', 'VAT'),
	(7183, 1, 'p59f3975c65957', 'MwSt.'),
	(7184, 4, 'p59f39709e3c50', 'Price'),
	(7185, 3, 'p59f39709e3c50', 'Price'),
	(7186, 2, 'p59f39709e3c50', 'Price'),
	(7187, 1, 'p59f39709e3c50', 'Preis'),
	(7188, 4, 'p59f395ac5851f', 'Payment method(s)'),
	(7189, 3, 'p59f395ac5851f', 'Payment method(s)'),
	(7190, 2, 'p59f395ac5851f', 'Payment method(s)'),
	(7191, 1, 'p59f395ac5851f', 'Zahlungsmethode(n)'),
	(7192, 4, 'p59f3a80bb677c', 'The payment was already created. Please follow the link to PayPal now to approve the payment.'),
	(7193, 3, 'p59f3a80bb677c', 'The payment was already created. Please follow the link to PayPal now to approve the payment.'),
	(7194, 2, 'p59f3a80bb677c', 'The payment was already created. Please follow the link to PayPal now to approve the payment.'),
	(7195, 1, 'p59f3a80bb677c', 'Die Zahlung wurde bereits erstellt. Bitte folgen Sie nun dem Link zu PayPal, um die Zahlung zu genehmigen.'),
	(7196, 4, 'p59f3a79e40888', 'The payment was successfully created with PayPal. Please proceed to PayPal to approve.'),
	(7197, 3, 'p59f3a79e40888', 'The payment was successfully created with PayPal. Please proceed to PayPal to approve.'),
	(7198, 2, 'p59f3a79e40888', 'The payment was successfully created with PayPal. Please proceed to PayPal to approve.'),
	(7199, 1, 'p59f3a79e40888', 'Die Zahlung wurde bei PayPal erfolgreich erstellt. Bitte fahren Sie nun über PayPal fort, um die Zahlung zu genehmigen.'),
	(7200, 4, 'p59f3a4ae4200e', 'Invalid transaction item.'),
	(7201, 3, 'p59f3a4ae4200e', 'Invalid transaction item.'),
	(7202, 2, 'p59f3a4ae4200e', 'Invalid transaction item.'),
	(7203, 1, 'p59f3a4ae4200e', 'Ungültiger Transaktionsgegenstand.'),
	(7204, 4, 'p59f3975c65957', 'VAT'),
	(7205, 3, 'p59f3975c65957', 'VAT'),
	(7206, 2, 'p59f3975c65957', 'VAT'),
	(7207, 1, 'p59f3975c65957', 'MwSt.'),
	(7208, 4, 'p59f39709e3c50', 'Price'),
	(7209, 3, 'p59f39709e3c50', 'Price'),
	(7210, 2, 'p59f39709e3c50', 'Price'),
	(7211, 1, 'p59f39709e3c50', 'Preis'),
	(7212, 4, 'p59f3b9dcedd20', 'Open linked entry'),
	(7213, 3, 'p59f3b9dcedd20', 'Open linked entry'),
	(7214, 2, 'p59f3b9dcedd20', 'Open linked entry'),
	(7215, 1, 'p59f3b9dcedd20', 'Verknüpften Eintrag öffnen'),
	(7216, 4, 'p59f4f281771ce', 'Your payment cannot be processed at this time. Please try again later.'),
	(7217, 3, 'p59f4f281771ce', 'Your payment cannot be processed at this time. Please try again later.'),
	(7218, 2, 'p59f4f281771ce', 'Your payment cannot be processed at this time. Please try again later.'),
	(7219, 1, 'p59f4f281771ce', 'Ihre Zahlung kann im Moment leider nicht bearbeitet werden. Bitte versuchen Sie es später erneut.'),
	(7220, 4, 'p59f4ebef4bc7a', 'Pay now'),
	(7221, 3, 'p59f4ebef4bc7a', 'Pay now'),
	(7222, 2, 'p59f4ebef4bc7a', 'Pay now'),
	(7223, 1, 'p59f4ebef4bc7a', 'Jetzt bezahlen'),
	(7224, 4, 'p59f4ea2d4bf1c', 'Your booking has been reserved.\nPlease follow the link below to execute the payment.'),
	(7225, 3, 'p59f4ea2d4bf1c', 'Your booking has been reserved.\nPlease follow the link below to execute the payment.'),
	(7226, 2, 'p59f4ea2d4bf1c', 'Your booking has been reserved.\nPlease follow the link below to execute the payment.'),
	(7227, 1, 'p59f4ea2d4bf1c', 'Ihre Buchung wurde vorgemerkt. \nBitte folgen Sie dem untenstehenden Link, um die Bezahlung durchzuführen.'),
	(7228, 4, 'p59f4e5b4891c6', 'Confirm &amp; pay'),
	(7229, 3, 'p59f4e5b4891c6', 'Confirm &amp; pay'),
	(7230, 2, 'p59f4e5b4891c6', 'Confirm &amp; pay'),
	(7231, 1, 'p59f4e5b4891c6', 'Bestätigen &amp; Bezahlen'),
	(7232, 4, 'p59f4e25ed8372', 'Total price'),
	(7233, 3, 'p59f4e25ed8372', 'Total price'),
	(7234, 2, 'p59f4e25ed8372', 'Total price'),
	(7235, 1, 'p59f4e25ed8372', 'Gesamtpreis'),
	(7236, 4, 'p59f4f62208253', 'Appointment booking by calSy.'),
	(7237, 3, 'p59f4f62208253', 'Appointment booking by calSy.'),
	(7238, 2, 'p59f4f62208253', 'Appointment booking by calSy.'),
	(7239, 1, 'p59f4f62208253', 'Terminbuchung über calSy.'),
	(7240, 4, 'p59f4faeb59cef', 'Send payment'),
	(7241, 3, 'p59f4faeb59cef', 'Send payment'),
	(7242, 2, 'p59f4faeb59cef', 'Send payment'),
	(7243, 1, 'p59f4faeb59cef', 'Zahlung senden'),
	(7244, 4, 'p59f4fad71f1b9', 'Payments'),
	(7245, 3, 'p59f4fad71f1b9', 'Payments'),
	(7246, 2, 'p59f4fad71f1b9', 'Payments'),
	(7247, 1, 'p59f4fad71f1b9', 'Zahlungen'),
	(7248, 4, 'p59f500253ac00', 'Deleted appointment'),
	(7249, 3, 'p59f500253ac00', 'Deleted appointment'),
	(7250, 2, 'p59f500253ac00', 'Deleted appointment'),
	(7251, 1, 'p59f500253ac00', 'Gelöschter Termin'),
	(7252, 4, 'p59f68363a7ba0', 'Your calendar entry was successfully created. \nPlease keep in mind that your booking is not yet confirmed until your payment has been received.\n\nShould you not yet have sent the payment, &lt;a href="%1"&gt;you may do so right here&lt;/a&gt;.'),
	(7253, 3, 'p59f68363a7ba0', 'Your calendar entry was successfully created. \nPlease keep in mind that your booking is not yet confirmed until your payment has been received.\n\nShould you not yet have sent the payment, &lt;a href="%1"&gt;you may do so right here&lt;/a&gt;.'),
	(7254, 2, 'p59f68363a7ba0', 'Your calendar entry was successfully created. \nPlease keep in mind that your booking is not yet confirmed until your payment has been received.\n\nShould you not yet have sent the payment, &lt;a href="%1"&gt;you may do so right here&lt;/a&gt;.'),
	(7255, 1, 'p59f68363a7ba0', 'Ihr Kalendereintrag wurde erfolgreich angelegt. \nBitte beachten Sie, dass Ihre Buchung bis zur Bezahlung noch nicht bestätigt ist. \n\nFalls Sie die Bezahlung noch nicht durchgeführt haben, &lt;a href="%1"&gt;können Sie dies hier tun&lt;/a&gt;.'),
	(7256, 4, 'p59f67cf908ed5', 'Payment received.'),
	(7257, 3, 'p59f67cf908ed5', 'Payment received.'),
	(7258, 2, 'p59f67cf908ed5', 'Payment received.'),
	(7259, 1, 'p59f67cf908ed5', 'Zahlung erhalten.'),
	(7260, 4, 'p59f678c9ec7bc', 'To the calendar'),
	(7261, 3, 'p59f678c9ec7bc', 'To the calendar'),
	(7262, 2, 'p59f678c9ec7bc', 'To the calendar'),
	(7263, 1, 'p59f678c9ec7bc', 'Zum Kalender'),
	(7264, 4, 'p59f6781fd31e3', 'Thank you!\nWe have received your payment and your booking has been confirmed.\nYou can see all of your bookings in your personal calendar.'),
	(7265, 3, 'p59f6781fd31e3', 'Thank you!\nWe have received your payment and your booking has been confirmed.\nYou can see all of your bookings in your personal calendar.'),
	(7266, 2, 'p59f6781fd31e3', 'Thank you!\nWe have received your payment and your booking has been confirmed.\nYou can see all of your bookings in your personal calendar.'),
	(7267, 1, 'p59f6781fd31e3', 'Vielen Dank! \nWir haben Ihre Zahlung erhalten und Ihre Buchung wurde bestätigt. \nSie können alle Ihre Termine in Ihrem persönlichen Kalender sehen.'),
	(7268, 4, 'p59fc79dd75f2e', 'Series'),
	(7269, 3, 'p59fc79dd75f2e', 'Series'),
	(7270, 2, 'p59fc79dd75f2e', 'Series'),
	(7271, 1, 'p59fc79dd75f2e', 'Serie'),
	(7272, 4, 'p5a047feccbc4f', 'The %1 is activated causing this module to be ignored.'),
	(7273, 3, 'p5a047feccbc4f', 'The %1 is activated causing this module to be ignored.'),
	(7274, 2, 'p5a047feccbc4f', 'The %1 is activated causing this module to be ignored.'),
	(7275, 1, 'p5a047feccbc4f', 'Das %1 ist aktiviert, dadurch wird dieses Modul ignoriert.'),
	(7276, 4, 'p5a046893d3461', 'Opening times'),
	(7277, 3, 'p5a046893d3461', 'Opening times'),
	(7278, 2, 'p5a046893d3461', 'Opening times'),
	(7279, 1, 'p5a046893d3461', 'Öffnungszeiten'),
	(7280, 4, 'p5a063d6f8d62a', 'Appointment'),
	(7281, 3, 'p5a063d6f8d62a', 'Appointment'),
	(7282, 2, 'p5a063d6f8d62a', 'Appointment'),
	(7283, 1, 'p5a063d6f8d62a', 'Termin'),
	(7284, 4, 'p5a072fe142f65', 'Display of days'),
	(7285, 3, 'p5a072fe142f65', 'Display of days'),
	(7286, 2, 'p5a072fe142f65', 'Display of days'),
	(7287, 1, 'p5a072fe142f65', 'Tagesanzeige'),
	(7288, 4, 'p5a0f1e1264e5e', 'Instead of showing appointment information first.'),
	(7289, 3, 'p5a0f1e1264e5e', 'Instead of showing appointment information first.'),
	(7290, 2, 'p5a0f1e1264e5e', 'Instead of showing appointment information first.'),
	(7291, 1, 'p5a0f1e1264e5e', 'Anstatt zuerst Termininformationen anzuzeigen.'),
	(7292, 4, 'p5a0f1ddbc1291', 'Directly edit calendar entries when opening them'),
	(7293, 3, 'p5a0f1ddbc1291', 'Directly edit calendar entries when opening them'),
	(7294, 2, 'p5a0f1ddbc1291', 'Directly edit calendar entries when opening them'),
	(7295, 1, 'p5a0f1ddbc1291', 'Kalendereinträge bei Aufruf direkt bearbeiten'),
	(7296, 4, 'p5a0f25425be0b', 'Appointment information'),
	(7297, 3, 'p5a0f25425be0b', 'Appointment information'),
	(7298, 2, 'p5a0f25425be0b', 'Appointment information'),
	(7299, 1, 'p5a0f25425be0b', 'Termininformationen'),
	(7300, 4, 'p5a1095db17bed', 'Time'),
	(7301, 3, 'p5a1095db17bed', 'Time'),
	(7302, 2, 'p5a1095db17bed', 'Time'),
	(7303, 1, 'p5a1095db17bed', 'Zeitraum'),
	(7304, 4, 'p5a1090fcba804', 'Part %1'),
	(7305, 3, 'p5a1090fcba804', 'Part %1'),
	(7306, 2, 'p5a1090fcba804', 'Part %1'),
	(7307, 1, 'p5a1090fcba804', 'Teil %1'),
	(7308, 4, 'p5a108f4a7b398', 'End'),
	(7309, 3, 'p5a108f4a7b398', 'End'),
	(7310, 2, 'p5a108f4a7b398', 'End'),
	(7311, 1, 'p5a108f4a7b398', 'Ende'),
	(7312, 4, 'p5a108f36d95a3', 'Beginning'),
	(7313, 3, 'p5a108f36d95a3', 'Beginning'),
	(7314, 2, 'p5a108f36d95a3', 'Beginning'),
	(7315, 1, 'p5a108f36d95a3', 'Beginn'),
	(7316, 4, 'p5a105bc5d3d82', 'Info view'),
	(7317, 3, 'p5a105bc5d3d82', 'Info view'),
	(7318, 2, 'p5a105bc5d3d82', 'Info view'),
	(7319, 1, 'p5a105bc5d3d82', 'Info-Ansicht'),
	(7320, 4, 'p5a11bd260685f', 'until'),
	(7321, 3, 'p5a11bd260685f', 'until'),
	(7322, 2, 'p5a11bd260685f', 'until'),
	(7323, 1, 'p5a11bd260685f', 'bis'),
	(7324, 4, 'p5a11c97c0b237', '(visible internally only)'),
	(7325, 3, 'p5a11c97c0b237', '(visible internally only)'),
	(7326, 2, 'p5a11c97c0b237', '(visible internally only)'),
	(7327, 1, 'p5a11c97c0b237', '(nur intern sichtbar)'),
	(7328, 4, 'p5a11ca1655022', '(public)'),
	(7329, 3, 'p5a11ca1655022', '(public)'),
	(7330, 2, 'p5a11ca1655022', '(public)'),
	(7331, 1, 'p5a11ca1655022', '(öffentlich)'),
	(7332, 4, 'p5a15f7acf0f4b', 'Copied to clipboard.'),
	(7333, 3, 'p5a15f7acf0f4b', 'Copied to clipboard.'),
	(7334, 2, 'p5a15f7acf0f4b', 'Copied to clipboard.'),
	(7335, 1, 'p5a15f7acf0f4b', 'In die Zwischenablage kopiert.'),
	(7336, 4, 'p5a242bbc98817', 'Optional: Overridden sender email address'),
	(7337, 3, 'p5a242bbc98817', 'Optional: Overridden sender email address'),
	(7338, 2, 'p5a242bbc98817', 'Optional: Overridden sender email address'),
	(7339, 1, 'p5a242bbc98817', 'Optional: Überschriebene Absender-E-Mail-Adresse'),
	(7340, 4, 'p5a242b9f0f4ee', 'Optional: Overridden sender name'),
	(7341, 3, 'p5a242b9f0f4ee', 'Optional: Overridden sender name'),
	(7342, 2, 'p5a242b9f0f4ee', 'Optional: Overridden sender name'),
	(7343, 1, 'p5a242b9f0f4ee', 'Optional: Überschriebener Absender-Name'),
	(7344, 4, 'p5a298588517ab', 'There are no bookable times within the specified times.'),
	(7345, 3, 'p5a298588517ab', 'There are no bookable times within the specified times.'),
	(7346, 2, 'p5a298588517ab', 'There are no bookable times within the specified times.'),
	(7347, 1, 'p5a298588517ab', 'Im gewählten Zeitraum gibt es momentan leider keine buchbaren Zeiten.'),
	(7348, 4, 'p5a298d23b7cf9', 'Book'),
	(7349, 3, 'p5a298d23b7cf9', 'Book'),
	(7350, 2, 'p5a298d23b7cf9', 'Book'),
	(7351, 1, 'p5a298d23b7cf9', 'Buchen'),
	(7352, 4, 'p5a298723740b7', 'Free bookings'),
	(7353, 3, 'p5a298723740b7', 'Free bookings'),
	(7354, 2, 'p5a298723740b7', 'Free bookings'),
	(7355, 1, 'p5a298723740b7', 'Freie Buchungen'),
	(7356, 4, 'p5a29e22e2fa12', 'Requires bookable time'),
	(7357, 3, 'p5a29e22e2fa12', 'Requires bookable time'),
	(7358, 2, 'p5a29e22e2fa12', 'Requires bookable time'),
	(7359, 1, 'p5a29e22e2fa12', 'Erfordert buchbare Zeit'),
	(7360, 4, 'p5a318f2304aff', 'Please validate all of the entered data before sending them.\n\nIf everything is alright, you may book your appointment - You will receive a confirmation email.\n\nImportant: The booked appointment will be automatically confirmed once we receive your payment.'),
	(7361, 3, 'p5a318f2304aff', 'Please validate all of the entered data before sending them.\n\nIf everything is alright, you may book your appointment - You will receive a confirmation email.\n\nImportant: The booked appointment will be automatically confirmed once we receive your payment.'),
	(7362, 2, 'p5a318f2304aff', 'Please validate all of the entered data before sending them.\n\nIf everything is alright, you may book your appointment - You will receive a confirmation email.\n\nImportant: The booked appointment will be automatically confirmed once we receive your payment.'),
	(7363, 1, 'p5a318f2304aff', 'Bitte überprüfen Sie hier noch einmal die eingegebenen Daten, bevor Sie sie absenden.\n\nWenn alles in Ordnung ist, können Sie den Termin eintragen - Sie erhalten daraufhin eine Bestätigungs-Mail. \n\nWichtig: Der gebuchte Termin wird direkt bestätigt, sobald wir Ihre Zahlung erhalten haben.'),
	(7364, 4, 'p5a319db8c73ff', 'The patient "%sendingUserFrontendFullName" created a new calendar entry for you.\nThe patient can still edit the entry as long as he did not yet send the payment for it.'),
	(7365, 3, 'p5a319db8c73ff', 'The patient "%sendingUserFrontendFullName" created a new calendar entry for you.\nThe patient can still edit the entry as long as he did not yet send the payment for it.'),
	(7366, 2, 'p5a319db8c73ff', 'The patient "%sendingUserFrontendFullName" created a new calendar entry for you.\nThe patient can still edit the entry as long as he did not yet send the payment for it.'),
	(7367, 1, 'p5a319db8c73ff', 'Der Patient "%sendingUserFrontendFullName" hat einen neuen Kalendereintrag für Sie angelegt. \nDer Patient kann den Eintrag noch so lange bearbeiten, bis die Zahlung dafür getätigt wurde.'),
	(7368, 4, 'p5a3198782e84b', '"%sendingUserFrontendFullName" just sent a payment for this appointment, which automatically confirmed it.'),
	(7369, 3, 'p5a3198782e84b', '"%sendingUserFrontendFullName" just sent a payment for this appointment, which automatically confirmed it.'),
	(7370, 2, 'p5a3198782e84b', '"%sendingUserFrontendFullName" just sent a payment for this appointment, which automatically confirmed it.'),
	(7371, 1, 'p5a3198782e84b', '"%sendingUserFrontendFullName" hat soeben eine Zahung für diesen Termin gesendet, der Termin wurde dadurch direkt bestätigt.'),
	(7372, 4, 'p5a31981c9b6f0', 'Payment received &amp; appointment confirmed.'),
	(7373, 3, 'p5a31981c9b6f0', 'Payment received &amp; appointment confirmed.'),
	(7374, 2, 'p5a31981c9b6f0', 'Payment received &amp; appointment confirmed.'),
	(7375, 1, 'p5a31981c9b6f0', 'Zahlung erhalten &amp; Termin bestätigt'),
	(7376, 4, 'p5a3196bdc7d1f', 'Dear Sir or Madam %1, \n  \nyour calendar entry has been confirmed automatically by your payment.\n  \n%2\n%3\n  \n&lt;a href="%4" target="_blank"&gt;Please follow this link to your personal calendar and further details.&lt;/a&gt;\n  \n%5'),
	(7377, 3, 'p5a3196bdc7d1f', 'Dear Sir or Madam %1, \n  \nyour calendar entry has been confirmed automatically by your payment.\n  \n%2\n%3\n  \n&lt;a href="%4" target="_blank"&gt;Please follow this link to your personal calendar and further details.&lt;/a&gt;\n  \n%5'),
	(7378, 2, 'p5a3196bdc7d1f', 'Dear Sir or Madam %1, \n  \nyour calendar entry has been confirmed automatically by your payment.\n  \n%2\n%3\n  \n&lt;a href="%4" target="_blank"&gt;Please follow this link to your personal calendar and further details.&lt;/a&gt;\n  \n%5'),
	(7379, 1, 'p5a3196bdc7d1f', 'Sehr geehrte(r) %1, \n  \nIhr Kalendereintrag wurde durch Ihre Zahlung automatisch bestätigt.\n  \n%2\n%3\n  \n&lt;a href="%4" target="_blank"&gt;Folgen Sie diesem Link zu Ihrem persönlichen Kalender und allen Details.&lt;/a&gt;\n  \n%5'),
	(7380, 4, 'p5a31bfe1eb73e', 'Your calendar entry was successfully created.\nPlease keep in mind that your booking is not yet confirmed until your payment has been received. '),
	(7381, 3, 'p5a31bfe1eb73e', 'Your calendar entry was successfully created.\nPlease keep in mind that your booking is not yet confirmed until your payment has been received. '),
	(7382, 2, 'p5a31bfe1eb73e', 'Your calendar entry was successfully created.\nPlease keep in mind that your booking is not yet confirmed until your payment has been received. '),
	(7383, 1, 'p5a31bfe1eb73e', 'Ihr Kalendereintrag wurde erfolgreich angelegt. \nBitte beachten Sie, dass Ihre Buchung bis zur Bezahlung noch nicht bestätigt ist. '),
	(7384, 4, 'p5a31c84f0b4f7', 'Unpaid'),
	(7385, 3, 'p5a31c84f0b4f7', 'Unpaid'),
	(7386, 2, 'p5a31c84f0b4f7', 'Unpaid'),
	(7387, 1, 'p5a31c84f0b4f7', 'Unbezahlt'),
	(7388, 4, 'p5a340dbeaf5af', 'Work plan'),
	(7389, 3, 'p5a340dbeaf5af', 'Work plan'),
	(7390, 2, 'p5a340dbeaf5af', 'Work plan'),
	(7391, 1, 'p5a340dbeaf5af', 'Arbeitsplan'),
	(7392, 4, 'p5a343bfd2b07d', 'Delete work plan'),
	(7393, 3, 'p5a343bfd2b07d', 'Delete work plan'),
	(7394, 2, 'p5a343bfd2b07d', 'Delete work plan'),
	(7395, 1, 'p5a343bfd2b07d', 'Arbeitsplan löschen'),
	(7396, 4, 'p5a343b35217c3', 'Edit work plan'),
	(7397, 3, 'p5a343b35217c3', 'Edit work plan'),
	(7398, 2, 'p5a343b35217c3', 'Edit work plan'),
	(7399, 1, 'p5a343b35217c3', 'Arbeitsplan bearbeiten'),
	(7400, 4, 'p5a343269d271f', 'New work plan'),
	(7401, 3, 'p5a343269d271f', 'New work plan'),
	(7402, 2, 'p5a343269d271f', 'New work plan'),
	(7403, 1, 'p5a343269d271f', 'Neuer Arbeitsplan'),
	(7404, 4, 'p5a3567e91221d', 'The work plan could not be deleted.'),
	(7405, 3, 'p5a3567e91221d', 'The work plan could not be deleted.'),
	(7406, 2, 'p5a3567e91221d', 'The work plan could not be deleted.'),
	(7407, 1, 'p5a3567e91221d', 'Der Arbeitsplan konnte nicht gelöscht werden.'),
	(7408, 4, 'p5a3567b555a6f', 'Do you really want to delete the work plan?'),
	(7409, 3, 'p5a3567b555a6f', 'Do you really want to delete the work plan?'),
	(7410, 2, 'p5a3567b555a6f', 'Do you really want to delete the work plan?'),
	(7411, 1, 'p5a3567b555a6f', 'Möchten Sie den Arbeitsplan wirklich löschen?'),
	(7412, 4, 'p5a356795c7647', 'The work plan was successfully deleted.'),
	(7413, 3, 'p5a356795c7647', 'The work plan was successfully deleted.'),
	(7414, 2, 'p5a356795c7647', 'The work plan was successfully deleted.'),
	(7415, 1, 'p5a356795c7647', 'Der Arbeitsplan wurde erfolgreich gelöscht.'),
	(7416, 4, 'p5a3540eb1ab0f', 'Select a work plan from the list to display it.'),
	(7417, 3, 'p5a3540eb1ab0f', 'Select a work plan from the list to display it.'),
	(7418, 2, 'p5a3540eb1ab0f', 'Select a work plan from the list to display it.'),
	(7419, 1, 'p5a3540eb1ab0f', 'Wählen Sie einen Arbeitsplan aus der Liste, um ihn anzuzeigen.'),
	(7420, 4, 'p5a356da7a22f4', 'Edit title'),
	(7421, 3, 'p5a356da7a22f4', 'Edit title'),
	(7422, 2, 'p5a356da7a22f4', 'Edit title'),
	(7423, 1, 'p5a356da7a22f4', 'Titel bearbeiten'),
	(7424, 4, 'p5a369fc02b768', 'Edit entry'),
	(7425, 3, 'p5a369fc02b768', 'Edit entry'),
	(7426, 2, 'p5a369fc02b768', 'Edit entry'),
	(7427, 1, 'p5a369fc02b768', 'Eintrag bearbeiten'),
	(7428, 4, 'p5a369f3c2e934', 'Add entry'),
	(7429, 3, 'p5a369f3c2e934', 'Add entry'),
	(7430, 2, 'p5a369f3c2e934', 'Add entry'),
	(7431, 1, 'p5a369f3c2e934', 'Eintrag hinzufügen'),
	(7432, 4, 'p5a4d477ce12b2', 'Click on the calendar week numbers to (de-)activate the work plan accordingly.'),
	(7433, 3, 'p5a4d477ce12b2', 'Click on the calendar week numbers to (de-)activate the work plan accordingly.'),
	(7434, 2, 'p5a4d477ce12b2', 'Click on the calendar week numbers to (de-)activate the work plan accordingly.'),
	(7435, 1, 'p5a4d477ce12b2', 'Klicken Sie auf die Kalenderwochen-Nummern, um den Arbeitsplan entsprechend zu (de-)aktivieren.'),
	(7436, 4, 'p5a3fdfc2be2b9', 'Apply work plan'),
	(7437, 3, 'p5a3fdfc2be2b9', 'Apply work plan'),
	(7438, 2, 'p5a3fdfc2be2b9', 'Apply work plan'),
	(7439, 1, 'p5a3fdfc2be2b9', 'Arbeitsplan anwenden'),
	(7440, 4, 'p5a4d53dd62a7d', 'The work plan could not be applied.'),
	(7441, 3, 'p5a4d53dd62a7d', 'The work plan could not be applied.'),
	(7442, 2, 'p5a4d53dd62a7d', 'The work plan could not be applied.'),
	(7443, 1, 'p5a4d53dd62a7d', 'Der Arbeitsplan konnte nicht angewendet werden.'),
	(7444, 4, 'p5a4d60b31e8c1', 'The work plan could not be removed.'),
	(7445, 3, 'p5a4d60b31e8c1', 'The work plan could not be removed.'),
	(7446, 2, 'p5a4d60b31e8c1', 'The work plan could not be removed.'),
	(7447, 1, 'p5a4d60b31e8c1', 'Der Arbeitsplan konnte nicht entfernt werden.'),
	(7448, 4, 'p5a4fdc5c7ea89', 'Past appointments'),
	(7449, 3, 'p5a4fdc5c7ea89', 'Past appointments'),
	(7450, 2, 'p5a4fdc5c7ea89', 'Past appointments'),
	(7451, 1, 'p5a4fdc5c7ea89', 'Vergangene Termine'),
	(7452, 4, 'p5a4fdc439f997', 'Upcoming appointments'),
	(7453, 3, 'p5a4fdc439f997', 'Upcoming appointments'),
	(7454, 2, 'p5a4fdc439f997', 'Upcoming appointments'),
	(7455, 1, 'p5a4fdc439f997', 'Kommende Termine'),
	(7456, 4, 'p5a5641c72c019', 'Display work plan'),
	(7457, 3, 'p5a5641c72c019', 'Display work plan'),
	(7458, 2, 'p5a5641c72c019', 'Display work plan'),
	(7459, 1, 'p5a5641c72c019', 'Arbeitsplan einblenden'),
	(7460, 4, 'p5a57a3f4d72a2', 'Book work plan'),
	(7461, 3, 'p5a57a3f4d72a2', 'Book work plan'),
	(7462, 2, 'p5a57a3f4d72a2', 'Book work plan'),
	(7463, 1, 'p5a57a3f4d72a2', 'Arbeitsplan buchen'),
	(7464, 4, 'p5a564338976bc', 'Choose a work plan to display.'),
	(7465, 3, 'p5a564338976bc', 'Choose a work plan to display.'),
	(7466, 2, 'p5a564338976bc', 'Choose a work plan to display.'),
	(7467, 1, 'p5a564338976bc', 'Wählen Sie einen Arbeitsplan, um ihn anzuzeigen.'),
	(7468, 4, 'p5a60e171b9b12', 'Print view'),
	(7469, 3, 'p5a60e171b9b12', 'Print view'),
	(7470, 2, 'p5a60e171b9b12', 'Print view'),
	(7471, 1, 'p5a60e171b9b12', 'Druckansicht'),
	(7472, 4, 'p5a60e15c58a9e', 'Print function activated'),
	(7473, 3, 'p5a60e15c58a9e', 'Print function activated'),
	(7474, 2, 'p5a60e15c58a9e', 'Print function activated'),
	(7475, 1, 'p5a60e15c58a9e', 'Druckfunktion aktiviert'),
	(7476, 4, 'p5a60e0d7c8003', 'Print'),
	(7477, 3, 'p5a60e0d7c8003', 'Print'),
	(7478, 2, 'p5a60e0d7c8003', 'Print'),
	(7479, 1, 'p5a60e0d7c8003', 'Drucken'),
	(7480, 4, 'p5a61015835697', 'Jump to today'),
	(7481, 3, 'p5a61015835697', 'Jump to today'),
	(7482, 2, 'p5a61015835697', 'Jump to today'),
	(7483, 1, 'p5a61015835697', 'Nach "Heute" springen'),
	(7484, 4, 'p5a6ebf7561494', 'Nonexisting content controller:'),
	(7485, 3, 'p5a6ebf7561494', 'Nonexisting content controller:'),
	(7486, 2, 'p5a6ebf7561494', 'Nonexisting content controller:'),
	(7487, 1, 'p5a6ebf7561494', 'Content Controller existiert nicht:'),
	(7488, 4, 'p5a81e65644c7f', 'Invalid timestamp for the ending.'),
	(7489, 3, 'p5a81e65644c7f', 'Invalid timestamp for the ending.'),
	(7490, 2, 'p5a81e65644c7f', 'Invalid timestamp for the ending.'),
	(7491, 1, 'p5a81e65644c7f', 'Ungültiger Timestamp für das Ende.'),
	(7492, 4, 'p5a81e641942db', 'Invalid timestamp for the beginning.'),
	(7493, 3, 'p5a81e641942db', 'Invalid timestamp for the beginning.'),
	(7494, 2, 'p5a81e641942db', 'Invalid timestamp for the beginning.'),
	(7495, 1, 'p5a81e641942db', 'Ungültiger Timestamp für den Beginn.'),
	(7496, 4, 'p5a82ffe553a29', 'Backend users'),
	(7497, 3, 'p5a82ffe553a29', 'Backend users'),
	(7498, 2, 'p5a82ffe553a29', 'Backend users'),
	(7499, 1, 'p5a82ffe553a29', 'Backend-Benutzer'),
	(7500, 4, 'p5a841a540bddb', 'Work plans'),
	(7501, 3, 'p5a841a540bddb', 'Work plans'),
	(7502, 2, 'p5a841a540bddb', 'Work plans'),
	(7503, 1, 'p5a841a540bddb', 'Arbeitspläne'),
	(7504, 4, 'p5a8420e06943f', 'Invalid format of the JSON data.'),
	(7505, 3, 'p5a8420e06943f', 'Invalid format of the JSON data.'),
	(7506, 2, 'p5a8420e06943f', 'Invalid format of the JSON data.'),
	(7507, 1, 'p5a8420e06943f', 'Ungültig formatierte JSON-Daten.'),
	(7508, 4, 'p5a8aa14b01b65', 'Backend users may be booked multiple times at once.'),
	(7509, 3, 'p5a8aa14b01b65', 'Backend users may be booked multiple times at once.'),
	(7510, 2, 'p5a8aa14b01b65', 'Backend users may be booked multiple times at once.'),
	(7511, 1, 'p5a8aa14b01b65', 'Backend-Benutzer können zu einer Zeit mehrfach gebucht werden.'),
	(7512, 4, 'p5aa42245a6700', 'Security'),
	(7513, 3, 'p5aa42245a6700', 'Security'),
	(7514, 2, 'p5aa42245a6700', 'Security'),
	(7515, 1, 'p5aa42245a6700', 'Sicherheit'),
	(7516, 4, 'p5aa423af308f4', 'Layout &amp; Design'),
	(7517, 3, 'p5aa423af308f4', 'Layout &amp; Design'),
	(7518, 2, 'p5aa423af308f4', 'Layout &amp; Design'),
	(7519, 1, 'p5aa423af308f4', 'Layout &amp; Design'),
	(7520, 4, 'p5aa428c7eecd8', 'Password policy'),
	(7521, 3, 'p5aa428c7eecd8', 'Password policy'),
	(7522, 2, 'p5aa428c7eecd8', 'Password policy'),
	(7523, 1, 'p5aa428c7eecd8', 'Passwort-Richtlinie'),
	(7524, 4, 'p5aa4292f00e99', 'Loose'),
	(7525, 3, 'p5aa4292f00e99', 'Loose'),
	(7526, 2, 'p5aa4292f00e99', 'Loose'),
	(7527, 1, 'p5aa4292f00e99', 'Locker'),
	(7528, 4, 'p5aa42926684af', 'Strict'),
	(7529, 3, 'p5aa42926684af', 'Strict'),
	(7530, 2, 'p5aa42926684af', 'Strict'),
	(7531, 1, 'p5aa42926684af', 'Strikt'),
	(7532, 4, 'p5aa42eb96fa6e', 'Policy'),
	(7533, 3, 'p5aa42eb96fa6e', 'Policy'),
	(7534, 2, 'p5aa42eb96fa6e', 'Policy'),
	(7535, 1, 'p5aa42eb96fa6e', 'Richtlinie'),
	(7536, 4, 'p5aa42dd8b8dcb', 'Requirements of the password policies:'),
	(7537, 3, 'p5aa42dd8b8dcb', 'Requirements of the password policies:'),
	(7538, 2, 'p5aa42dd8b8dcb', 'Requirements of the password policies:'),
	(7539, 1, 'p5aa42dd8b8dcb', 'Anforderungen der Passwort-Richtlinien:'),
	(7540, 4, 'p5aa44fb6aa61a', 'The password must not contain any whitespace.'),
	(7541, 3, 'p5aa44fb6aa61a', 'The password must not contain any whitespace.'),
	(7542, 2, 'p5aa44fb6aa61a', 'The password must not contain any whitespace.'),
	(7543, 1, 'p5aa44fb6aa61a', 'Das Passwort darf keine Leerzeichen enthalten.'),
	(7544, 4, 'p5ab7cf7f3662d', 'AA Debug Log'),
	(7545, 3, 'p5ab7cf7f3662d', 'AA Debug Log'),
	(7546, 2, 'p5ab7cf7f3662d', 'AA Debug Log'),
	(7547, 1, 'p5ab7cf7f3662d', 'TA Debug Log'),
	(7548, 4, 'p5ab7d030c76ac', 'Appointment assistant debug log'),
	(7549, 3, 'p5ab7d030c76ac', 'Appointment assistant debug log'),
	(7550, 2, 'p5ab7d030c76ac', 'Appointment assistant debug log'),
	(7551, 1, 'p5ab7d030c76ac', 'Terminassistent Debug Log'),
	(7552, 4, 'p5ab7d33496b5c', 'Do you really want to completely empty the log?'),
	(7553, 3, 'p5ab7d33496b5c', 'Do you really want to completely empty the log?'),
	(7554, 2, 'p5ab7d33496b5c', 'Do you really want to completely empty the log?'),
	(7555, 1, 'p5ab7d33496b5c', 'Wollen Sie das Log wirklich komplett leeren?'),
	(7556, 4, 'p5ab7d575898ee', 'Debug logging active'),
	(7557, 3, 'p5ab7d575898ee', 'Debug logging active'),
	(7558, 2, 'p5ab7d575898ee', 'Debug logging active'),
	(7559, 1, 'p5ab7d575898ee', 'Debug-Logging aktiviert'),
	(7560, 4, 'p5ab7d68ac3c20', 'For developers: Stores searches through the appointment assistant.'),
	(7561, 3, 'p5ab7d68ac3c20', 'For developers: Stores searches through the appointment assistant.'),
	(7562, 2, 'p5ab7d68ac3c20', 'For developers: Stores searches through the appointment assistant.'),
	(7563, 1, 'p5ab7d68ac3c20', 'Für Entwickler: Speichert Suchanfragen des Terminassistenten.'),
	(7564, 4, 'p5ab7d7fb25d0a', 'List of queries'),
	(7565, 3, 'p5ab7d7fb25d0a', 'List of queries'),
	(7566, 2, 'p5ab7d7fb25d0a', 'List of queries'),
	(7567, 1, 'p5ab7d7fb25d0a', 'Liste der Anfragen'),
	(7568, 4, 'p5ab7d9493124d', 'Query'),
	(7569, 3, 'p5ab7d9493124d', 'Query'),
	(7570, 2, 'p5ab7d9493124d', 'Query'),
	(7571, 1, 'p5ab7d9493124d', 'Query'),
	(7572, 4, 'p5ab7d93d7574e', 'Result'),
	(7573, 3, 'p5ab7d93d7574e', 'Result'),
	(7574, 2, 'p5ab7d93d7574e', 'Result'),
	(7575, 1, 'p5ab7d93d7574e', 'Ergebnis'),
	(7576, 4, 'p5ab7d93349ea6', 'Filter'),
	(7577, 3, 'p5ab7d93349ea6', 'Filter'),
	(7578, 2, 'p5ab7d93349ea6', 'Filter'),
	(7579, 1, 'p5ab7d93349ea6', 'Filter'),
	(7580, 4, 'p5ab7dc3d89df2', 'Refresh'),
	(7581, 3, 'p5ab7dc3d89df2', 'Refresh'),
	(7582, 2, 'p5ab7dc3d89df2', 'Refresh'),
	(7583, 1, 'p5ab7dc3d89df2', 'Aktualisieren'),
	(7584, 4, 'p5aedd57466065', 'Your account and all related data were successfully deleted.\nFollowing you\'ll find a list of what data was deleted specifically.'),
	(7585, 3, 'p5aedd57466065', 'Your account and all related data were successfully deleted.\nFollowing you\'ll find a list of what data was deleted specifically.'),
	(7586, 2, 'p5aedd57466065', 'Your account and all related data were successfully deleted.\nFollowing you\'ll find a list of what data was deleted specifically.'),
	(7587, 1, 'p5aedd57466065', 'Ihr Benutzerkonto und alle zugehörige Daten wurde erfolgreich gelöscht.\nNachfolgend sehen Sie eine Liste, welche Daten im Einzelnen gelöscht wurde.'),
	(7588, 4, 'p5aedd4d018627', 'Do you really want to irrevocably delete your account?'),
	(7589, 3, 'p5aedd4d018627', 'Do you really want to irrevocably delete your account?'),
	(7590, 2, 'p5aedd4d018627', 'Do you really want to irrevocably delete your account?'),
	(7591, 1, 'p5aedd4d018627', 'Möchten Sie Ihr Konto jetzt wirklich unwiderruflich löschen?'),
	(7592, 4, 'p5aedd48556493', 'You can get a full disclosure about all the data stored in the system in connection with your account. It is also possible to irrevocably delete your account and all related data from the system.'),
	(7593, 3, 'p5aedd48556493', 'You can get a full disclosure about all the data stored in the system in connection with your account. It is also possible to irrevocably delete your account and all related data from the system.'),
	(7594, 2, 'p5aedd48556493', 'You can get a full disclosure about all the data stored in the system in connection with your account. It is also possible to irrevocably delete your account and all related data from the system.'),
	(7595, 1, 'p5aedd48556493', 'Sie haben die Möglichkeit, sich über sämtliche gespeicherten Daten im Zusammenhang mit Ihrem Benutzerkonto Auskunft einzuholen. Es ist auch möglich, ihr Konto und alle damit in Verbindung stehenden Daten unwiderruflich aus dem System zu löschen.'),
	(7596, 4, 'p5aedd1d0f0482', 'Data disclosure'),
	(7597, 3, 'p5aedd1d0f0482', 'Data disclosure'),
	(7598, 2, 'p5aedd1d0f0482', 'Data disclosure'),
	(7599, 1, 'p5aedd1d0f0482', 'Datenauskunft'),
	(7600, 4, 'p5aedd1928b799', 'Data privacy'),
	(7601, 3, 'p5aedd1928b799', 'Data privacy'),
	(7602, 2, 'p5aedd1928b799', 'Data privacy'),
	(7603, 1, 'p5aedd1928b799', 'Datenschutz'),
	(7604, 4, 'p5aedd1586c8f0', 'Delete account'),
	(7605, 3, 'p5aedd1586c8f0', 'Delete account'),
	(7606, 2, 'p5aedd1586c8f0', 'Delete account'),
	(7607, 1, 'p5aedd1586c8f0', 'Benutzerkonto löschen'),
	(7608, 4, 'p5aedd9837a90e', 'Data stored in connection with your account'),
	(7609, 3, 'p5aedd9837a90e', 'Data stored in connection with your account'),
	(7610, 2, 'p5aedd9837a90e', 'Data stored in connection with your account'),
	(7611, 1, 'p5aedd9837a90e', 'Im Zusammenhang mit ihrem Benutzerkonto gespeicherte Daten'),
	(7612, 4, 'p5aee2126aff51', 'User account deleted'),
	(7613, 3, 'p5aee2126aff51', 'User account deleted'),
	(7614, 2, 'p5aee2126aff51', 'User account deleted'),
	(7615, 1, 'p5aee2126aff51', 'Benutzerkonto gelöscht'),
	(7616, 4, 'p5aee1fb227f22', 'Confirm'),
	(7617, 3, 'p5aee1fb227f22', 'Confirm'),
	(7618, 2, 'p5aee1fb227f22', 'Confirm'),
	(7619, 1, 'p5aee1fb227f22', 'Bestätigen'),
	(7620, 4, 'p5aee1f3aef98e', 'Please confirm once again: Do you really want to irrevocably delete your account?'),
	(7621, 3, 'p5aee1f3aef98e', 'Please confirm once again: Do you really want to irrevocably delete your account?'),
	(7622, 2, 'p5aee1f3aef98e', 'Please confirm once again: Do you really want to irrevocably delete your account?'),
	(7623, 1, 'p5aee1f3aef98e', 'Bitte bestätigen Sie zur Sicherheit noch einmal: Möchten Sie Ihr Konto nun wirklich unwiderruflich löschen?'),
	(7624, 4, 'p5aede44827c0f', 'User data'),
	(7625, 3, 'p5aede44827c0f', 'User data'),
	(7626, 2, 'p5aede44827c0f', 'User data'),
	(7627, 1, 'p5aede44827c0f', 'Benutzerdaten'),
	(7628, 4, 'p5aeddf62cc7b2', 'Calendar entries / appointments'),
	(7629, 3, 'p5aeddf62cc7b2', 'Calendar entries / appointments'),
	(7630, 2, 'p5aeddf62cc7b2', 'Calendar entries / appointments'),
	(7631, 1, 'p5aeddf62cc7b2', 'Kalendereinträge / Termine'),
	(7632, 4, 'p5af4b7d1ba4d2', 'Do you irrevocably want to delete all data stored in relation to you and your account?\nThis action cannot be undone!'),
	(7633, 3, 'p5af4b7d1ba4d2', 'Do you irrevocably want to delete all data stored in relation to you and your account?\nThis action cannot be undone!'),
	(7634, 2, 'p5af4b7d1ba4d2', 'Do you irrevocably want to delete all data stored in relation to you and your account?\nThis action cannot be undone!'),
	(7635, 1, 'p5af4b7d1ba4d2', 'Möchten Sie alle mit Ihnen bezogenen Daten und diesen Benutzer-Account unwiderruflich löschen? \nDieser Vorgang kann anschließend nicht mehr rückgängig gemacht werden!'),
	(7636, 4, 'p5af5fb5d41706', 'Server secret'),
	(7637, 3, 'p5af5fb5d41706', 'Server secret'),
	(7638, 2, 'p5af5fb5d41706', 'Server secret'),
	(7639, 1, 'p5af5fb5d41706', 'Server-Geheimnis (Secret)'),
	(7640, 4, 'p5af5fb4c6658c', 'Server address'),
	(7641, 3, 'p5af5fb4c6658c', 'Server address'),
	(7642, 2, 'p5af5fb4c6658c', 'Server address'),
	(7643, 1, 'p5af5fb4c6658c', 'Server-Adresse'),
	(7644, 4, 'p5af5f9f3dcb26', 'BigBlueButton'),
	(7645, 3, 'p5af5f9f3dcb26', 'BigBlueButton'),
	(7646, 2, 'p5af5f9f3dcb26', 'BigBlueButton'),
	(7647, 1, 'p5af5f9f3dcb26', 'BigBlueButton'),
	(7648, 4, 'p5af875cbd2d90', 'Display: Default color for process appointments in the calendar'),
	(7649, 3, 'p5af875cbd2d90', 'Display: Default color for process appointments in the calendar'),
	(7650, 2, 'p5af875cbd2d90', 'Display: Default color for process appointments in the calendar'),
	(7651, 1, 'p5af875cbd2d90', 'Darstellung: Standard-Farbe für Prozesse im Kalender'),
	(7652, 4, 'p5af875ae86058', 'Display: Use the color of the creator for process appointments'),
	(7653, 3, 'p5af875ae86058', 'Display: Use the color of the creator for process appointments'),
	(7654, 2, 'p5af875ae86058', 'Display: Use the color of the creator for process appointments'),
	(7655, 1, 'p5af875ae86058', 'Darstellung: Farbe des Erstellers für Prozess-Termine verwenden'),
	(7656, 4, 'p5b00619f7b24a', 'Keep the data, anonymized'),
	(7657, 3, 'p5b00619f7b24a', 'Keep the data, anonymized'),
	(7658, 2, 'p5b00619f7b24a', 'Keep the data, anonymized'),
	(7659, 1, 'p5b00619f7b24a', 'Daten anonymisiert behalten'),
	(7660, 4, 'p5b00617154513', 'Irreversibly delete all related data'),
	(7661, 3, 'p5b00617154513', 'Irreversibly delete all related data'),
	(7662, 2, 'p5b00617154513', 'Irreversibly delete all related data'),
	(7663, 1, 'p5b00617154513', 'Alle zugehörigen Daten irreversibel löschen'),
	(7664, 4, 'p5b00614c9075d', 'Behaviour when deleting users'),
	(7665, 3, 'p5b00614c9075d', 'Behaviour when deleting users'),
	(7666, 2, 'p5b00614c9075d', 'Behaviour when deleting users'),
	(7667, 1, 'p5b00614c9075d', 'Verhalten beim Löschen von Benutzern'),
	(7668, 4, 'p5b03118c5ff01', 'Deleted user'),
	(7669, 3, 'p5b03118c5ff01', 'Deleted user'),
	(7670, 2, 'p5b03118c5ff01', 'Deleted user'),
	(7671, 1, 'p5b03118c5ff01', 'Gelöschter Benutzer'),
	(7672, 4, 'p5b23b580a14bc', 'Bookable days'),
	(7673, 3, 'p5b23b580a14bc', 'Bookable days'),
	(7674, 2, 'p5b23b580a14bc', 'Bookable days'),
	(7675, 1, 'p5b23b580a14bc', 'Buchbare Tage'),
	(7676, 4, 'p5cd0158901793', 'Show the link generator for this user in the appointment assistant'),
	(7677, 3, 'p5cd0158901793', 'Show the link generator for this user in the appointment assistant'),
	(7678, 2, 'p5cd0158901793', 'Show the link generator for this user in the appointment assistant'),
	(7679, 1, 'p5cd0158901793', 'Linkgenerierung für diese Benutzer im TA anzeigen'),
	(7680, 4, 'p5cd01b7459cbd', 'Message to the client'),
	(7681, 3, 'p5cd01b7459cbd', 'Message to the client'),
	(7682, 2, 'p5cd01b7459cbd', 'Message to the client'),
	(7683, 1, 'p5cd01b7459cbd', 'Nachricht an Klient'),
	(7684, 4, 'p5d385861b03c1', 'Publicly visible, depending on your settings.'),
	(7685, 3, 'p5d385861b03c1', 'Publicly visible, depending on your settings.'),
	(7686, 2, 'p5d385861b03c1', 'Publicly visible, depending on your settings.'),
	(7687, 1, 'p5d385861b03c1', 'Je nach Einstellung öffentlich sichtbar.'),
	(7688, 4, 'p5d385846df6e1', 'Image for the booking'),
	(7689, 3, 'p5d385846df6e1', 'Image for the booking'),
	(7690, 2, 'p5d385846df6e1', 'Image for the booking'),
	(7691, 1, 'p5d385846df6e1', 'Bild für die Buchung'),
	(7692, 4, 'p5d384cd000125', 'There is no further booking information.'),
	(7693, 3, 'p5d384cd000125', 'There is no further booking information.'),
	(7694, 2, 'p5d384cd000125', 'There is no further booking information.'),
	(7695, 1, 'p5d384cd000125', 'Es gibt keine weiteren Buchungsinformationen.'),
	(7696, 4, 'p5d384a5db672e', 'Booking information'),
	(7697, 3, 'p5d384a5db672e', 'Booking information'),
	(7698, 2, 'p5d384a5db672e', 'Booking information'),
	(7699, 1, 'p5d384a5db672e', 'Buchungsinformationen'),
	(7700, 4, 'p5d382ce2e006f', 'Publicly show the annotations and the image'),
	(7701, 3, 'p5d382ce2e006f', 'Publicly show the annotations and the image'),
	(7702, 2, 'p5d382ce2e006f', 'Publicly show the annotations and the image'),
	(7703, 1, 'p5d382ce2e006f', 'Anmerkungen und Bild öffentlich anzeigen'),
	(7704, 4, 'p5d4175d5ae4d7', 'Allow same-day bookings'),
	(7705, 3, 'p5d4175d5ae4d7', 'Allow same-day bookings'),
	(7706, 2, 'p5d4175d5ae4d7', 'Allow same-day bookings'),
	(7707, 1, 'p5d4175d5ae4d7', 'Buchungen am heutigen Tag zulassen'),
	(7708, 1, 'p5d8bb44da7795', 'Keine Auswahl'),
	(7709, 2, 'p5d8bb44da7795', 'No selection'),
	(7710, 3, 'p5d8bb44da7795', 'No selection'),
	(7711, 4, 'p5d8bb44da7795', 'No selection'),
	(7712, 1, 'p5d9217bc96386', 'Welchen Versicherungsschutz haben Sie (bei Unfall- / Glasschaden bitte angeben)?'),
	(7713, 1, 'p5d921939c0131', 'Welchen Versicherungsschutz haben Sie (bei Unfall- / Glasschaden bitte angeben)?'),
	(7714, 1, 'p5d94d86ccc54f', 'Auswahl des Geschlechts aktivieren'),
	(7715, 2, 'p5d94d86ccc54f', 'Activate the selector for a specific gender'),
	(7716, 3, 'p5d94d86ccc54f', 'Activate the selector for a specific gender'),
	(7717, 4, 'p5d94d86ccc54f', 'Activate the selector for a specific gender'),
	(7718, 1, 'p5d94dac737da3', 'Bilder-Upload für Termine aktiviert'),
	(7719, 2, 'p5d94dac737da3', 'Enable image uploads for calendar entries'),
	(7720, 3, 'p5d94dac737da3', 'Enable image uploads for calendar entries'),
	(7721, 4, 'p5d94dac737da3', 'Enable image uploads for calendar entries'),
	(7722, 1, 'p5d94f1c67b1ca', 'Angehängte Bilder'),
	(7723, 2, 'p5d94f1c67b1ca', 'Attached images'),
	(7724, 3, 'p5d94f1c67b1ca', 'Attached images'),
	(7725, 4, 'p5d94f1c67b1ca', 'Attached images'),
	(7726, 1, 'p5d94f2dc1c0dc', 'Bild-/PDF-Upload'),
	(7727, 2, 'p5d94f2dc1c0dc', 'Image upload'),
	(7728, 3, 'p5d94f2dc1c0dc', 'Image upload'),
	(7729, 4, 'p5d94f2dc1c0dc', 'Image upload'),
	(7730, 1, 'p5d95130923a92', 'Service-Termine: Bitte immer den FZ-Ausweis hochladen.\nAndere Leistungen: Optionaler Bild-/PDF-Upload.'),
	(7731, 2, 'p5d95130923a92', 'Optional: Add an image to the appointment.'),
	(7732, 3, 'p5d95130923a92', 'Optional: Add an image to the appointment.'),
	(7733, 4, 'p5d95130923a92', 'Optional: Add an image to the appointment.');
/*!40000 ALTER TABLE `language_variable` ENABLE KEYS */;

-- Exportiere Struktur von Tabelle spm.language_variable_missing
CREATE TABLE IF NOT EXISTS `language_variable_missing` (
  `language_variable_missing_id` int(11) NOT NULL AUTO_INCREMENT,
  `language_variable_missing_identifier` varchar(45) NOT NULL,
  PRIMARY KEY (`language_variable_missing_id`)
) ENGINE=InnoDB AUTO_INCREMENT=204 DEFAULT CHARSET=latin1;

-- Exportiere Daten aus Tabelle spm.language_variable_missing: ~66 rows (ungefähr)
/*!40000 ALTER TABLE `language_variable_missing` DISABLE KEYS */;
INSERT INTO `language_variable_missing` (`language_variable_missing_id`, `language_variable_missing_identifier`) VALUES
	(50, ' p57a9eb8e89694'),
	(65, 'p57c57e4f65a50'),
	(66, 'p57c57ea5b5525'),
	(101, 'p57c57e77579b9'),
	(102, 'p57c57e8fb8d8e'),
	(105, 'p57c57eae7a9d7'),
	(106, 'p57c56c437c944'),
	(121, '11218'),
	(122, '11221'),
	(144, 'p58471b4682513'),
	(145, 'p584717eb35c06'),
	(149, ''),
	(150, '11217'),
	(151, '10481'),
	(152, '10482'),
	(153, 'p5804d1b9c35f7'),
	(154, 'p5804d1db13a3b'),
	(155, 'p5856de560144c'),
	(156, 'p5856df04c19b9'),
	(157, 'p5771361d5c24d'),
	(158, 'p5771364028854'),
	(159, 'p576c10ec1bbcf'),
	(160, 'p576c1100070da'),
	(161, '10957'),
	(162, '10958'),
	(163, '10955'),
	(164, '10956'),
	(165, '10807'),
	(166, '10808'),
	(167, '10124'),
	(168, '10125'),
	(169, '10000'),
	(170, '10001'),
	(171, '10027'),
	(172, '10548'),
	(173, '10243'),
	(174, '10244'),
	(175, '10245'),
	(176, '10246'),
	(177, '10250'),
	(178, '10251'),
	(179, '10139'),
	(180, '10140'),
	(181, '11216'),
	(182, '11177'),
	(183, '10929'),
	(184, '10870'),
	(185, '10869'),
	(186, 'p57b6dde301142'),
	(187, '11178'),
	(188, '11179'),
	(189, '10223'),
	(190, '11195'),
	(191, '11196'),
	(192, '11198'),
	(193, '11197'),
	(194, '11215'),
	(195, 'p574476664f2b5'),
	(196, 'p596108df48e4b'),
	(197, 'p5a07370fba1a1'),
	(198, 'p5808f8bf57a4c'),
	(199, 'p5808f8f104fd2'),
	(200, 'p5cd0158901793'),
	(201, 'p58da6c8c02cd1'),
	(202, 'p58da6ce165980'),
	(203, 'p5cd021804d872');
/*!40000 ALTER TABLE `language_variable_missing` ENABLE KEYS */;

-- Exportiere Struktur von Tabelle spm.login_failure_log
CREATE TABLE IF NOT EXISTS `login_failure_log` (
  `login_failure_log_id` int(11) NOT NULL AUTO_INCREMENT,
  `login_failure_log_ip` varchar(40) NOT NULL,
  `login_failure_log_timestamp` timestamp NOT NULL DEFAULT CURRENT_TIMESTAMP,
  PRIMARY KEY (`login_failure_log_id`)
) ENGINE=InnoDB DEFAULT CHARSET=utf8;

-- Exportiere Daten aus Tabelle spm.login_failure_log: ~0 rows (ungefähr)
/*!40000 ALTER TABLE `login_failure_log` DISABLE KEYS */;
/*!40000 ALTER TABLE `login_failure_log` ENABLE KEYS */;

-- Exportiere Struktur von Tabelle spm.mail_distribution
CREATE TABLE IF NOT EXISTS `mail_distribution` (
  `mail_distribution_id` int(11) NOT NULL AUTO_INCREMENT,
  `mail_distribution_email` text NOT NULL,
  `mail_distribution_name` varchar(255) NOT NULL,
  `mail_distribution_type` varchar(255) NOT NULL,
  PRIMARY KEY (`mail_distribution_id`),
  KEY `mail_distribution_type` (`mail_distribution_type`)
) ENGINE=InnoDB DEFAULT CHARSET=utf8;

-- Exportiere Daten aus Tabelle spm.mail_distribution: ~0 rows (ungefähr)
/*!40000 ALTER TABLE `mail_distribution` DISABLE KEYS */;
/*!40000 ALTER TABLE `mail_distribution` ENABLE KEYS */;

-- Exportiere Struktur von Tabelle spm.mail_distribution_type
CREATE TABLE IF NOT EXISTS `mail_distribution_type` (
  `mail_distribution_type_id` int(11) NOT NULL AUTO_INCREMENT,
  `mail_distribution_type_value` varchar(255) DEFAULT NULL,
  `mail_distribution_type_language_variable` int(11) DEFAULT NULL,
  PRIMARY KEY (`mail_distribution_type_id`)
) ENGINE=InnoDB DEFAULT CHARSET=utf8;

-- Exportiere Daten aus Tabelle spm.mail_distribution_type: ~0 rows (ungefähr)
/*!40000 ALTER TABLE `mail_distribution_type` DISABLE KEYS */;
/*!40000 ALTER TABLE `mail_distribution_type` ENABLE KEYS */;

-- Exportiere Struktur von Tabelle spm.mail_log
CREATE TABLE IF NOT EXISTS `mail_log` (
  `mail_log_id` int(11) NOT NULL AUTO_INCREMENT,
  `mail_log_content` text,
  `mail_log_status` enum('sent','failed','pending') NOT NULL DEFAULT 'pending',
  `mail_log_status_message` text,
  `mail_log_date_created` timestamp NULL DEFAULT CURRENT_TIMESTAMP,
  PRIMARY KEY (`mail_log_id`),
  UNIQUE KEY `idmail_log_UNIQUE` (`mail_log_id`)
) ENGINE=InnoDB AUTO_INCREMENT=292 DEFAULT CHARSET=latin1;

-- Exportiere Daten aus Tabelle spm.mail_log: ~189 rows (ungefähr)
/*!40000 ALTER TABLE `mail_log` DISABLE KEYS */;
INSERT INTO `mail_log` (`mail_log_id`, `mail_log_content`, `mail_log_status`, `mail_log_status_message`, `mail_log_date_created`) VALUES
	(134, '{"recipients":[{"name":"Anna Bertram","address":"anna.bertram@test.de"}],"recipientsCarbonCopy":[],"recipientsBlindCarbonCopy":[],"subject":"Neuer Kalendereintrag f\\u00fcr Sie!"}', 'sent', '', '2016-05-28 20:33:14'),
	(135, '{"recipients":[{"name":"Peter Hamm","address":"paydorrr@gmail.com"}],"recipientsCarbonCopy":[],"recipientsBlindCarbonCopy":[],"subject":"Neuer Kalendereintrag durch einen Benutzer"}', 'sent', '', '2016-05-28 20:33:14'),
	(136, '{"recipients":[{"name":"Dieter Test","address":"dieter@test.de"}],"recipientsCarbonCopy":[],"recipientsBlindCarbonCopy":[],"subject":"Neuer Kalendereintrag durch einen Benutzer"}', 'sent', '', '2016-05-28 20:33:15'),
	(137, '{"recipients":[{"name":"Anna Bertram","address":"anna.bertram@test.de"}],"recipientsCarbonCopy":[],"recipientsBlindCarbonCopy":[],"subject":"Ihr Termin wurde best\\u00e4tigt!"}', 'sent', '', '2016-05-28 20:40:47'),
	(138, '{"recipients":[{"name":"Arnulf Testmann","address":"arnulf@testmann.de"}],"recipientsCarbonCopy":[],"recipientsBlindCarbonCopy":[],"subject":"Erinnerung an Ihren Termin"}', 'sent', '', '2016-05-30 08:00:01'),
	(139, '{"recipients":[{"name":"Peter Hamm","address":"paydorrr@gmail.com"}],"recipientsCarbonCopy":[],"recipientsBlindCarbonCopy":[],"subject":"Neuer Kalendereintrag f\\u00fcr Sie!"}', 'sent', '', '2016-05-30 17:25:26'),
	(140, '{"recipients":[{"name":"Peter Hamm","address":"paydorrr@gmail.com"}],"recipientsCarbonCopy":[],"recipientsBlindCarbonCopy":[],"subject":"Ihr Termin wurde abgelehnt\\/abgesagt!"}', 'sent', '', '2016-05-30 17:26:01'),
	(141, '{"recipients":[{"name":"Peter Hamm","address":"paydorrr@gmail.com"}],"recipientsCarbonCopy":[],"recipientsBlindCarbonCopy":[],"subject":"Ihr Termin wurde best\\u00e4tigt!"}', 'sent', '', '2016-05-30 18:01:05'),
	(142, '{"recipients":[{"name":"Peter Hamm","address":"paydorrr@gmail.com"}],"recipientsCarbonCopy":[],"recipientsBlindCarbonCopy":[],"subject":"Ihr Termin wurde abgelehnt\\/abgesagt!"}', 'sent', '', '2016-05-30 18:02:08'),
	(143, '{"recipients":[{"name":"Bettina Rademacher","address":"b.r@ergo-praxis.ch"}],"recipientsCarbonCopy":[],"recipientsBlindCarbonCopy":[],"subject":"Erinnerung an Ihren Termin"}', 'sent', '', '2016-05-31 11:50:01'),
	(144, '{"recipients":[{"name":"Peter Hamm","address":"paydorrr@gmail.com"}],"recipientsCarbonCopy":[],"recipientsBlindCarbonCopy":[],"subject":"Erinnerung an Ihren Termin"}', 'sent', '', '2016-05-31 12:50:01'),
	(145, '{"recipients":[{"name":"Dieter Test","address":"dieter@test.de"}],"recipientsCarbonCopy":[],"recipientsBlindCarbonCopy":[],"subject":"Erinnerung an Ihren Termin"}', 'sent', '', '2016-06-01 07:30:02'),
	(146, '{"recipients":[{"name":"Anna Bertram","address":"anna.bertram@test.de"}],"recipientsCarbonCopy":[],"recipientsBlindCarbonCopy":[],"subject":"Neuer Kalendereintrag f\\u00fcr Sie!"}', 'sent', '', '2016-06-08 07:48:37'),
	(147, '{"recipients":[{"name":"Frederik Holler","address":"freddy.holler@gee-bs.com"}],"recipientsCarbonCopy":[],"recipientsBlindCarbonCopy":[],"subject":"Ihre Anfrage"}', 'sent', '', '2016-06-08 08:48:34'),
	(148, '{"recipients":[{"name":"Dieter Test","address":"dieter@test.de"}],"recipientsCarbonCopy":[],"recipientsBlindCarbonCopy":[],"subject":"Neuer Kalendereintrag durch einen Patienten"}', 'sent', '', '2016-06-08 08:48:34'),
	(149, '{"recipients":[{"name":"Frederik Holler","address":"freddy.holler@gee-bs.com"}],"recipientsCarbonCopy":[],"recipientsBlindCarbonCopy":[],"subject":"Ihr Termin wurde abgelehnt\\/abgesagt!"}', 'sent', '', '2016-06-08 08:57:43'),
	(150, '{"recipients":[{"name":"Frederik Holler","address":"freddy.holler@gee-bs.com"}],"recipientsCarbonCopy":[],"recipientsBlindCarbonCopy":[],"subject":"Ihre Anfrage"}', 'sent', '', '2016-06-08 09:10:36'),
	(151, '{"recipients":[{"name":"Martin Reiner","address":"martin.reiner@cons-sys.com"}],"recipientsCarbonCopy":[],"recipientsBlindCarbonCopy":[],"subject":"Neuer Kalendereintrag durch einen Patienten"}', 'sent', '', '2016-06-08 09:10:36'),
	(152, '{"recipients":[{"name":"Frederik Holler","address":"freddy.holler@gee-bs.com"}],"recipientsCarbonCopy":[],"recipientsBlindCarbonCopy":[],"subject":"Ihr Termin wurde best\\u00e4tigt!"}', 'sent', '', '2016-06-08 09:12:26'),
	(153, '{"recipients":[{"name":"Frederik Holler","address":"freddy.holler@gee-bs.com"}],"recipientsCarbonCopy":[],"recipientsBlindCarbonCopy":[],"subject":"Ihre Anfrage"}', 'sent', '', '2016-06-08 09:16:15'),
	(154, '{"recipients":[{"name":"Dieter Test","address":"dieter@test.de"}],"recipientsCarbonCopy":[],"recipientsBlindCarbonCopy":[],"subject":"Neuer Kalendereintrag durch einen Patienten"}', 'sent', '', '2016-06-08 09:16:15'),
	(155, '{"recipients":[{"name":"Frederik Holler","address":"freddy.holler@gee-bs.com"}],"recipientsCarbonCopy":[],"recipientsBlindCarbonCopy":[],"subject":"Ihre Buchungs\\u00e4nderung"}', 'sent', '', '2016-06-08 09:16:34'),
	(156, '{"recipients":[{"name":"Frederik Holler","address":"freddy.holler@gee-bs.com"}],"recipientsCarbonCopy":[],"recipientsBlindCarbonCopy":[],"subject":"Ihr Termin wurde best\\u00e4tigt!"}', 'sent', '', '2016-06-08 09:18:10'),
	(157, '{"recipients":[{"name":"Martin Reiner","address":"martin.reiner@cons-sys.com"}],"recipientsCarbonCopy":[],"recipientsBlindCarbonCopy":[],"subject":"Erinnerung an Ihren Termin"}', 'sent', '', '2016-06-08 09:30:01'),
	(158, '{"recipients":[{"name":"Frederik Holler","address":"freddy.holler@gee-bs.com"}],"recipientsCarbonCopy":[],"recipientsBlindCarbonCopy":[],"subject":"Erinnerung an Ihren Termin"}', 'sent', '', '2016-06-08 10:00:01'),
	(159, '{"recipients":[{"name":"Frederik Holler","address":"freddy.holler@gee-bs.com"}],"recipientsCarbonCopy":[],"recipientsBlindCarbonCopy":[],"subject":"Ihre Anfrage"}', 'sent', '', '2016-06-08 10:28:53'),
	(160, '{"recipients":[{"name":"Dieter Test","address":"dieter@test.de"}],"recipientsCarbonCopy":[],"recipientsBlindCarbonCopy":[],"subject":"Neuer Kalendereintrag durch einen Patienten"}', 'sent', '', '2016-06-08 10:28:54'),
	(161, '{"recipients":[{"name":"Frederik Holler","address":"freddy.holler@gee-bs.com"}],"recipientsCarbonCopy":[],"recipientsBlindCarbonCopy":[],"subject":"Ihr Termin wurde best\\u00e4tigt!"}', 'sent', '', '2016-06-08 10:31:28'),
	(162, '{"recipients":[{"name":"Frederik Holler","address":"freddy.holler@gee-bs.com"}],"recipientsCarbonCopy":[],"recipientsBlindCarbonCopy":[],"subject":"Erinnerung an Ihren Termin"}', 'sent', '', '2016-06-09 08:30:01'),
	(163, '{"recipients":[{"name":"Peter Hamm","address":"paydorrr@gmail.com"}],"recipientsCarbonCopy":[],"recipientsBlindCarbonCopy":[],"subject":"Ihre Anfrage"}', 'sent', '', '2016-06-13 23:56:01'),
	(164, '{"recipients":[{"name":"Peter Hamm","address":"paydorrr@gmail.com"}],"recipientsCarbonCopy":[],"recipientsBlindCarbonCopy":[],"subject":"Neuer Kalendereintrag durch einen Patienten"}', 'sent', '', '2016-06-13 23:56:02'),
	(165, '{"recipients":[{"name":"Frederik Holler","address":"freddy.holler@gee-bs.com"}],"recipientsCarbonCopy":[],"recipientsBlindCarbonCopy":[],"subject":"Ihre Anfrage"}', 'sent', '', '2016-06-14 08:36:59'),
	(166, '{"recipients":[{"name":"Frederik Holler","address":"freddy.holler@gee-bs.com"}],"recipientsCarbonCopy":[],"recipientsBlindCarbonCopy":[],"subject":"Ihr Termin wurde best\\u00e4tigt!"}', 'sent', '', '2016-06-14 11:21:31'),
	(167, '{"recipients":[{"name":"Frederik Holler","address":"freddy.holler@gee-bs.com"}],"recipientsCarbonCopy":[],"recipientsBlindCarbonCopy":[],"subject":"Ihre Anfrage"}', 'sent', '', '2016-06-14 13:02:35'),
	(168, '{"recipients":[{"name":"Martin Reiner","address":"martin.reiner@cons-sys.com"}],"recipientsCarbonCopy":[],"recipientsBlindCarbonCopy":[],"subject":"Neuer Kalendereintrag durch einen Kunden"}', 'sent', '', '2016-06-14 13:02:35'),
	(169, '{"recipients":[{"name":"Peter Hamm","address":"paydorrr@gmail.com"}],"recipientsCarbonCopy":[],"recipientsBlindCarbonCopy":[],"subject":"Ihre Buchungs\\u00e4nderung"}', 'sent', '', '2016-06-14 17:46:07'),
	(170, '{"recipients":[{"name":"=?utf-8?Q?Peter=20Hamm?=","address":"paydorrr@gmail.com"}],"recipientsCarbonCopy":[],"recipientsBlindCarbonCopy":[],"subject":"=?utf-8?Q?Neuer=20Kalendereintrag=20f=C3=BCr=20Sie!?="}', 'sent', NULL, '2016-07-25 16:14:07'),
	(171, '{"recipients":[{"name":"=?utf-8?Q?Peter=20Hamm?=","address":"paydorrr@gmail.com"}],"recipientsCarbonCopy":[],"recipientsBlindCarbonCopy":[],"subject":"=?utf-8?Q?Neuer=20Kalendereintrag=20f=C3=BCr=20Sie!?="}', 'sent', NULL, '2016-07-25 16:14:07'),
	(172, '{"recipients":[{"name":"=?utf-8?Q?Peter=20Hamm?=","address":"paydorrr@gmail.com"}],"recipientsCarbonCopy":[],"recipientsBlindCarbonCopy":[],"subject":"=?utf-8?Q?Neuer=20Kalendereintrag=20f=C3=BCr=20Sie!?="}', 'sent', NULL, '2016-07-25 16:14:07'),
	(173, '{"recipients":[{"name":"=?utf-8?Q?Peter=20Hamm?=","address":"paydorrr@gmail.com"}],"recipientsCarbonCopy":[],"recipientsBlindCarbonCopy":[],"subject":"=?utf-8?Q?Neuer=20Kalendereintrag=20f=C3=BCr=20Sie!?="}', 'sent', NULL, '2016-07-25 16:14:07'),
	(174, '{"recipients":[{"name":"=?utf-8?Q?Peter=20Hamm?=","address":"paydorrr@gmail.com"}],"recipientsCarbonCopy":[],"recipientsBlindCarbonCopy":[],"subject":"=?utf-8?Q?Neuer=20Kalendereintrag=20f=C3=BCr=20Sie!?="}', 'sent', NULL, '2016-07-25 16:14:07'),
	(175, '{"recipients":[{"name":"=?utf-8?Q?Peter=20Hamm?=","address":"paydorrr@gmail.com"}],"recipientsCarbonCopy":[],"recipientsBlindCarbonCopy":[],"subject":"=?utf-8?Q?Neuer=20Kalendereintrag=20f=C3=BCr=20Sie!?="}', 'sent', NULL, '2016-07-25 16:14:08'),
	(176, '{"recipients":[{"name":"=?utf-8?Q?Peter=20Hamm?=","address":"paydorrr@gmail.com"}],"recipientsCarbonCopy":[],"recipientsBlindCarbonCopy":[],"subject":"=?utf-8?Q?Neuer=20Kalendereintrag=20f=C3=BCr=20Sie!?="}', 'sent', NULL, '2016-07-25 16:14:08'),
	(177, '{"recipients":[{"name":"=?utf-8?Q?Peter=20Hamm?=","address":"paydorrr@gmail.com"}],"recipientsCarbonCopy":[],"recipientsBlindCarbonCopy":[],"subject":"=?utf-8?Q?Neuer=20Kalendereintrag=20f=C3=BCr=20Sie!?="}', 'sent', NULL, '2016-07-25 16:14:08'),
	(178, '{"recipients":[{"name":"=?utf-8?Q?Peter=20Hamm?=","address":"paydorrr@gmail.com"}],"recipientsCarbonCopy":[],"recipientsBlindCarbonCopy":[],"subject":"=?utf-8?Q?Neuer=20Kalendereintrag=20f=C3=BCr=20Sie!?="}', 'sent', NULL, '2016-07-25 16:14:08'),
	(179, '{"recipients":[{"name":"=?utf-8?Q?Peter=20Hamm?=","address":"paydorrr@gmail.com"}],"recipientsCarbonCopy":[],"recipientsBlindCarbonCopy":[],"subject":"=?utf-8?Q?Neuer=20Kalendereintrag=20f=C3=BCr=20Sie!?="}', 'sent', NULL, '2016-07-25 16:14:08'),
	(180, '{"recipients":[{"name":"=?utf-8?Q?Peter=20Hamm?=","address":"paydorrr@gmail.com"}],"recipientsCarbonCopy":[],"recipientsBlindCarbonCopy":[],"subject":"=?utf-8?Q?Ihr=20Termin=20wurde=20best=C3=A4tigt!?="}', 'sent', NULL, '2016-07-25 16:14:24'),
	(181, '{"recipients":[{"name":"=?utf-8?Q?Peter=20Hamm?=","address":"paydorrr@gmail.com"}],"recipientsCarbonCopy":[],"recipientsBlindCarbonCopy":[],"subject":"=?utf-8?Q?Neuer=20Kalendereintrag=20f=C3=BCr=20Sie!?="}', 'sent', NULL, '2016-07-25 16:15:18'),
	(182, '{"recipients":[{"name":"=?utf-8?Q?Peter=20Hamm?=","address":"paydorrr@gmail.com"}],"recipientsCarbonCopy":[],"recipientsBlindCarbonCopy":[],"subject":"=?utf-8?Q?Neuer=20Kalendereintrag=20f=C3=BCr=20Sie!?="}', 'sent', NULL, '2016-07-25 16:16:18'),
	(183, '{"recipients":[{"name":"=?utf-8?Q?Martin=20Reiner?=","address":"martin.reiner@cons-sys.com"}],"recipientsCarbonCopy":[],"recipientsBlindCarbonCopy":[],"subject":"=?utf-8?Q?Neuer=20Kalendereintrag=20durch=20einen=20Benutzer?="}', 'sent', NULL, '2016-07-25 16:16:18'),
	(184, '{"recipients":[{"name":"=?utf-8?Q?Peter=20Hamm?=","address":"paydorrr@gmail.com"}],"recipientsCarbonCopy":[],"recipientsBlindCarbonCopy":[],"subject":"=?utf-8?Q?Neuer=20Kalendereintrag=20f=C3=BCr=20Sie!?="}', 'sent', NULL, '2016-07-25 16:16:18'),
	(185, '{"recipients":[{"name":"=?utf-8?Q?Martin=20Reiner?=","address":"martin.reiner@cons-sys.com"}],"recipientsCarbonCopy":[],"recipientsBlindCarbonCopy":[],"subject":"=?utf-8?Q?Neuer=20Kalendereintrag=20durch=20einen=20Benutzer?="}', 'sent', NULL, '2016-07-25 16:16:18'),
	(186, '{"recipients":[{"name":"=?utf-8?Q?Peter=20Hamm?=","address":"paydorrr@gmail.com"}],"recipientsCarbonCopy":[],"recipientsBlindCarbonCopy":[],"subject":"=?utf-8?Q?Neuer=20Kalendereintrag=20f=C3=BCr=20Sie!?="}', 'sent', NULL, '2016-07-25 16:16:18'),
	(187, '{"recipients":[{"name":"=?utf-8?Q?Martin=20Reiner?=","address":"martin.reiner@cons-sys.com"}],"recipientsCarbonCopy":[],"recipientsBlindCarbonCopy":[],"subject":"=?utf-8?Q?Neuer=20Kalendereintrag=20durch=20einen=20Benutzer?="}', 'sent', NULL, '2016-07-25 16:16:19'),
	(188, '{"recipients":[{"name":"=?utf-8?Q?Peter=20Hamm?=","address":"paydorrr@gmail.com"}],"recipientsCarbonCopy":[],"recipientsBlindCarbonCopy":[],"subject":"=?utf-8?Q?Neuer=20Kalendereintrag=20f=C3=BCr=20Sie!?="}', 'sent', NULL, '2016-07-25 16:16:19'),
	(189, '{"recipients":[{"name":"=?utf-8?Q?Martin=20Reiner?=","address":"martin.reiner@cons-sys.com"}],"recipientsCarbonCopy":[],"recipientsBlindCarbonCopy":[],"subject":"=?utf-8?Q?Neuer=20Kalendereintrag=20durch=20einen=20Benutzer?="}', 'sent', NULL, '2016-07-25 16:16:19'),
	(190, '{"recipients":[{"name":"=?utf-8?Q?Peter=20Hamm?=","address":"paydorrr@gmail.com"}],"recipientsCarbonCopy":[],"recipientsBlindCarbonCopy":[],"subject":"=?utf-8?Q?Neuer=20Kalendereintrag=20f=C3=BCr=20Sie!?="}', 'sent', NULL, '2016-07-25 16:16:19'),
	(191, '{"recipients":[{"name":"=?utf-8?Q?Martin=20Reiner?=","address":"martin.reiner@cons-sys.com"}],"recipientsCarbonCopy":[],"recipientsBlindCarbonCopy":[],"subject":"=?utf-8?Q?Neuer=20Kalendereintrag=20durch=20einen=20Benutzer?="}', 'sent', NULL, '2016-07-25 16:16:19'),
	(192, '{"recipients":[{"name":"=?utf-8?Q?Peter=20Hamm?=","address":"paydorrr@gmail.com"}],"recipientsCarbonCopy":[],"recipientsBlindCarbonCopy":[],"subject":"=?utf-8?Q?Neuer=20Kalendereintrag=20f=C3=BCr=20Sie!?="}', 'sent', NULL, '2016-07-25 16:16:19'),
	(193, '{"recipients":[{"name":"=?utf-8?Q?Martin=20Reiner?=","address":"martin.reiner@cons-sys.com"}],"recipientsCarbonCopy":[],"recipientsBlindCarbonCopy":[],"subject":"=?utf-8?Q?Neuer=20Kalendereintrag=20durch=20einen=20Benutzer?="}', 'sent', NULL, '2016-07-25 16:16:19'),
	(194, '{"recipients":[{"name":"=?utf-8?Q?Peter=20Hamm?=","address":"paydorrr@gmail.com"}],"recipientsCarbonCopy":[],"recipientsBlindCarbonCopy":[],"subject":"=?utf-8?Q?Neuer=20Kalendereintrag=20f=C3=BCr=20Sie!?="}', 'sent', NULL, '2016-07-25 16:16:19'),
	(195, '{"recipients":[{"name":"=?utf-8?Q?Martin=20Reiner?=","address":"martin.reiner@cons-sys.com"}],"recipientsCarbonCopy":[],"recipientsBlindCarbonCopy":[],"subject":"=?utf-8?Q?Neuer=20Kalendereintrag=20durch=20einen=20Benutzer?="}', 'sent', NULL, '2016-07-25 16:16:20'),
	(196, '{"recipients":[{"name":"=?utf-8?Q?Peter=20Hamm?=","address":"paydorrr@gmail.com"}],"recipientsCarbonCopy":[],"recipientsBlindCarbonCopy":[],"subject":"=?utf-8?Q?Neuer=20Kalendereintrag=20f=C3=BCr=20Sie!?="}', 'sent', NULL, '2016-07-25 16:16:20'),
	(197, '{"recipients":[{"name":"=?utf-8?Q?Martin=20Reiner?=","address":"martin.reiner@cons-sys.com"}],"recipientsCarbonCopy":[],"recipientsBlindCarbonCopy":[],"subject":"=?utf-8?Q?Neuer=20Kalendereintrag=20durch=20einen=20Benutzer?="}', 'sent', NULL, '2016-07-25 16:16:20'),
	(198, '{"recipients":[{"name":"=?utf-8?Q?Peter=20Hamm?=","address":"paydorrr@gmail.com"}],"recipientsCarbonCopy":[],"recipientsBlindCarbonCopy":[],"subject":"=?utf-8?Q?Neuer=20Kalendereintrag=20f=C3=BCr=20Sie!?="}', 'sent', NULL, '2016-07-25 16:16:20'),
	(199, '{"recipients":[{"name":"=?utf-8?Q?Martin=20Reiner?=","address":"martin.reiner@cons-sys.com"}],"recipientsCarbonCopy":[],"recipientsBlindCarbonCopy":[],"subject":"=?utf-8?Q?Neuer=20Kalendereintrag=20durch=20einen=20Benutzer?="}', 'sent', NULL, '2016-07-25 16:16:20'),
	(200, '{"recipients":[{"name":"=?utf-8?Q?Peter=20Hamm?=","address":"paydorrr@gmail.com"}],"recipientsCarbonCopy":[],"recipientsBlindCarbonCopy":[],"subject":"=?utf-8?Q?Neuer=20Kalendereintrag=20f=C3=BCr=20Sie!?="}', 'sent', NULL, '2016-07-25 16:16:20'),
	(201, '{"recipients":[{"name":"=?utf-8?Q?Martin=20Reiner?=","address":"martin.reiner@cons-sys.com"}],"recipientsCarbonCopy":[],"recipientsBlindCarbonCopy":[],"subject":"=?utf-8?Q?Neuer=20Kalendereintrag=20durch=20einen=20Benutzer?="}', 'sent', NULL, '2016-07-25 16:16:20'),
	(202, '{"recipients":[{"name":"=?utf-8?Q?Peter=20Hamm?=","address":"paydorrr@gmail.com"}],"recipientsCarbonCopy":[],"recipientsBlindCarbonCopy":[],"subject":"=?utf-8?Q?Ihr=20Termin=20wurde=20best=C3=A4tigt!?="}', 'sent', NULL, '2016-07-27 13:24:31'),
	(203, '{"recipients":[{"name":"=?utf-8?Q?Frederik=20Holler?=","address":"freddy.holler@gee-bs.com"}],"recipientsCarbonCopy":[],"recipientsBlindCarbonCopy":[],"subject":"=?utf-8?Q?Ihre=20Anfrage?="}', 'sent', NULL, '2016-08-18 12:02:49'),
	(204, '{"recipients":[{"name":"=?utf-8?Q?Frederik=20Holler?=","address":"freddy.holler@gee-bs.com"}],"recipientsCarbonCopy":[],"recipientsBlindCarbonCopy":[],"subject":"=?utf-8?Q?Ihre=20Buchungs=C3=A4nderung?="}', 'sent', NULL, '2016-08-18 12:02:49'),
	(205, '{"recipients":[{"name":"=?utf-8?Q?Antonia=20Zahn?=","address":"toniza@web.de"}],"recipientsCarbonCopy":[],"recipientsBlindCarbonCopy":[],"subject":"=?utf-8?Q?Ihre=20Registrierung?="}', 'sent', NULL, '2016-08-30 14:03:09'),
	(206, '{"recipients":[{"name":"=?utf-8?Q?Frederik=20Holler?=","address":"freddy.holler@gee-bs.com"}],"recipientsCarbonCopy":[],"recipientsBlindCarbonCopy":[],"subject":"=?utf-8?Q?Ihr=20Termin=20wurde=20best=C3=A4tigt!?="}', 'sent', NULL, '2016-08-30 14:52:11'),
	(207, '{"recipients":[{"name":"=?utf-8?Q?Siegfried=20Klingele?=","address":"k.klingele@web.de"}],"recipientsCarbonCopy":[],"recipientsBlindCarbonCopy":[],"subject":"=?utf-8?Q?Neuer=20Kalendereintrag=20f=C3=BCr=20Sie!?="}', 'sent', NULL, '2016-09-01 12:10:10'),
	(208, '{"recipients":[{"name":"=?utf-8?Q?Alex=20Binninger?=","address":"ximini82@gmail.com"}],"recipientsCarbonCopy":[],"recipientsBlindCarbonCopy":[],"subject":"=?utf-8?Q?Ihre=20Registrierung?="}', 'sent', NULL, '2016-09-09 16:51:17'),
	(209, '{"recipients":[{"name":"=?utf-8?Q?Alex=20Binninger?=","address":"ximini82@gmail.com"}],"recipientsCarbonCopy":[],"recipientsBlindCarbonCopy":[],"subject":"=?utf-8?Q?Ihre=20Anfrage?="}', 'sent', NULL, '2016-09-09 16:51:17'),
	(210, '{"recipients":[{"name":"=?utf-8?Q?Simael=20Dollar?=","address":"simonsws@gmx.de"}],"recipientsCarbonCopy":[],"recipientsBlindCarbonCopy":[],"subject":"=?utf-8?Q?Ihre=20Registrierung?="}', 'sent', NULL, '2016-09-09 16:55:58'),
	(211, '{"recipients":[{"name":"=?utf-8?Q?Adrean=20Koch?=","address":"jithodep@wegwerfemail.de"}],"recipientsCarbonCopy":[],"recipientsBlindCarbonCopy":[],"subject":"=?utf-8?Q?Ihre=20Registrierung?="}', 'sent', NULL, '2016-09-12 11:03:04'),
	(212, '{"recipients":[{"name":"=?utf-8?Q?Frederik=20Holler?=","address":"freddy.holler@gee-bs.com"}],"recipientsCarbonCopy":[],"recipientsBlindCarbonCopy":[],"subject":"=?utf-8?Q?Ihre=20Anfrage?="}', 'sent', NULL, '2016-11-18 13:38:17'),
	(213, '{"recipients":[{"name":"=?utf-8?Q?Frederik=20Holler?=","address":"freddy.holler@gee-bs.com"}],"recipientsCarbonCopy":[],"recipientsBlindCarbonCopy":[],"subject":"=?utf-8?Q?Ihre=20Anfrage?="}', 'sent', NULL, '2016-12-08 11:44:30'),
	(214, '{"recipients":[{"name":"=?utf-8?Q?Frederik=20Holler?=","address":"freddy.holler@gee-bs.com"}],"recipientsCarbonCopy":[],"recipientsBlindCarbonCopy":[],"subject":"=?utf-8?Q?Ihre=20Anfrage?="}', 'sent', NULL, '2016-12-08 11:54:40'),
	(215, '{"recipients":[{"name":"=?utf-8?Q?Frederik=20Holler?=","address":"freddy.holler@gee-bs.com"}],"recipientsCarbonCopy":[],"recipientsBlindCarbonCopy":[],"subject":"=?utf-8?Q?Ihre=20Buchungs=C3=A4nderung?="}', 'sent', NULL, '2016-12-08 11:55:11'),
	(216, '{"recipients":[{"name":"=?utf-8?Q?Frederik=20Holler?=","address":"freddy.holler@gee-bs.com"}],"recipientsCarbonCopy":[],"recipientsBlindCarbonCopy":[],"subject":"=?utf-8?Q?Ihr=20Termin=20wurde=20best=C3=A4tigt!?="}', 'sent', NULL, '2016-12-08 11:57:59'),
	(217, '{"recipients":[{"name":"=?utf-8?Q?Frederik=20Holler?=","address":"freddy.holler@gee-bs.com"}],"recipientsCarbonCopy":[],"recipientsBlindCarbonCopy":[],"subject":"=?utf-8?Q?Ihre=20Anfrage?="}', 'sent', NULL, '2016-12-08 12:33:00'),
	(218, '{"recipients":[{"name":"=?utf-8?Q?Claude=20Graf?=","address":"Claude.Graf1@swisscom.com"}],"recipientsCarbonCopy":[],"recipientsBlindCarbonCopy":[],"subject":"=?utf-8?Q?Neuer=20Kalendereintrag=20durch=20einen=20Kunden?="}', 'sent', NULL, '2016-12-08 12:33:00'),
	(219, '{"recipients":[{"name":"=?utf-8?Q?Frederik=20Holler?=","address":"freddy.holler@gee-bs.com"}],"recipientsCarbonCopy":[],"recipientsBlindCarbonCopy":[],"subject":"=?utf-8?Q?Ihre=20Anfrage?="}', 'sent', NULL, '2017-01-02 09:48:28'),
	(220, '{"recipients":[{"name":"=?utf-8?Q?Frederik=20Holler?=","address":"freddy.holler@gee-bs.com"}],"recipientsCarbonCopy":[],"recipientsBlindCarbonCopy":[],"subject":"=?utf-8?Q?Ihr=20Termin=20wurde=20best=C3=A4tigt!?="}', 'sent', NULL, '2017-01-02 09:50:31'),
	(221, '{"recipients":[{"name":"=?utf-8?Q?Peter=20Hamm?=","address":"paydorrr@gmail.com"}],"recipientsCarbonCopy":[],"recipientsBlindCarbonCopy":[],"subject":"=?utf-8?Q?Neuer=20Kalendereintrag=20f=C3=BCr=20Sie!?="}', 'sent', NULL, '2017-01-03 19:25:51'),
	(222, '{"recipients":[{"name":"=?utf-8?Q?Claude=20Graf?=","address":"Claude.Graf1@swisscom.com"}],"recipientsCarbonCopy":[],"recipientsBlindCarbonCopy":[],"subject":"=?utf-8?Q?Neuer=20Kalendereintrag=20durch=20einen=20Benutzer?="}', 'sent', NULL, '2017-01-30 13:28:08'),
	(223, '{"recipients":[{"name":"=?utf-8?Q?Claude=20Graf?=","address":"Claude.Graf1@swisscom.com"}],"recipientsCarbonCopy":[],"recipientsBlindCarbonCopy":[],"subject":"=?utf-8?Q?Neuer=20Kalendereintrag=20durch=20einen=20Benutzer?="}', 'sent', NULL, '2017-01-30 13:30:05'),
	(224, '{"recipients":[{"name":"=?utf-8?Q?Frederik=20Holler?=","address":"freddy.holler@gee-bs.com"}],"recipientsCarbonCopy":[],"recipientsBlindCarbonCopy":[],"subject":"=?utf-8?Q?Ihre=20Anfrage?="}', 'sent', NULL, '2017-01-30 13:51:48'),
	(225, '{"recipients":[{"name":"=?utf-8?Q?Frederik=20Holler?=","address":"freddy.holler@gee-bs.com"}],"recipientsCarbonCopy":[],"recipientsBlindCarbonCopy":[],"subject":"=?utf-8?Q?Ihr=20Termin=20wurde=20best=C3=A4tigt!?="}', 'sent', NULL, '2017-01-30 13:53:55'),
	(226, '{"recipients":[{"name":"=?utf-8?Q?Frederik=20Holler?=","address":"freddy.holler@gee-bs.com"}],"recipientsCarbonCopy":[],"recipientsBlindCarbonCopy":[],"subject":"=?utf-8?Q?Neuer=20Kalendereintrag=20f=C3=BCr=20Sie!?="}', 'sent', NULL, '2017-01-30 17:47:11'),
	(227, '{"recipients":[{"name":"=?utf-8?Q?Karl=20Hellowanger?=","address":"karl.hw@testtest.ch"}],"recipientsCarbonCopy":[],"recipientsBlindCarbonCopy":[],"subject":"=?utf-8?Q?Neuer=20Kalendereintrag=20f=C3=BCr=20Sie!?="}', 'sent', NULL, '2017-01-31 08:53:52'),
	(228, '{"recipients":[{"name":"=?utf-8?Q?Karl=20Hellowanger?=","address":"karl.hw@testtest.ch"}],"recipientsCarbonCopy":[],"recipientsBlindCarbonCopy":[],"subject":"=?utf-8?Q?Ihr=20Termin=20wurde=20best=C3=A4tigt!?="}', 'sent', NULL, '2017-01-31 08:54:06'),
	(229, '{"recipients":[{"name":"=?utf-8?Q?Ute=20Nustelkamp?=","address":"ute@testtest.ch"}],"recipientsCarbonCopy":[],"recipientsBlindCarbonCopy":[],"subject":"=?utf-8?Q?Neuer=20Kalendereintrag=20f=C3=BCr=20Sie!?="}', 'sent', NULL, '2017-01-31 08:54:42'),
	(230, '{"recipients":[{"name":"=?utf-8?Q?Giovanni=20Pestoni?=","address":"fp@testtest.ch"}],"recipientsCarbonCopy":[],"recipientsBlindCarbonCopy":[],"subject":"=?utf-8?Q?Neuer=20Kalendereintrag=20f=C3=BCr=20Sie!?="}', 'sent', NULL, '2017-01-31 08:55:16'),
	(231, '{"recipients":[{"name":"=?utf-8?Q?Elisabeth=20W=C3=BCst?=","address":"e.wuest@testtest.ch"}],"recipientsCarbonCopy":[],"recipientsBlindCarbonCopy":[],"subject":"=?utf-8?Q?Neuer=20Kalendereintrag=20f=C3=BCr=20Sie!?="}', 'sent', NULL, '2017-01-31 08:56:07'),
	(232, '{"recipients":[{"name":"=?utf-8?Q?Elisabeth=20W=C3=BCst?=","address":"e.wuest@testtest.ch"}],"recipientsCarbonCopy":[],"recipientsBlindCarbonCopy":[],"subject":"=?utf-8?Q?Ihr=20Termin=20wurde=20best=C3=A4tigt!?="}', 'sent', NULL, '2017-01-31 08:56:17'),
	(233, '{"recipients":[{"name":"=?utf-8?Q?Karl=20Hellowanger?=","address":"karl.hw@testtest.ch"}],"recipientsCarbonCopy":[],"recipientsBlindCarbonCopy":[],"subject":"=?utf-8?Q?Neuer=20Kalendereintrag=20f=C3=BCr=20Sie!?="}', 'sent', NULL, '2017-01-31 08:56:43'),
	(234, '{"recipients":[{"name":"=?utf-8?Q?Ute=20Nustelkamp?=","address":"ute@testtest.ch"}],"recipientsCarbonCopy":[],"recipientsBlindCarbonCopy":[],"subject":"=?utf-8?Q?Neuer=20Kalendereintrag=20f=C3=BCr=20Sie!?="}', 'sent', NULL, '2017-01-31 08:57:37'),
	(235, '{"recipients":[{"name":"=?utf-8?Q?Giovanni=20Pestoni?=","address":"fp@testtest.ch"}],"recipientsCarbonCopy":[],"recipientsBlindCarbonCopy":[],"subject":"=?utf-8?Q?Neuer=20Kalendereintrag=20f=C3=BCr=20Sie!?="}', 'sent', NULL, '2017-01-31 09:01:38'),
	(236, '{"recipients":[{"name":"=?utf-8?Q?Frederik=20Holler?=","address":"freddy.holler@gee-bs.com"}],"recipientsCarbonCopy":[],"recipientsBlindCarbonCopy":[],"subject":"=?utf-8?Q?Ihre=20Anfrage?="}', 'sent', NULL, '2017-02-08 21:50:26'),
	(237, '{"recipients":[{"name":"=?utf-8?Q?Frederik=20Holler?=","address":"freddy.holler@gee-bs.com"}],"recipientsCarbonCopy":[],"recipientsBlindCarbonCopy":[],"subject":"=?utf-8?Q?Ihr=20Termin=20wurde=20best=C3=A4tigt!?="}', 'sent', NULL, '2017-02-08 21:52:26'),
	(238, '{"recipients":[{"name":"=?utf-8?Q?Scheich=20Omid?=","address":"scheich.omid@saudi.sa"}],"recipientsCarbonCopy":[],"recipientsBlindCarbonCopy":[],"subject":"=?utf-8?Q?Neuer=20Kalendereintrag=20f=C3=BCr=20Sie!?="}', 'failed', '4.1.2 <scheich.omid@saudi.sa>: Recipient address rejected: Domain not found\r\n', '2017-02-08 22:02:59'),
	(239, '{"recipients":[{"name":"=?utf-8?Q?Scheich=20Omid?=","address":"scheich.omid@saudi.sa"}],"recipientsCarbonCopy":[],"recipientsBlindCarbonCopy":[],"subject":"=?utf-8?Q?Neuer=20Kalendereintrag=20f=C3=BCr=20Sie!?="}', 'failed', '4.1.2 <scheich.omid@saudi.sa>: Recipient address rejected: Domain not found\r\n', '2017-02-08 22:03:32'),
	(240, '{"recipients":[{"name":"=?utf-8?Q?Karl=20Hellowanger?=","address":"karl.hw@testtest.ch"}],"recipientsCarbonCopy":[],"recipientsBlindCarbonCopy":[],"subject":"=?utf-8?Q?Neuer=20Kalendereintrag=20f=C3=BCr=20Sie!?="}', 'failed', '5.7.8 Error: authentication failed: authentication failure\r\n', '2017-02-15 21:40:45'),
	(241, '{"recipients":[{"name":"=?utf-8?Q?Karl=20Hellowanger?=","address":"karl.hw@testtest.ch"}],"recipientsCarbonCopy":[],"recipientsBlindCarbonCopy":[],"subject":"=?utf-8?Q?Neuer=20Kalendereintrag=20f=C3=BCr=20Sie!?="}', 'failed', '5.7.8 Error: authentication failed: authentication failure\r\n', '2017-02-15 21:41:57'),
	(242, '{"recipients":[{"name":"=?utf-8?Q?Scheich=20Omid?=","address":"scheich.omid@saudi.ch"}],"recipientsCarbonCopy":[],"recipientsBlindCarbonCopy":[],"subject":"=?utf-8?Q?Neuer=20Kalendereintrag=20f=C3=BCr=20Sie!?="}', 'failed', '5.7.8 Error: authentication failed: authentication failure\r\n', '2017-02-15 22:15:18'),
	(243, '{"recipients":[{"name":"=?UTF-8?Q?Frederik=20Holler?=","address":"freddy.holler@gee-bs.com"}],"recipientsCarbonCopy":[],"recipientsBlindCarbonCopy":[],"subject":"Neuer Kalendereintrag f\\u00fcr Sie! - Dienstag, 08.10.19, 10:30 Uhr bis 11:50 Uhr"}', 'sent', NULL, '2019-09-25 18:34:21'),
	(244, '{"recipients":[{"name":"=?UTF-8?Q?Test-Peter=20Testmann?=","address":"hamm.pe@gmail.com"}],"recipientsCarbonCopy":[],"recipientsBlindCarbonCopy":[],"subject":"Ihre Registrierung"}', 'sent', NULL, '2019-09-25 20:22:58'),
	(245, '{"recipients":[{"name":"=?UTF-8?Q?Test-Peter=20Testmann?=","address":"hamm.pe@gmail.com"}],"recipientsCarbonCopy":[],"recipientsBlindCarbonCopy":[],"subject":"Ihre Anfrage - Dienstag, 15.10.19, 14:00 Uhr bis 14:30 Uhr"}', 'sent', NULL, '2019-09-25 20:22:59'),
	(246, '{"recipients":[{"name":"=?UTF-8?Q?Test-Peter=20Testmann?=","address":"hamm.pe@gmail.com"}],"recipientsCarbonCopy":[],"recipientsBlindCarbonCopy":[],"subject":"Ihr Termin wurde best\\u00e4tigt! - Dienstag, 15.10.19, 14:00 Uhr bis 14:30 Uhr"}', 'sent', NULL, '2019-09-25 20:38:56'),
	(247, '{"recipients":[{"name":"=?UTF-8?Q?Peter=20Hamm?=","address":"paydorrr@gmail.com"}],"recipientsCarbonCopy":[],"recipientsBlindCarbonCopy":[],"subject":"Neuer Kalendereintrag f\\u00fcr Sie! - Freitag, 11.10.19, 09:00 Uhr bis 11:30 Uhr"}', 'sent', NULL, '2019-09-30 14:22:07'),
	(248, '{"recipients":[{"name":"=?UTF-8?Q?Peter=20Hamm?=","address":"peter.hamm@cons-sys.com"}],"recipientsCarbonCopy":[],"recipientsBlindCarbonCopy":[],"subject":"Neuer Kalendereintrag - Freitag, 11.10.19, 09:00 Uhr bis 11:30 Uhr"}', 'sent', NULL, '2019-09-30 14:22:07'),
	(249, '{"recipients":[{"name":"=?UTF-8?Q?Frederik=20Holler?=","address":"freddy.holler@gee-bs.com"}],"recipientsCarbonCopy":[],"recipientsBlindCarbonCopy":[],"subject":"Neuer Kalendereintrag f\\u00fcr Sie! - Donnerstag, 10.10.19, 09:00 Uhr bis 10:30 Uhr"}', 'sent', NULL, '2019-09-30 14:22:56'),
	(250, '{"recipients":[{"name":"=?UTF-8?Q?Peter=20Hamm?=","address":"peter.hamm@cons-sys.com"}],"recipientsCarbonCopy":[],"recipientsBlindCarbonCopy":[],"subject":"Neuer Kalendereintrag - Donnerstag, 10.10.19, 09:00 Uhr bis 10:30 Uhr"}', 'sent', NULL, '2019-09-30 14:22:57'),
	(251, '{"recipients":[{"name":"=?UTF-8?Q?Test-Peter=20Testmann?=","address":"hamm.pe@gmail.com"}],"recipientsCarbonCopy":[],"recipientsBlindCarbonCopy":[],"subject":"Neuer Kalendereintrag f\\u00fcr Sie! - Donnerstag, 24.10.19, 08:30 Uhr bis 09:00 Uhr"}', 'sent', NULL, '2019-09-30 14:24:08'),
	(252, '{"recipients":[{"name":"=?UTF-8?Q?Test-Peter=20Testmann?=","address":"hamm.pe@gmail.com"}],"recipientsCarbonCopy":[],"recipientsBlindCarbonCopy":[],"subject":"Neuer Kalendereintrag f\\u00fcr Sie! - Donnerstag, 24.10.19, 09:00 Uhr bis Freitag 25.10.19, 17:00 Uhr"}', 'sent', NULL, '2019-09-30 14:26:16'),
	(253, '{"recipients":[{"name":"=?UTF-8?Q?Frederik=20Holler?=","address":"freddy.holler@gee-bs.com"}],"recipientsCarbonCopy":[],"recipientsBlindCarbonCopy":[],"subject":"Neuer Kalendereintrag f\\u00fcr Sie! - Donnerstag, 14.11.19, 10:00 Uhr bis 11:00 Uhr"}', 'sent', NULL, '2019-09-30 14:29:23'),
	(254, '{"recipients":[{"name":"=?UTF-8?Q?Frederik=20Holler?=","address":"freddy.holler@gee-bs.com"}],"recipientsCarbonCopy":[],"recipientsBlindCarbonCopy":[],"subject":"Neuer Kalendereintrag f\\u00fcr Sie! - Dienstag, 19.11.19, 10:00 Uhr bis 11:30 Uhr"}', 'sent', NULL, '2019-10-02 06:19:50'),
	(255, '{"recipients":[{"name":"=?UTF-8?Q?Frederik=20Holler?=","address":"freddy.holler@gee-bs.com"}],"recipientsCarbonCopy":[],"recipientsBlindCarbonCopy":[],"subject":"Ihre Anfrage - Montag, 14.10.19, 11:00 Uhr bis 11:20 Uhr"}', 'sent', NULL, '2019-10-02 06:45:18'),
	(256, '{"recipients":[{"name":"=?UTF-8?Q?Peter=20Hamm?=","address":"peter.hamm@cons-sys.com"}],"recipientsCarbonCopy":[],"recipientsBlindCarbonCopy":[],"subject":"Neuer Kalendereintrag - Mittwoch, 23.10.19, 08:30 Uhr bis 09:30 Uhr"}', 'sent', NULL, '2019-10-02 20:20:15'),
	(257, '{"recipients":[{"name":"=?UTF-8?Q?Peter=20Hamm?=","address":"peter.hamm@cons-sys.com"}],"recipientsCarbonCopy":[],"recipientsBlindCarbonCopy":[],"subject":"Neuer Kalendereintrag - Mittwoch, 23.10.19, 08:30 Uhr bis 09:30 Uhr"}', 'sent', NULL, '2019-10-02 20:21:49'),
	(258, '{"recipients":[{"name":"=?UTF-8?Q?Peter=20Hamm?=","address":"peter.hamm@cons-sys.com"}],"recipientsCarbonCopy":[],"recipientsBlindCarbonCopy":[],"subject":"Neuer Kalendereintrag - Mittwoch, 23.10.19, 08:30 Uhr bis 09:30 Uhr"}', 'sent', NULL, '2019-10-02 20:23:50'),
	(259, '{"recipients":[{"name":"=?UTF-8?Q?Peter=20Hamm?=","address":"peter.hamm@cons-sys.com"}],"recipientsCarbonCopy":[],"recipientsBlindCarbonCopy":[],"subject":"Neuer Kalendereintrag - Dienstag, 22.10.19, 08:30 Uhr bis 10:30 Uhr"}', 'sent', NULL, '2019-10-02 20:28:40'),
	(260, '{"recipients":[{"name":"=?UTF-8?Q?Peter=20Hamm?=","address":"peter.hamm@cons-sys.com"}],"recipientsCarbonCopy":[],"recipientsBlindCarbonCopy":[],"subject":"Ihr Kalendereintrag wurde bearbeitet! - Dienstag, 22.10.19, 08:30 Uhr bis 10:30 Uhr"}', 'sent', NULL, '2019-10-02 20:30:32'),
	(261, '{"recipients":[{"name":"=?UTF-8?Q?Peter=20Hamm?=","address":"peter.hamm@cons-sys.com"}],"recipientsCarbonCopy":[],"recipientsBlindCarbonCopy":[],"subject":"Ihr Kalendereintrag wurde bearbeitet! - Dienstag, 22.10.19, 08:30 Uhr bis 10:30 Uhr"}', 'sent', NULL, '2019-10-02 20:35:22'),
	(262, '{"recipients":[{"name":"=?UTF-8?Q?Peter=20Hamm?=","address":"peter.hamm@cons-sys.com"}],"recipientsCarbonCopy":[],"recipientsBlindCarbonCopy":[],"subject":"Ihr Kalendereintrag wurde bearbeitet! - Dienstag, 22.10.19, 08:30 Uhr bis 10:30 Uhr"}', 'sent', NULL, '2019-10-02 20:35:46'),
	(263, '{"recipients":[{"name":"=?UTF-8?Q?Peter=20Hamm?=","address":"peter.hamm@cons-sys.com"}],"recipientsCarbonCopy":[],"recipientsBlindCarbonCopy":[],"subject":"Ihr Kalendereintrag wurde bearbeitet! - Dienstag, 22.10.19, 08:30 Uhr bis 10:30 Uhr"}', 'sent', NULL, '2019-10-02 20:37:48'),
	(264, '{"recipients":[{"name":"=?UTF-8?Q?Peter=20Hamm?=","address":"peter.hamm@cons-sys.com"}],"recipientsCarbonCopy":[],"recipientsBlindCarbonCopy":[],"subject":"Ihr Kalendereintrag wurde bearbeitet! - Dienstag, 22.10.19, 08:30 Uhr bis 10:30 Uhr"}', 'sent', NULL, '2019-10-02 20:40:24'),
	(265, '{"recipients":[{"name":"=?UTF-8?Q?Peter=20Hamm?=","address":"peter.hamm@cons-sys.com"}],"recipientsCarbonCopy":[],"recipientsBlindCarbonCopy":[],"subject":"Ihr Kalendereintrag wurde bearbeitet! - Dienstag, 22.10.19, 08:30 Uhr bis 10:30 Uhr"}', 'sent', NULL, '2019-10-02 20:40:44'),
	(266, '{"recipients":[{"name":"=?UTF-8?Q?Peter=20Hamm?=","address":"paydorrr@gmail.com"}],"recipientsCarbonCopy":[],"recipientsBlindCarbonCopy":[],"subject":"Neuer Kalendereintrag f\\u00fcr Sie! - Dienstag, 22.10.19, 08:30 Uhr bis 10:30 Uhr"}', 'sent', NULL, '2019-10-02 21:01:06'),
	(267, '{"recipients":[{"name":"=?UTF-8?Q?Peter=20Hamm?=","address":"peter.hamm@cons-sys.com"}],"recipientsCarbonCopy":[],"recipientsBlindCarbonCopy":[],"subject":"Ihr Kalendereintrag wurde bearbeitet! - Dienstag, 22.10.19, 08:30 Uhr bis 10:30 Uhr"}', 'sent', NULL, '2019-10-02 21:01:06'),
	(268, '{"recipients":[{"name":"=?UTF-8?Q?Peter=20Hamm?=","address":"paydorrr@gmail.com"}],"recipientsCarbonCopy":[],"recipientsBlindCarbonCopy":[],"subject":"Ihr Termin wurde best\\u00e4tigt! - Dienstag, 22.10.19, 08:30 Uhr bis 10:30 Uhr"}', 'sent', NULL, '2019-10-02 21:01:38'),
	(269, '{"recipients":[{"name":"=?UTF-8?Q?Peter=20Hamm?=","address":"peter.hamm@cons-sys.com"}],"recipientsCarbonCopy":[],"recipientsBlindCarbonCopy":[],"subject":"Ihr Kalendereintrag wurde bearbeitet! - Dienstag, 22.10.19, 08:30 Uhr bis 10:30 Uhr"}', 'sent', NULL, '2019-10-02 21:01:38'),
	(270, '{"recipients":[{"name":"=?UTF-8?Q?Peter=20Hamm?=","address":"paydorrr@gmail.com"}],"recipientsCarbonCopy":[],"recipientsBlindCarbonCopy":[],"subject":"Ihre Anfrage - Mittwoch, 30.10.19, 07:30 Uhr bis 08:30 Uhr"}', 'sent', NULL, '2019-10-02 21:20:10'),
	(271, '{"recipients":[{"name":"=?UTF-8?Q?Peter=20Hamm?=","address":"paydorrr@gmail.com"}],"recipientsCarbonCopy":[],"recipientsBlindCarbonCopy":[],"subject":"Ihre Anfrage - Mittwoch, 30.10.19, 06:30 Uhr bis 07:30 Uhr"}', 'sent', NULL, '2019-10-02 21:21:18'),
	(272, '{"recipients":[{"name":"=?UTF-8?Q?Test-Peter=20Testmann?=","address":"hamm.pe@gmail.com"}],"recipientsCarbonCopy":[],"recipientsBlindCarbonCopy":[],"subject":"Neuer Kalendereintrag f\\u00fcr Sie! - Freitag, 11.10.19, 11:15 Uhr bis 13:00 Uhr"}', 'sent', NULL, '2019-10-03 08:04:48'),
	(273, '{"recipients":[{"name":"=?UTF-8?Q?Frederik=20Holler?=","address":"freddy.holler@gee-bs.com"}],"recipientsCarbonCopy":[],"recipientsBlindCarbonCopy":[],"subject":"Ihr Kalendereintrag wurde bearbeitet! - Montag, 14.10.19, 11:00 Uhr bis 11:20 Uhr"}', 'sent', NULL, '2019-10-03 08:06:39'),
	(274, '{"recipients":[{"name":"=?UTF-8?Q?Gertrud=20Schwenk?=","address":"gertrud.schwenk@beispielkunde-calsy.eu"}],"recipientsCarbonCopy":[],"recipientsBlindCarbonCopy":[],"subject":"Neuer Kalendereintrag f\\u00fcr Sie! - Donnerstag, 12.12.19, 15:00 Uhr bis 16:00 Uhr"}', 'failed', 'Requested action not taken: mailbox unavailable\r\n invalid DNS MX or A/AAAA resource record\r\n', '2019-10-03 08:11:39'),
	(275, '{"recipients":[{"name":"=?UTF-8?Q?Frederik=20Holler?=","address":"freddy.holler@gee-bs.com"}],"recipientsCarbonCopy":[],"recipientsBlindCarbonCopy":[],"subject":"Ihre Anfrage - Donnerstag, 10.10.19, 10:30 Uhr bis 10:45 Uhr"}', 'sent', NULL, '2019-10-03 08:24:11'),
	(276, '{"recipients":[{"name":"=?UTF-8?Q?Frederik=20Holler?=","address":"freddy.holler@gee-bs.com"}],"recipientsCarbonCopy":[],"recipientsBlindCarbonCopy":[],"subject":"Ihre Anfrage - Donnerstag, 24.10.19, 11:00 Uhr bis 12:00 Uhr"}', 'sent', NULL, '2019-10-03 08:27:02'),
	(277, '{"recipients":[{"name":"=?UTF-8?Q?Frederik=20Holler?=","address":"freddy.holler@gee-bs.com"}],"recipientsCarbonCopy":[],"recipientsBlindCarbonCopy":[],"subject":"Ihr Termin wurde best\\u00e4tigt! - Donnerstag, 24.10.19, 11:00 Uhr bis 12:00 Uhr"}', 'sent', NULL, '2019-10-03 08:28:11'),
	(278, '{"recipients":[{"name":"=?UTF-8?Q?Frederik=20Holler?=","address":"freddy.holler@gee-bs.com"}],"recipientsCarbonCopy":[],"recipientsBlindCarbonCopy":[],"subject":"Ihr Termin wurde best\\u00e4tigt! - Donnerstag, 10.10.19, 10:30 Uhr bis 10:45 Uhr"}', 'sent', NULL, '2019-10-03 08:29:07'),
	(279, '{"recipients":[{"name":"=?UTF-8?Q?Frederik=20Holler?=","address":"freddy.holler@gee-bs.com"}],"recipientsCarbonCopy":[],"recipientsBlindCarbonCopy":[],"subject":"Ihre Anfrage - Freitag, 18.10.19, 10:30 Uhr bis 11:30 Uhr"}', 'sent', NULL, '2019-10-03 08:34:28'),
	(280, '{"recipients":[{"name":"=?UTF-8?Q?Peter=20Hamm?=","address":"paydorrr@gmail.com"}],"recipientsCarbonCopy":[],"recipientsBlindCarbonCopy":[],"subject":"Ihre Anfrage - Montag, 07.10.19, 10:30 Uhr bis 10:50 Uhr"}', 'sent', NULL, '2019-10-03 17:24:37'),
	(281, '{"recipients":[{"name":"=?UTF-8?Q?Peter=20Hamm?=","address":"paydorrr@gmail.com"}],"recipientsCarbonCopy":[],"recipientsBlindCarbonCopy":[],"subject":"Ihre Anfrage - Montag, 07.10.19, 11:00 Uhr bis 11:20 Uhr"}', 'sent', NULL, '2019-10-03 17:26:00'),
	(282, '{"recipients":[{"name":"=?UTF-8?Q?Frederik=20Holler?=","address":"freddy.holler@gee-bs.com"}],"recipientsCarbonCopy":[],"recipientsBlindCarbonCopy":[],"subject":"Ihre Anfrage - Donnerstag, 07.11.19, 16:30 Uhr bis 18:00 Uhr"}', 'sent', NULL, '2019-10-03 21:44:05'),
	(283, '{"recipients":[{"name":"=?UTF-8?Q?Test-Peter=20Testmann?=","address":"hamm.pe@gmail.com"}],"recipientsCarbonCopy":[],"recipientsBlindCarbonCopy":[],"subject":"Ihr Kalendereintrag wurde bearbeitet! - Dienstag, 15.10.19, 14:00 Uhr bis 14:30 Uhr"}', 'sent', NULL, '2019-10-04 07:15:10'),
	(284, '{"recipients":[{"name":"=?UTF-8?Q?Frederik=20Holler?=","address":"freddy.holler@gee-bs.com"}],"recipientsCarbonCopy":[],"recipientsBlindCarbonCopy":[],"subject":"Ihre Anfrage - Donnerstag, 17.10.19, 14:00 Uhr bis 15:00 Uhr"}', 'sent', NULL, '2019-10-04 07:15:34'),
	(285, '{"recipients":[{"name":"=?UTF-8?Q?Frederik=20Holler?=","address":"freddy.holler@gee-bs.com"}],"recipientsCarbonCopy":[],"recipientsBlindCarbonCopy":[],"subject":"Ihr Termin wurde best\\u00e4tigt! - Dienstag, 15.10.19, 14:00 Uhr bis Donnerstag 17.10.19, 16:00 Uhr"}', 'sent', NULL, '2019-10-04 07:17:41'),
	(286, '{"recipients":[{"name":"=?UTF-8?Q?Frederik=20Holler?=","address":"freddy.holler@gee-bs.com"}],"recipientsCarbonCopy":[],"recipientsBlindCarbonCopy":[],"subject":"Ihr Kalendereintrag wurde bearbeitet! - Dienstag, 15.10.19, 14:00 Uhr bis Donnerstag 17.10.19, 16:00 Uhr"}', 'sent', NULL, '2019-10-04 07:18:17'),
	(287, '{"recipients":[{"name":"=?UTF-8?Q?Frederik=20Holler?=","address":"freddy.holler@gee-bs.com"}],"recipientsCarbonCopy":[],"recipientsBlindCarbonCopy":[],"subject":"Ihr Kalendereintrag wurde bearbeitet! - Dienstag, 15.10.19, 14:00 Uhr bis 16:00 Uhr"}', 'sent', NULL, '2019-10-04 07:18:53'),
	(288, '{"recipients":[{"name":"=?UTF-8?Q?Frederik=20Holler?=","address":"freddy.holler@gee-bs.com"}],"recipientsCarbonCopy":[],"recipientsBlindCarbonCopy":[],"subject":"Ihre Anfrage - Donnerstag, 24.10.19, 09:00 Uhr bis 10:00 Uhr"}', 'sent', NULL, '2019-10-04 07:26:49'),
	(289, '{"recipients":[{"name":"=?UTF-8?Q?Frederik=20Holler?=","address":"freddy.holler@gee-bs.com"}],"recipientsCarbonCopy":[],"recipientsBlindCarbonCopy":[],"subject":"Ihr Termin wurde best\\u00e4tigt! - Donnerstag, 24.10.19, 09:00 Uhr bis 10:00 Uhr"}', 'sent', NULL, '2019-10-04 07:28:19'),
	(290, '{"recipients":[{"name":"=?UTF-8?Q?Frederik=20Holler?=","address":"freddy.holler@gee-bs.com"}],"recipientsCarbonCopy":[],"recipientsBlindCarbonCopy":[],"subject":"Neuer Kalendereintrag f\\u00fcr Sie! - Donnerstag, 17.10.19, 10:00 Uhr bis 12:30 Uhr"}', 'sent', NULL, '2019-10-04 08:39:32'),
	(291, '{"recipients":[{"name":"=?UTF-8?Q?Frederik=20Holler?=","address":"freddy.holler@gee-bs.com"}],"recipientsCarbonCopy":[],"recipientsBlindCarbonCopy":[],"subject":"Ihre Anfrage - Montag, 11.11.19, 11:00 Uhr bis 11:20 Uhr"}', 'sent', NULL, '2019-10-04 08:46:13');
/*!40000 ALTER TABLE `mail_log` ENABLE KEYS */;

-- Exportiere Struktur von Tabelle spm.paypal_tx
CREATE TABLE IF NOT EXISTS `paypal_tx` (
  `paypal_tx_id` int(10) unsigned NOT NULL AUTO_INCREMENT,
  `paypal_tx_foreign_id` int(11) DEFAULT NULL,
  `paypal_tx_paypal_id` varchar(200) DEFAULT NULL,
  `paypal_tx_type` varchar(255) NOT NULL,
  `paypal_tx_details` text,
  `paypal_tx_status` enum('done','canceled','pending','invalid') NOT NULL DEFAULT 'pending',
  `paypal_tx_amount` float NOT NULL,
  `paypal_tx_percentage_tax` int(11) NOT NULL,
  `paypal_tx_currency` varchar(4) NOT NULL,
  `paypal_tx_date_created` timestamp NOT NULL DEFAULT CURRENT_TIMESTAMP ON UPDATE CURRENT_TIMESTAMP,
  `paypal_tx_date_updated` timestamp NOT NULL DEFAULT '0000-00-00 00:00:00',
  PRIMARY KEY (`paypal_tx_id`)
) ENGINE=InnoDB DEFAULT CHARSET=latin1 COMMENT='PayPal transaction log';

-- Exportiere Daten aus Tabelle spm.paypal_tx: ~0 rows (ungefähr)
/*!40000 ALTER TABLE `paypal_tx` DISABLE KEYS */;
/*!40000 ALTER TABLE `paypal_tx` ENABLE KEYS */;

-- Exportiere Struktur von Tabelle spm.privacy_account_deletion_log
CREATE TABLE IF NOT EXISTS `privacy_account_deletion_log` (
  `privacy_account_deletion_log_id` int(11) NOT NULL AUTO_INCREMENT,
  `privacy_account_deletion_log_name` varchar(255) NOT NULL,
  `privacy_account_deletion_log_data` text NOT NULL,
  PRIMARY KEY (`privacy_account_deletion_log_id`),
  UNIQUE KEY `privacy_account_deletion_log_id_UNIQUE` (`privacy_account_deletion_log_id`)
) ENGINE=InnoDB DEFAULT CHARSET=latin1;

-- Exportiere Daten aus Tabelle spm.privacy_account_deletion_log: ~0 rows (ungefähr)
/*!40000 ALTER TABLE `privacy_account_deletion_log` DISABLE KEYS */;
/*!40000 ALTER TABLE `privacy_account_deletion_log` ENABLE KEYS */;

-- Exportiere Struktur von Tabelle spm.process_engine_log
CREATE TABLE IF NOT EXISTS `process_engine_log` (
  `process_engine_log_id` int(11) NOT NULL AUTO_INCREMENT,
  `process_engine_log_content` text,
  `process_engine_log_status` enum('started','failed','pending') NOT NULL DEFAULT 'pending',
  `process_engine_log_status_message` text,
  `process_engine_log_date_created` timestamp NULL DEFAULT CURRENT_TIMESTAMP,
  PRIMARY KEY (`process_engine_log_id`),
  UNIQUE KEY `idprocess_engine_log_UNIQUE` (`process_engine_log_id`)
) ENGINE=InnoDB DEFAULT CHARSET=latin1;

-- Exportiere Daten aus Tabelle spm.process_engine_log: ~0 rows (ungefähr)
/*!40000 ALTER TABLE `process_engine_log` DISABLE KEYS */;
/*!40000 ALTER TABLE `process_engine_log` ENABLE KEYS */;

-- Exportiere Struktur von Tabelle spm.setting
CREATE TABLE IF NOT EXISTS `setting` (
  `setting_id` int(11) NOT NULL AUTO_INCREMENT,
  `setting_name` varchar(255) NOT NULL,
  `setting_title` varchar(40) NOT NULL,
  `setting_description` varchar(40) NOT NULL,
  `setting_type` varchar(50) NOT NULL,
  `setting_fieldtype` enum('checkbox','checkbox-list','textarea','number','text','text-encrypted','password','dropdown','wysiwyg','image','icon','tags','timespan','setting') NOT NULL DEFAULT 'checkbox',
  `setting_value_array_name` varchar(50) NOT NULL COMMENT 'The name of an array in PHP containing possible values, e.g. for a dropdown',
  `setting_order` int(11) DEFAULT NULL,
  PRIMARY KEY (`setting_id`),
  KEY `setting_title` (`setting_title`),
  KEY `setting_description` (`setting_description`)
) ENGINE=InnoDB AUTO_INCREMENT=255 DEFAULT CHARSET=utf8 COMMENT='Contains all possible setting options, for all areas';

-- Exportiere Daten aus Tabelle spm.setting: ~187 rows (ungefähr)
/*!40000 ALTER TABLE `setting` DISABLE KEYS */;
INSERT INTO `setting` (`setting_id`, `setting_name`, `setting_title`, `setting_description`, `setting_type`, `setting_fieldtype`, `setting_value_array_name`, `setting_order`) VALUES
	(1, 'is_system_admin', '10000', '10001', 'user-admin', 'checkbox', '', NULL),
	(4, 'title_website', '10006', '10007', 'system-admin', 'text', '', NULL),
	(5, 'user_language', '10124', '10125', 'user', 'dropdown', 'result[\'list_languages\']', NULL),
	(6, 'system_default_language', '10139', '10140', 'system-admin', 'dropdown', 'result[\'list_languages\']', NULL),
	(7, 'user_blocked_settings_ids', '10143', '10144', 'system-admin', 'text', '', NULL),
	(15, 'frontend_title_website', '10220', '10221', 'system-admin', 'text', '', 200),
	(24, 'system_default_time_format', '10239', '10240', 'system-admin', 'text', '', NULL),
	(25, 'system_default_date_format', '10241', '10242', 'system-admin', 'text', '', NULL),
	(26, 'user_time_format', '10243', '10244', 'user', 'text', '', 100),
	(27, 'user_date_format', '10245', '10246', 'user', 'text', '', 200),
	(31, 'has_access_user_management', '10250', '10251', 'user-admin', 'checkbox', '', NULL),
	(48, 'is_debug_mode', '10481', '10482', 'system-admin', 'checkbox', '', NULL),
	(51, 'has_access_system_settings', '10027', '10548', 'user-admin', 'checkbox', '', NULL),
	(62, 'is_allowed_editing_all_users_appointments', '10807', '10808', 'user-admin', 'checkbox', '', NULL),
	(63, 'calendar_default_end_of_appointment_after_begin', '10810', '10811', 'system-admin', 'dropdown', 'result[\'list_hours\']', 100),
	(64, 'is_module_enabled_calsy_user_frontend_registration_and_calendar', '10869', '10870', 'system-admin', 'checkbox', '', NULL),
	(70, 'system_default_smtp_server', '10600', '10601', 'system-admin', 'text', '', NULL),
	(71, 'system_default_smtp_server_port', '10602', '10603', 'system-admin', 'text', '', NULL),
	(72, 'system_default_smtp_user', '10604', '10605', 'system-admin', 'text', '', NULL),
	(73, 'system_default_smtp_password', '10606', '10607', 'system-admin', 'password', '', NULL),
	(74, 'system_default_smtp_server_ssl_active', '10700', '10701', 'system-admin', 'checkbox', '', NULL),
	(75, 'frontend_contact_information', '10879', '10880', 'system-admin', 'wysiwyg', '', NULL),
	(76, 'frontend_start_information', '10882', '10880', 'system-admin', 'wysiwyg', '', NULL),
	(78, 'module_setting_calsy_user_frontend_registration_and_calendar_is_user_selection_enabled', '10927', '10931', 'system-admin', 'checkbox', '', NULL),
	(79, 'system_is_packaging_enabled', '10946', '10947', 'system-admin', 'checkbox', '', NULL),
	(80, 'frontend_welcome_image', '10949', '10950', 'system-admin', 'image', '', NULL),
	(81, 'can_receive_calendar_emails_other_users', '10955', '10956', 'user', 'checkbox', '', NULL),
	(82, 'can_receive_calendar_emails_user_frontend', '10957', '10958', 'user', 'checkbox', '', NULL),
	(83, 'frontend_start_registration_closed_information', '10974', '10975', 'system-admin', 'wysiwyg', '', NULL),
	(84, 'frontend_link_to_website', '10980', '10981', 'system-admin', 'text', '', 300),
	(85, 'frontend_link_to_website_is_enabled', '10982', '10983', 'system-admin', 'checkbox', '', 400),
	(86, 'frontend_header_image', '10988', '10993', 'system-admin', 'image', '', NULL),
	(87, 'backend_header_image', '10991', '10992', 'system-admin', 'image', '', NULL),
	(88, 'backend_welcome_image', '10989', '10990', 'system-admin', 'image', '', NULL),
	(89, 'module_setting_calsy_user_frontend_registration_and_calendar_is_appointment_assistant_enabled', '10998', '10999', 'system-admin', 'dropdown', 'result[\'list_appointment_assistant_status\']', NULL),
	(90, 'frontend_gtc_registration', '11060', '11061', 'system-admin', 'wysiwyg', '', NULL),
	(91, 'frontend_languages_available', '11111', '11112', 'system-admin', 'checkbox-list', 'result[\'list_languages\']', 100),
	(92, 'is_module_enabled_calsy_supplier', '10869', '10870', 'system-admin', 'checkbox', '', NULL),
	(93, 'is_module_enabled_calsy_resource', '10869', '10870', 'system-admin', 'checkbox', '', NULL),
	(94, 'is_module_enabled_calsy_order', '10869', '10870', 'system-admin', 'checkbox', '', NULL),
	(95, 'is_module_enabled_calsy_area', '10869', '10870', 'system-admin', 'checkbox', '', NULL),
	(96, 'frontend_favorite_icon', '11121', '11122', 'system-admin', 'image', '', NULL),
	(97, 'backend_favorite_icon', '11123', '11122', 'system-admin', 'image', '', NULL),
	(98, 'backend_color_main', '11126', '11128', 'system-admin', 'text', '', NULL),
	(99, 'backend_color_secondary', '11127', '11128', 'system-admin', 'text', '', NULL),
	(100, 'backend_color_main_alternative', '11129', '11128', 'system-admin', 'text', '', NULL),
	(101, 'backend_color_main_alternative_two', '11130', '11128', 'system-admin', 'text', '', NULL),
	(102, 'is_module_enabled_calsy_user_frontend', '10869', '10870', 'system-admin', 'checkbox', '', NULL),
	(103, 'backend_backdrop_image', '11150', '11151', 'system-admin', 'image', '', NULL),
	(104, 'frontend_backdrop_image', '11152', '11153', 'system-admin', 'image', '', NULL),
	(105, 'system_show_backdrop_image', '11154', '11156', 'system-admin', 'checkbox', '', NULL),
	(106, 'frontend_show_backdrop_image', '11155', '11156', 'system-admin', 'checkbox', '', 500),
	(107, 'system_default_smtp_is_enabled_mail_log', '11169', '11170', 'system-admin', 'checkbox', '', NULL),
	(108, 'calendar_is_enabled_notifications_users', '11176', '11177', 'system-admin', 'checkbox', '', 300),
	(109, 'calendar_default_time_notifications', '11178', '11179', 'system-admin', 'dropdown', 'result[\'list_times_calendar_notification\']', 200),
	(110, 'user_calendar_notification_default_time', '11178', '11179', 'user', 'dropdown', 'result[\'list_times_notification\']', NULL),
	(111, 'user_calendar_notification_is_enabled', 'p574476664f2b5', '11177', 'user', 'checkbox', '', NULL),
	(112, 'account_calendar_notification_default_time', '11178', '11179', 'account', 'dropdown', 'result[\'list_times_calendar_notification\']', NULL),
	(113, 'account_calendar_notification_is_enabled', 'p574476664f2b5', '11177', 'account', 'checkbox', '', NULL),
	(114, 'system_fallback_server_address', '11195', '11196', 'system-admin', 'text', '', NULL),
	(115, 'system_fallback_server_secure', '11197', '11196', 'system-admin', 'checkbox', '', NULL),
	(116, 'system_fallback_server_project_folder', '11198', '11196', 'system-admin', 'text', '', NULL),
	(117, 'module_icon_calsy_user_frontend', '11200', '11199', 'system-admin', 'icon', '', NULL),
	(118, 'module_icon_calsy_supplier', '11200', '11199', 'system-admin', 'icon', '', NULL),
	(119, 'module_icon_calsy_area', '11200', '11199', 'system-admin', 'icon', '', NULL),
	(121, 'module_icon_calsy_order', '11200', '11199', 'system-admin', 'icon', '', NULL),
	(122, 'module_icon_calsy_resource', '11200', '11199', 'system-admin', 'icon', '', NULL),
	(123, 'system_show_welcome_image', '5741f5aa56f5c', '11156', 'system-admin', 'checkbox', '', NULL),
	(124, 'frontend_show_welcome_image', '574329ae66cae', '11156', 'system-admin', 'checkbox', '', 600),
	(125, 'calendar_is_enabled_notifications_accounts', 'p5744724350955', '11177', 'system-admin', 'checkbox', '', 400),
	(126, 'module_icon_data_import', '11200', '11199', 'system-admin', 'icon', '', NULL),
	(127, 'is_module_enabled_data_import', '10869', '10870', 'system-admin', 'checkbox', '', NULL),
	(128, 'is_system_developer', 'p576c10ec1bbcf', 'p576c1100070da', 'user-admin', 'checkbox', '', NULL),
	(129, 'system_language_variable_import_server', 'p576c1c0987234', 'p576c1c26976e5', 'system-admin', 'text', '', NULL),
	(130, 'user_calendar_is_invisible', 'p5771361d5c24d', 'p5771364028854', 'user-admin', 'checkbox', '', NULL),
	(131, 'is_module_enabled_calsy_bookable_times', '10869', '10870', 'system-admin', 'checkbox', '', NULL),
	(132, 'module_icon_calsy_bookable_times', '11200', '11199', 'system-admin', 'icon', '', NULL),
	(133, 'is_enabled_bookable_times', 'p57a9eb6fa5962', ' p57a9eb8e89694', 'system-admin', 'checkbox', '', NULL),
	(134, 'calendar_default_proposal_interval', 'p57b6ddaf5dbaf', 'p57b6dde301142', 'system-admin', 'dropdown', 'result[\'list_hours\']', 50),
	(135, 'calendar_default_start_time', 'p57b6de804c804', 'p57b6de972ff9c', 'system-admin', 'dropdown', 'result[\'list_times\']', 150),
	(136, 'database_revision', 'p5804d1b9c35f7', 'p5804d1db13a3b', 'system-admin', 'text', '', NULL),
	(137, 'is_enabled_api', 'p583c57f80703e', 'p583c583218ffa', 'system-admin', 'checkbox', '', 5),
	(138, 'module_setting_calsy_user_frontend_display_history', 'p5842eca23dc29', 'p5842ecbdc512c', 'system-admin', 'checkbox', '', 100),
	(139, 'user_calendar_appointment_assistant_selectable', 'p5856de560144c', 'p5856df04c19b9', 'user', 'checkbox', '', NULL),
	(140, 'is_module_enabled_calsy_vmoso', '10869', '10870', 'system-admin', 'checkbox', '', NULL),
	(141, 'module_icon_calsy_vmoso', '11200', '11199', 'system-admin', 'icon', '', NULL),
	(142, 'calendar_times_hourly', 'p58935dc977b2b', 'p589360625779b', 'system-admin', 'timespan', '', 250),
	(143, 'calendar_interval_segmentation', 'p58935b44a6dc8', 'p58935f6fe9157', 'system-admin', 'dropdown', 'result[\'list_times_segmentation\']', 225),
	(144, 'is_module_enabled_calsy_process_engine', '10869', '10870', 'system-admin', 'checkbox', '', NULL),
	(145, 'module_icon_calsy_process_engine', '11200', '11199', 'system-admin', 'icon', '', NULL),
	(146, 'process_engine_server_address', 'p58a0880733b5e', 'p58a088607b349', 'system-admin', 'text', '', 100),
	(147, 'process_engine_server_user', 'p58a0881f0ecde', 'p58a0887d43d05', 'system-admin', 'text-encrypted', '', 200),
	(148, 'process_engine_server_password', 'p58a088314493e', 'p58a0889acf3b1', 'system-admin', 'password', '', 300),
	(149, 'process_engine_user_backend_can_plan_process_starts', 'p58a1d7579e233', 'p58a1d78024827', 'user-admin', 'checkbox', '', NULL),
	(150, 'module_setting_calsy_user_frontend_registration_and_calendar_automatically_confirm_entries', 'p58a9d697b1a39', '', 'system-admin', 'checkbox', '', NULL),
	(151, 'calendar_is_enabled_backend_auto_confirmation', 'p58ac661d96f7b', 'p58ac66693e9a8', 'system-admin', 'checkbox', '', 275),
	(152, 'module_setting_calsy_user_frontend_registration_and_calendar_enable_custom_titles', 'p58ac6bf57553d', 'p58ac7babd0f5f', 'system-admin', 'checkbox', '', NULL),
	(153, 'is_module_blocked_calsy_area', ' p58af5e4083901', 'p58af5e5f84fc9', 'system-admin', 'checkbox', '', NULL),
	(154, 'is_module_blocked_calsy_bookable_times', ' p58af5e4083901', 'p58af5e5f84fc9', 'system-admin', 'checkbox', '', NULL),
	(155, 'is_module_blocked_calsy_order', ' p58af5e4083901', 'p58af5e5f84fc9', 'system-admin', 'checkbox', '', NULL),
	(156, 'is_module_blocked_calsy_process_engine', ' p58af5e4083901', 'p58af5e5f84fc9', 'system-admin', 'checkbox', '', NULL),
	(157, 'is_module_blocked_calsy_resource', ' p58af5e4083901', 'p58af5e5f84fc9', 'system-admin', 'checkbox', '', NULL),
	(158, 'is_module_blocked_calsy_supplier', ' p58af5e4083901', 'p58af5e5f84fc9', 'system-admin', 'checkbox', '', NULL),
	(159, 'is_module_blocked_calsy_user_frontend', ' p58af5e4083901', 'p58af5e5f84fc9', 'system-admin', 'checkbox', '', NULL),
	(160, 'is_module_blocked_calsy_user_frontend_registration_and_calendar', ' p58af5e4083901', 'p58af5e5f84fc9', 'system-admin', 'checkbox', '', NULL),
	(161, 'is_module_blocked_calsy_vmoso', ' p58af5e4083901', 'p58af5e5f84fc9', 'system-admin', 'checkbox', '', NULL),
	(162, 'is_module_blocked_data_import', ' p58af5e4083901', 'p58af5e5f84fc9', 'system-admin', 'checkbox', '', NULL),
	(163, 'module_setting_calsy_user_frontend_registration_and_calendar_enable_appointment_cancellation', 'p58bbb5fcd8c84', 'p58bbb690c713c', 'system-admin', 'checkbox', '', NULL),
	(164, 'module_setting_calsy_vmoso_connection_token_data', 'p58c83f05bf338', 'p58c83f349d464', 'system-admin', 'text-encrypted', '', NULL),
	(165, 'module_setting_calsy_vmoso_connection_server', 'p58ca6c034cc2a', 'p58ca6c1da21bf', 'system-admin', 'text-encrypted', '', 100),
	(166, 'module_setting_calsy_vmoso_connection_cid', 'p58ca6c890a998', 'p58ca6ca1dd348', 'system-admin', 'text-encrypted', '', 200),
	(167, 'module_setting_calsy_vmoso_connection_user', 'p58ca6c2aa30c4', 'p58ca6c4362d2e', 'system-admin', 'text-encrypted', '', 300),
	(168, 'module_setting_calsy_vmoso_connection_password', 'p58ca6c53a979e', 'p58ca6c6c57497', 'system-admin', 'password', '', 400),
	(169, 'account_vmoso_chat_id', '', '', 'account', 'text-encrypted', '', NULL),
	(170, 'module_setting_calsy_vmoso_chat_recipients', ' p58d11d8f3876a', 'p58d11e019564c', 'system-admin', 'tags', '', 500),
	(171, 'is_allowed_editing_all_users_bookable_times', 'p58da6c8c02cd1', 'p58da6ce165980', 'user-admin', 'checkbox', '', NULL),
	(172, 'module_setting_calsy_vmoso_chat_layout_default', 'p58e232d929540', 'p58e232fa90dce', 'system-admin', 'dropdown', 'result[\'list_layouts_chat\']', NULL),
	(173, 'account_vmoso_chat_layout', 'p58e233b6dc52b', 'p58e233cccabbc', 'account', 'dropdown', 'result[\'list_layouts_chat\']', NULL),
	(174, 'module_setting_calsy_vmoso_chat_layout_selection_for_accounts_enabled', 'p58e23360065aa', 'p58e2338c92671', 'system-admin', 'checkbox', '', NULL),
	(175, 'is_module_enabled_calsy_user_backend_group', '10869', '10870', 'system-admin', 'checkbox', '', NULL),
	(176, 'module_icon_calsy_user_backend_group', '11200', '11199', 'system-admin', 'icon', '', NULL),
	(177, 'user_vmoso_account', 'p58ca6c2aa30c4', '', 'user', 'text-encrypted', '', 100),
	(178, 'user_vmoso_account_password', 'p58ca6c53a979e', '', 'user', 'password', '', 200),
	(179, 'is_module_enabled_calsy_vmoso_backend', '10869', '10870', 'system-admin', 'checkbox', '', NULL),
	(180, 'module_icon_calsy_vmoso_backend', '11200', '11199', 'system-admin', 'icon', '', NULL),
	(181, 'user_backend_vmoso_chat_id', '', '', 'user', 'text-encrypted', '', NULL),
	(182, 'user_vmoso_account_key', 'p594be84853b32', '', 'user', 'setting', '', NULL),
	(183, 'user_vmoso_chat_layout', 'p58e233b6dc52b', 'p58e233cccabbc', 'user', 'dropdown', 'result[\'list_layouts_chat\']', NULL),
	(184, 'user_layout_menu_right_closed', 'p596108df48e4b', '', 'user', 'checkbox', '', NULL),
	(185, 'calendar_view_daily_no_scrolling_horizontal', 'p5962a42c5aae3', '', 'system-admin', 'checkbox', '', 600),
	(186, 'calendar_view_daily_weekly_show_firstnames', 'p5962a4ec52d93', '', 'system-admin', 'checkbox', '', 700),
	(187, 'calendar_view_daily_weekly_hide_user_colors', 'p5962ab548f2b0', '', 'system-admin', 'checkbox', '', 800),
	(188, 'calendar_on_save_jump_to_today', ' p5962bb1459d74', '', 'system-admin', 'checkbox', '', 900),
	(189, 'calendar_on_select_account_filter_gender', 'p596a5b13b4c08', '', 'system-admin', 'checkbox', '', 1000),
	(190, 'calendar_on_select_user_filter_free', 'p596bce6340c9a', '', 'system-admin', 'checkbox', '', 1100),
	(191, 'user_calendar_filter_users', '', '', 'user', 'text', '', NULL),
	(192, 'module_setting_calsy_user_frontend_merging_enabled', 'p59c2fc4a05006', '', 'system-admin', 'checkbox', '', 200),
	(200, 'is_module_blocked_paypal', 'p58af5e4083901', 'p58af5e5f84fc9', 'system-admin', 'checkbox', '', NULL),
	(201, 'is_module_enabled_paypal', '10869', '10870', 'system-admin', 'checkbox', '', NULL),
	(202, 'module_setting_paypal_client_id', 'p59ddeac848460', '', 'system-admin', 'text-encrypted', '', 200),
	(203, 'module_setting_paypal_client_id_sandbox', 'p59ddeadeccd83', '', 'system-admin', 'text-encrypted', '', 400),
	(204, 'module_setting_paypal_client_secret', 'p59ddead429c3b', '', 'system-admin', 'password', '', 300),
	(205, 'module_setting_paypal_client_secret_sandbox', 'p59ddeaed2ff2c', '', 'system-admin', 'password', '', 500),
	(206, 'module_setting_paypal_is_sandbox_mode_active', 'p59ddeb1f1edab', '', 'system-admin', 'checkbox', '', 100),
	(207, 'module_setting_paypal_currency', 'p59e782bfeb044', '', 'system-admin', 'dropdown', 'result[\'list_currencies\']', 600),
	(208, 'module_setting_paypal_rate_vat', 'p59e782b4a3798', '', 'system-admin', 'dropdown', 'result[\'list_rates_vat\']', 700),
	(209, 'is_module_blocked_calsy_opening_times', 'p58af5e4083901', 'p58af5e5f84fc9', 'system-admin', 'checkbox', '', NULL),
	(210, 'is_module_enabled_calsy_opening_times', '10869', '10870', 'system-admin', 'checkbox', '', NULL),
	(211, 'module_icon_calsy_opening_times', '11200', '11199', 'system-admin', 'icon', '', NULL),
	(212, 'module_setting_calsy_opening_times_hours', 'p5a046893d3461', '10885', 'system-admin', 'text', '', NULL),
	(220, 'calendar_displayed_days', 'p5a072fe142f65', '', 'system', 'text', '', NULL),
	(221, 'calendar_edit_entry_directly', 'p5a0f1ddbc1291', 'p5a0f1e1264e5e', 'system-admin', 'checkbox', '', 1200),
	(222, 'system_default_smtp_reply_to_name', 'p5a242b9f0f4ee', '', 'system-admin', 'text', '', NULL),
	(223, 'system_default_smtp_reply_to_address', 'p5a242bbc98817', '', 'system-admin', 'text', '', NULL),
	(224, 'is_module_blocked_calsy_work_plan', 'p58af5e4083901', 'p58af5e5f84fc9', 'system-admin', 'checkbox', '', NULL),
	(225, 'is_module_enabled_calsy_work_plan', '10869', '10870', 'system-admin', 'checkbox', '', NULL),
	(226, 'module_icon_calsy_work_plan', '11200', '11199', 'system-admin', 'icon', '', NULL),
	(227, 'calendar_is_enabled_printing', 'p5a60e15c58a9e', '', 'system-admin', 'checkbox', '', 1200),
	(228, 'calendar_is_enabled_user_multi_booking', 'p5a8aa14b01b65', '', 'system-admin', 'checkbox', '', 1300),
	(229, 'system_security_password_policy', 'p5aa428c7eecd8', '', 'system-admin', 'dropdown', 'result[\'list_security_password_options\']', 100),
	(230, 'module_setting_calsy_user_frontend_registration_and_calendar_is_appointment_assistant_logging_enabled', 'p5ab7d575898ee', 'p5ab7d68ac3c20', 'system-admin', 'checkbox', '', NULL),
	(231, 'is_module_blocked_big_blue_button', 'p58af5e4083901', 'p58af5e5f84fc9', 'system-admin', 'checkbox', '', NULL),
	(232, 'is_module_enabled_big_blue_button', '10869', '10870', 'system-admin', 'checkbox', '', NULL),
	(233, 'module_icon_big_blue_button', '11200', '11199', 'system-admin', 'icon', '', NULL),
	(234, 'big_blue_button_server_address', 'p5af5fb4c6658c', '', 'system-admin', 'text', '', 100),
	(235, 'big_blue_button_server_secret', 'p5af5fb5d41706', '', 'system-admin', 'text-encrypted', '', 200),
	(236, 'process_engine_color_use_creator', 'p5af875ae86058', '', 'system-admin', 'checkbox', '', 400),
	(237, 'process_engine_color_default', 'p5af875cbd2d90', '', 'system-admin', 'text', '', 500),
	(250, 'is_enabled_store_data_anonymized_on_user_deletion', 'p5b00614c9075d', '', 'system-admin', 'dropdown', 'result[\'list_behaviour_user_deletion\']', 1000),
	(251, 'is_enabled_show_link_generator_appointment_assistant', 'p5cd0158901793', '', 'user-admin', 'checkbox', '', NULL),
	(252, 'module_setting_calsy_user_frontend_registration_and_calendar_is_enabled_booking_same_day', 'p5d4175d5ae4d7', '', 'system-admin', 'checkbox', '', NULL),
	(253, 'module_setting_calsy_area_consider_gender', 'p5d94d86ccc54f', '', 'system-admin', 'checkbox', '', NULL),
	(254, 'calendar_is_enabled_image_upload', 'p5d94dac737da3', '', 'system-admin', 'checkbox', '', 1250);
/*!40000 ALTER TABLE `setting` ENABLE KEYS */;

-- Exportiere Struktur von Tabelle spm.system_menu
CREATE TABLE IF NOT EXISTS `system_menu` (
  `system_menu_id` int(11) NOT NULL AUTO_INCREMENT,
  `system_menu_parent_id` int(11) NOT NULL,
  `system_menu_language_variable_id` varchar(255) NOT NULL,
  `system_menu_system_settings_required` text NOT NULL,
  `system_menu_user_settings_required` text COMMENT 'CSV: User setting IDs (leading to checkboxes)',
  `system_menu_link` varchar(255) DEFAULT NULL,
  `system_menu_order` int(5) NOT NULL DEFAULT '1',
  `system_menu_icon` varchar(50) DEFAULT NULL,
  PRIMARY KEY (`system_menu_id`)
) ENGINE=InnoDB AUTO_INCREMENT=66 DEFAULT CHARSET=utf8;

-- Exportiere Daten aus Tabelle spm.system_menu: ~40 rows (ungefähr)
/*!40000 ALTER TABLE `system_menu` DISABLE KEYS */;
INSERT INTO `system_menu` (`system_menu_id`, `system_menu_parent_id`, `system_menu_language_variable_id`, `system_menu_system_settings_required`, `system_menu_user_settings_required`, `system_menu_link`, `system_menu_order`, `system_menu_icon`) VALUES
	(1, 1, '10019', '', '', '', 0, ''),
	(4, 1, '10766', '', '', '/', 100, 'md-view-week'),
	(5, 18, '10020', '', '31', '/user_backend/management/', 100, ''),
	(10, 18, '10027', '', '51', '/system/settings/', 1000, ''),
	(18, 1, '10021', '', '1', '', 2000, 'md-settings'),
	(21, 18, '10018', '', '1', '/system/language_variables/', 7500, ''),
	(24, 1, '10026', '', '', '/user_backend/settings/', 300, 'md-mood'),
	(28, 1, '10765', '', '', '/calendar/overview/', 125, 'fa-calendar'),
	(32, 1, '10793', '94', '', '/order/overview/', 130, '_module_backend'),
	(33, 1, '10794', '102', '', '/user_frontend/overview/', 135, '_module_backend'),
	(34, 1, '10795', '92', '', '/supplier/overview/', 140, '_module_backend'),
	(35, 1, '10857', '', '', '/event/overview/', 127, 'md-event'),
	(36, 36, '10858', '', '', '', 0, NULL),
	(37, 36, '10019', '', '', '/', 100, 'md-view-week'),
	(38, 36, '10776', '', '', '/calendar/overview/', 150, 'fa-calendar'),
	(39, 18, '10878', '', '51', '/frontend/settings/', 500, NULL),
	(40, 36, '10881', '', '', '/contact/', 500, 'md-question-answer'),
	(41, 1, '10908', '93', '', '/resource/overview/', 145, '_module_backend'),
	(42, 1, '10923', '102', '', '/event/overview/?ul=1&su=1', 128, 'fa-warning'),
	(43, 1, '11015', '95', '', '/area/overview/', 143, '_module_backend'),
	(44, 1, '11066', '', '1', NULL, 2500, 'md-view-module'),
	(45, 44, '11067', '', '1', '/module/overview/', 100, NULL),
	(46, 18, '11124', '', '51', '/calendar/settings/', 1050, NULL),
	(47, 59, '11162', '107', '1', '/mail/log/', 500, NULL),
	(48, 36, '10026', '', '', '/account/settings/', 250, 'md-mood'),
	(49, 36, '11068', '', '', '/calendar/assistant/', 125, 'fa-calendar-check-o'),
	(52, 1, 'p57a8e9ed626d3', '131', '', '/bookable_times/overview/', 225, '_module_backend'),
	(53, 1, 'p5820950b8c489', '', '', '/event/overview/?c=1', 129, 'md-cancel'),
	(54, 59, 'p58370f17ea90c', '', '1', '/user_api/overview/', 125, NULL),
	(55, 36, 'p586e81bc9f14c', '140', '', '/vmoso/chat/', 525, '_module_frontend'),
	(56, 18, 'p589f44cf69f89', '144', '1', '/process_engine/log/', 1600, '_module_backend'),
	(57, 18, 'p58eb6bb85159c', '175', '1', '/user_backend_group/overview/', 110, '_module_backend'),
	(58, 1, 'p592c40ed01fc6', '179', '', '/vmoso_chat/overview/', 275, '_module_backend'),
	(59, 1, 'p576c10ec1bbcf', '', '128', NULL, 3000, 'md-computer'),
	(60, 43, '10303', '95', '', '/area/overview/', 100, ''),
	(61, 43, 'p59b7d543bebc7', '95', '', '/area/group/', 200, NULL),
	(62, 1, 'p59dde99bc7d89', '201', '', '/paypal/overview/', 280, '_module_backend'),
	(63, 1, 'p5a340dbeaf5af', 'is_module_enabled_calsy_work_plan', '', '/work_plan/overview/', 215, '_module_backend'),
	(64, 18, 'p5aa423af308f4', '', '51', '/system/layout/', 1075, NULL),
	(65, 59, 'p5ab7cf7f3662d', '', '1', '/appointment_assistant/log/', 600, NULL);
/*!40000 ALTER TABLE `system_menu` ENABLE KEYS */;

-- Exportiere Struktur von Tabelle spm.system_setting
CREATE TABLE IF NOT EXISTS `system_setting` (
  `system_setting_id` int(11) NOT NULL AUTO_INCREMENT,
  `system_setting_setting_id` int(11) NOT NULL,
  `system_setting_value` text NOT NULL,
  PRIMARY KEY (`system_setting_id`),
  KEY `system_setting_setting_id` (`system_setting_setting_id`),
  CONSTRAINT `Fsystem_setting_setting_id?setting_id` FOREIGN KEY (`system_setting_setting_id`) REFERENCES `setting` (`setting_id`) ON DELETE CASCADE ON UPDATE CASCADE
) ENGINE=InnoDB AUTO_INCREMENT=143 DEFAULT CHARSET=utf8 COMMENT='Main system settings';

-- Exportiere Daten aus Tabelle spm.system_setting: ~102 rows (ungefähr)
/*!40000 ALTER TABLE `system_setting` DISABLE KEYS */;
INSERT INTO `system_setting` (`system_setting_id`, `system_setting_setting_id`, `system_setting_value`) VALUES
	(2, 4, 'calSy - Autohaus/Garage - Demo'),
	(3, 6, '1'),
	(4, 7, '1, 31, 51'),
	(5, 15, 'calSy - Autohaus/Garage - Demo: Online-Terminanfragen'),
	(6, 25, 'd.m.Y'),
	(7, 24, 'H:i:s'),
	(18, 48, '1'),
	(27, 63, '3600'),
	(28, 64, '1'),
	(29, 70, 'smtp.1und1.de'),
	(30, 71, '587'),
	(31, 72, 'notification@calsy.eu'),
	(32, 73, 'JEeATm0GvJSmgiD7jWcxqUfdFad77Zc+UtM0a258TvQ='),
	(33, 74, '0'),
	(34, 75, '&lt;h2&gt;&lt;img alt="" src="https://www.bmw.ch/content/dam/bmw/marketCH/bmw_ch/common/topics/corporate-direct-sales/2017/cs-fixed-contacts-l.jpg/_jcr_content/renditions/cq5dam.resized.img.585.low.time1508787014939.jpg" style="float:right; height:329px; width:585px" /&gt;Terminwunsch&lt;/h2&gt;\n\n&lt;p&gt;Am einfachsten senden Sie uns eine Anfrage via &lt;a href="https://www.viproso.ch:29443/calendar/assistant/"&gt;Online-Terminplaner&lt;/a&gt;.&lt;/p&gt;\n\n&lt;h2&gt;&amp;nbsp;&lt;/h2&gt;\n\n&lt;h2&gt;&amp;Ouml;ffnungszeiten&lt;/h2&gt;\n\n&lt;table&gt;\n	&lt;tbody&gt;\n		&lt;tr&gt;\n			&lt;td style="vertical-align:top; width:140px"&gt;Montag - Donnerstag&lt;/td&gt;\n			&lt;td style="width:15px"&gt;&amp;nbsp;&lt;/td&gt;\n			&lt;td style="vertical-align:top"&gt;07:30 - 12:00&lt;/td&gt;\n		&lt;/tr&gt;\n		&lt;tr&gt;\n			&lt;td style="vertical-align:top; width:140px"&gt;&amp;nbsp;&lt;/td&gt;\n			&lt;td style="width:15px"&gt;&amp;nbsp;&lt;/td&gt;\n			&lt;td style="vertical-align:top"&gt;13:00 - 17:30&lt;/td&gt;\n		&lt;/tr&gt;\n		&lt;tr&gt;\n			&lt;td style="vertical-align:top; width:140px"&gt;Freitag&lt;/td&gt;\n			&lt;td style="width:15px"&gt;&amp;nbsp;&lt;/td&gt;\n			&lt;td style="vertical-align:top"&gt;07:30 - 12:00&lt;/td&gt;\n		&lt;/tr&gt;\n		&lt;tr&gt;\n			&lt;td style="vertical-align:top; width:140px"&gt;&amp;nbsp;&lt;/td&gt;\n			&lt;td style="width:15px"&gt;&amp;nbsp;&lt;/td&gt;\n			&lt;td style="vertical-align:top"&gt;13:00 - 17:00&lt;/td&gt;\n		&lt;/tr&gt;\n		&lt;tr&gt;\n			&lt;td style="vertical-align:top; width:140px"&gt;Samstag&lt;/td&gt;\n			&lt;td style="width:15px"&gt;&amp;nbsp;&lt;/td&gt;\n			&lt;td style="vertical-align:top"&gt;08:30 - 13:00&lt;/td&gt;\n		&lt;/tr&gt;\n		&lt;tr&gt;\n			&lt;td style="vertical-align:top; width:140px"&gt;Sonntag&lt;/td&gt;\n			&lt;td style="width:15px"&gt;&amp;nbsp;&lt;/td&gt;\n			&lt;td style="vertical-align:top"&gt;geschlossen&lt;/td&gt;\n		&lt;/tr&gt;\n	&lt;/tbody&gt;\n&lt;/table&gt;\n\n&lt;h2&gt;&amp;nbsp;&lt;/h2&gt;\n\n&lt;h2&gt;Kontakt&lt;/h2&gt;\n\n&lt;p&gt;Haben Sie Fragen, W&amp;uuml;nsche oder Anregungen? Bitte nehmen Sie Kontakt mit uns auf, wir helfen Ihnen gerne weiter!&lt;/p&gt;\n\n&lt;p&gt;Helmut Wagner AG&lt;br /&gt;\nGewerbestra&amp;szlig;e 9&amp;nbsp;&lt;br /&gt;\n6330 Cham&lt;br /&gt;\n&lt;br /&gt;\nTelefon:&amp;nbsp;+41 (44) 1234 567&lt;/p&gt;\n'),
	(35, 76, '&lt;h2&gt;&amp;nbsp;&lt;/h2&gt;\n\n&lt;h2&gt;Herzlich Willkommen zu unserem Online-Terminplaner&lt;/h2&gt;\n\n&lt;p&gt;&amp;nbsp;&lt;/p&gt;\n\n&lt;p&gt;&lt;img alt="" src="https://www.bmw.ch/content/dam/bmw/marketCH/common/uxn/bmw_navigation_01_service_workshop.jpg" style="float:right; height:329px; width:585px" /&gt;Wir bieten ihnen als unser Kunde mit diesem Sevice einen einfachen und komfortablen Weg an Termine in der Werkstatt oder mit der Verkaufsberatung zu vereinbaren. Einfach Wunschtermin w&amp;auml;hlen und auf eine Best&amp;auml;tigung warten.&lt;/p&gt;\n\n&lt;p&gt;&amp;nbsp;&lt;/p&gt;\n\n&lt;p&gt;Wir empfangen Sie in einer famili&amp;auml;ren Atmosph&amp;auml;re ganz nach unserem langj&amp;auml;hrigen Motto &amp;bdquo;&lt;strong&gt;klein, aber fein&lt;/strong&gt;&amp;ldquo;.&amp;nbsp;&lt;br /&gt;\n&lt;br /&gt;\nDas h&amp;ouml;chste Ziel unserer Firma ist die Zufriedenheit unserer Kunden. Das Familienunternehmen lebt traditionelle Werte wie Teamgeist, Zuverl&amp;auml;ssigkeit, Verantwortung und Stabilit&amp;auml;t.&lt;/p&gt;\n\n&lt;h3 style="color:#aaa; font-style:italic"&gt;&amp;nbsp;&lt;/h3&gt;\n'),
	(37, 78, '0'),
	(38, 79, '0'),
	(48, 80, '4ee96f83b16a07dfe9362b21f2b391cb.jpg'),
	(49, 83, '&lt;h2&gt;Herzlich Willkommen&lt;/h2&gt;\n\n&lt;p&gt;Der Online-Terminplaner ist f&amp;uuml;r unsere Kunden momentan deaktiviert.&lt;/p&gt;\n\n&lt;p&gt;Bitte kontaktieren Sie uns bei Fragen telefonisch.&lt;/p&gt;\n\n&lt;ul&gt;\n	&lt;li&gt;Telefon:&amp;nbsp;+41 (44) 1234 567&lt;/li&gt;\n&lt;/ul&gt;\n\n&lt;table align="left" border="0" cellpadding="0" cellspacing="0" style="height:178px; width:565px"&gt;\n	&lt;tbody&gt;\n		&lt;tr&gt;\n			&lt;td&gt;&amp;nbsp;&lt;/td&gt;\n			&lt;td&gt;&amp;nbsp;&lt;/td&gt;\n		&lt;/tr&gt;\n	&lt;/tbody&gt;\n&lt;/table&gt;\n\n&lt;h2&gt;&amp;nbsp;&lt;/h2&gt;\n\n&lt;h2&gt;&amp;nbsp;&lt;/h2&gt;\n\n&lt;h2&gt;&amp;nbsp;&lt;/h2&gt;\n'),
	(50, 84, 'https://www.agvs-upsa.ch/de'),
	(51, 85, '1'),
	(52, 86, 'd45f73efb116c2211071432d5b5ccdff.png'),
	(53, 88, 'eff9760c234573245709dfbdb47b0743.jpg'),
	(54, 87, '57428176f0e0bd94159544d131c1bf69.png'),
	(55, 89, 'big'),
	(56, 90, '&lt;p&gt;&lt;strong&gt;Nutzer, Registrierung, calSy-Passwort, Nutzer-Account&lt;/strong&gt;&lt;br /&gt;\n&lt;br /&gt;\n(1) calSy-Dienste k&amp;ouml;nnen nur unbeschr&amp;auml;nkt gesch&amp;auml;ftsf&amp;auml;hige nat&amp;uuml;rliche Personen sowie juristische Personen nutzen. In der Regel ist Voraussetzung f&amp;uuml;r die Nutzung der calSy-Dienste eine vorherige Registrierung bei calSy. Die Nutzung einiger Dienste ist Personen vorbehalten, die Angeh&amp;ouml;rige medizinischer Heilberufe sind oder sich in einer Ausbildung zu einem solchen Beruf befinden, sowie Mitarbeitern der pharmazeutischen Industrie oder mit ihr verbundenen Dienstleistungsunternehmen (alle Verwender nachfolgend zusammenfassend als &amp;quot;Nutzer&amp;quot; bezeichnet). calSy kann und wird &amp;ndash; je nach calSy-Dienst und abh&amp;auml;ngig von den Bereichen und externen Internetseiten auf die Zugriff erlangt werden soll - einen entsprechenden Nachweis (z.B. Berufsurkunde) verlangen. Dieser Nachweis ist&amp;nbsp; elektronisch (eMail bzw. Upload) oder per Telefax zu &amp;uuml;bermitteln und wird von calSy zu Beweiszwecken archiviert.&lt;/p&gt;\n\n&lt;p&gt;(2) calSy beh&amp;auml;lt sich vor, die Registrierung oder Freischaltung abzulehnen. Es besteht insofern kein Anspruch auf Registrierung und Freischaltung.&lt;/p&gt;\n\n&lt;p&gt;(3) Die Registrierung erfolgt auf der Website von calSy. Die bei der Registrierung abgefragten Daten sind vollst&amp;auml;ndig und wahrheitsgem&amp;auml;&amp;szlig; anzugeben.&lt;/p&gt;\n\n&lt;p&gt;(4) In der Regel wird der Nutzer von der Registrierung und der Freischaltung seines selbst gew&amp;auml;hlten Passwortes (calSy-Passwort) per eMail benachrichtigt und kann nach erfolgreicher Registrierung und Freischaltung die calSy-Dienste nutzen, f&amp;uuml;r die eine Freischaltung erfolgte (in der kostenlosen Variante nachfolgend auch &amp;quot;calSy-Basic&amp;quot; genannt).&lt;/p&gt;\n\n&lt;p&gt;(5) Mit Registrierung richtet calSy f&amp;uuml;r den Nutzer einen Nutzer-Account ein.&lt;/p&gt;\n\n&lt;p&gt;(6) Jeder registrierte Nutzer ist berechtigt, jederzeit seine Registrierung f&amp;uuml;r die Zukunft zu beenden. calSy kann die Registrierung mit einmonatiger K&amp;uuml;ndigungsfrist beenden bzw. das Nutzungsverh&amp;auml;ltnis k&amp;uuml;ndigen. Eine K&amp;uuml;ndigung aus wichtigem Grund bleibt unber&amp;uuml;hrt. Ein wichtiger Grund liegt insbesondere vor, wenn der Nutzer schwerwiegend gegen diese AGB verst&amp;ouml;&amp;szlig;t (z.B. falsche Angaben bei der Registrierung, unbefugte Weitergabe des calSy-Passwortes oder der Missbrauch der calSy-Dienste) oder geltendes Recht im Rahmen der Nutzung der calSy-Dienste verletzt. Das calSy-Passwort bleibt grunds&amp;auml;tzlich solange und soweit aktiviert, als dies f&amp;uuml;r Zwecke der Vertragsabwicklung noch erforderlich ist. calSy wird personenbezogenen Daten der Nutzer nach Vertragsabwicklung l&amp;ouml;schen, wenn diese nicht mehr erforderlich sind. Es gelten die Datenschutzbestimmungen (http://info.calSy.com/de/privacy/) von calSy.&lt;/p&gt;\n\n&lt;p&gt;(7) Sobald eine Voraussetzung, die f&amp;uuml;r die Nutzung von einzelnen calSy-Diensten erforderlich ist (z.B. Berufszugeh&amp;ouml;rigkeit), nicht mehr vorliegt, endet die Nutzungsberechtigung des calSy-Passwortes insoweit automatisch. Der Nutzer ist verpflichtet, calSy unverz&amp;uuml;glich &amp;uuml;ber &amp;Auml;nderungen und den Wegfall von bei der Registrierung abgefragter Daten zu informieren.&lt;/p&gt;\n\n&lt;p&gt;(8) Jeder Nutzer darf sich nur einmal registrieren. Etwaige &amp;uuml;berz&amp;auml;hlige Nutzer-Accounts sind calSy unverz&amp;uuml;glich mitzuteilen. calSy wird solche Accounts l&amp;ouml;schen.&lt;/p&gt;\n\n&lt;p&gt;(9) Sofern ein Nutzer ein Vertragsverh&amp;auml;ltnis mit calSy nicht als Unternehmer im Sinne von &amp;sect; 14 BGB in Aus&amp;uuml;bung seiner gewerblichen oder selbst&amp;auml;ndigen beruflichen T&amp;auml;tigkeit (wie z.B. als selbst&amp;auml;ndiger Arzt oder Angestellter einer Praxis/eines Krankenhauses im Rahmen seiner dortigen beruflichen T&amp;auml;tigkeit) sondern als Verbraucher im Sinne von &amp;sect; 13 BGB eingeht, werden seine Rechte als Verbraucher durch diese AGB nicht beschr&amp;auml;nkt.&lt;/p&gt;\n\n&lt;p&gt;&lt;strong&gt;Gebrauch des calSy-Passwortes, Zugang&lt;/strong&gt;&lt;br /&gt;\n&lt;br /&gt;\n(1) Der Nutzer ist verpflichtet, sein calSy-Passwort ausschlie&amp;szlig;lich zum pers&amp;ouml;nlichen Gebrauch einzusetzen und vor dem unbefugten Zugriff Dritter zu sch&amp;uuml;tzen. Er tr&amp;auml;gt die ausschlie&amp;szlig;liche Verantwortung f&amp;uuml;r die Folgen eines unbefugten Gebrauchs. Der Nutzer stellt calSy von allen Kosten und Anspr&amp;uuml;chen Dritter frei, die calSy durch Verletzung dieser Pflichten entstehen.&lt;/p&gt;\n\n&lt;p&gt;(2) Der durch das calSy-Passwort gew&amp;auml;hrte Zugangsumfang zu Informationen ist abh&amp;auml;ngig von den Nutzungsbedingungen Dritter, die den calSy-Passwortschutz nutzen. Der gew&amp;auml;hrte Zugangsumfang kann je nach Berufsgruppe des Nutzers unterschiedlich sein. Der Nutzer hat evtl. Einw&amp;auml;nde gegen die Nutzungsbedingungen eines Dritten mit diesem selbst zu regeln. Es besteht kein Anspruch des Nutzers gegen&amp;uuml;ber calSy auf Weiterleitung von Beschwerden an einen Betreiber von externen Seiten. calSy wird weiterhin nicht vermittelnd zwischen dem User und dem Seitenbetreiber t&amp;auml;tig.&lt;/p&gt;\n'),
	(61, 91, '["1"]'),
	(62, 92, '0'),
	(63, 93, '1'),
	(64, 94, '0'),
	(65, 95, '1'),
	(66, 96, 'efb3308cdc68078881fbc3d2dd44ceb1.ico'),
	(67, 97, 'd1440dac95a92287fb32217d9475ceed.ico'),
	(72, 98, '#2784D6'),
	(73, 99, '#FFFFFF'),
	(74, 100, '#E8E9FF'),
	(75, 101, '#2C158A'),
	(76, 102, '1'),
	(77, 106, '0'),
	(78, 105, '0'),
	(79, 103, 'e68630343df94e3c9b723a010559ebae.jpg'),
	(80, 104, '5c06514015ba9b1cb255920b0477f894.jpg'),
	(81, 107, '1'),
	(82, 108, '0'),
	(83, 109, '86400'),
	(84, 115, '1'),
	(85, 114, 'viproso.ch:29443'),
	(86, 116, '/'),
	(87, 117, 'md-quick-contacts-dialer'),
	(88, 119, 'fa-wrench'),
	(89, 122, 'fa-automobile'),
	(90, 121, 'md-my-library-books'),
	(91, 118, 'md-local-shipping'),
	(92, 124, '1'),
	(93, 123, '1'),
	(94, 125, '0'),
	(95, 127, '1'),
	(96, 126, 'fa-database'),
	(98, 129, 'https://www.viproso.ch:19443'),
	(99, 132, 'fa-clock-o'),
	(100, 131, '1'),
	(101, 133, '0'),
	(102, 134, '1800'),
	(103, 135, '30600'),
	(104, 136, '00117'),
	(105, 138, '1'),
	(106, 137, '0'),
	(107, 141, 'fa-commenting'),
	(108, 140, '0'),
	(109, 143, '900'),
	(110, 142, '{"begin":"06:30","end":"20:00"}'),
	(111, 145, 'fa-cube'),
	(112, 161, '1'),
	(113, 156, '1'),
	(114, 176, 'fa-group'),
	(115, 180, 'fa-commenting'),
	(118, 192, '1'),
	(119, 207, 'EUR'),
	(120, 208, '19'),
	(121, 201, '0'),
	(122, 220, '[{"year":"1","month":"1","week":"1","day":"1"},{"year":"1","month":"1","week":"1","day":"1"},{"year":"1","month":"1","week":"1","day":"1"},{"year":"1","month":"1","week":"1","day":"1"},{"year":"1","month":"1","week":"1","day":"1"},{"year":"1","month":"1","week":"1","day":"1"},{"year":"0","month":"0","week":"0","day":"0"}]'),
	(123, 226, 'md-work'),
	(124, 232, 'md-radio-button-on'),
	(125, 150, '0'),
	(126, 152, '1'),
	(127, 163, '0'),
	(128, 252, '0'),
	(129, 151, '0'),
	(130, 185, '1'),
	(131, 186, '0'),
	(132, 187, '0'),
	(133, 188, '0'),
	(134, 189, '0'),
	(135, 190, '0'),
	(136, 221, '0'),
	(137, 227, '1'),
	(138, 228, '0'),
	(139, 210, '1'),
	(140, 212, '[{"day":"3","from":"480","to":"1080"}]'),
	(141, 253, '0'),
	(142, 254, '1');
/*!40000 ALTER TABLE `system_setting` ENABLE KEYS */;

-- Exportiere Struktur von Tabelle spm.user
CREATE TABLE IF NOT EXISTS `user` (
  `user_id` int(11) NOT NULL AUTO_INCREMENT,
  `user_login_name` varchar(255) NOT NULL,
  `user_login_password` varchar(255) NOT NULL,
  `user_fullname` varchar(255) NOT NULL,
  `user_email` varchar(255) NOT NULL,
  `user_phone` varchar(255) NOT NULL,
  `user_color` varchar(7) NOT NULL,
  `user_image_profile` varchar(255) DEFAULT NULL,
  `user_status` enum('active','inactive') NOT NULL DEFAULT 'inactive',
  `user_bookable_times` text,
  `user_last_login` timestamp NOT NULL DEFAULT '0000-00-00 00:00:00',
  `user_created` timestamp NOT NULL DEFAULT CURRENT_TIMESTAMP,
  `user_sorting_custom` varchar(255) DEFAULT NULL,
  PRIMARY KEY (`user_id`),
  UNIQUE KEY `user_login_name` (`user_login_name`),
  UNIQUE KEY `user_email` (`user_email`)
) ENGINE=InnoDB AUTO_INCREMENT=59 DEFAULT CHARSET=utf8 COMMENT='Main user data';

-- Exportiere Daten aus Tabelle spm.user: ~8 rows (ungefähr)
/*!40000 ALTER TABLE `user` DISABLE KEYS */;
INSERT INTO `user` (`user_id`, `user_login_name`, `user_login_password`, `user_fullname`, `user_email`, `user_phone`, `user_color`, `user_image_profile`, `user_status`, `user_bookable_times`, `user_last_login`, `user_created`, `user_sorting_custom`) VALUES
	(1, 'peter_hamm', '958561c6af7c69c6e769ba3af8ab4a37', 'Peter Hamm', 'peter.hamm@cons-sys.com', '', '#6079BD', '', 'active', '[{"day":"0","enabled":true},{"day":"1","enabled":true},{"day":"2","enabled":true},{"day":"3","enabled":true},{"day":"4","enabled":true},{"day":"5","enabled":true},{"day":"6","enabled":true}]', '2019-10-03 15:56:10', '2015-07-03 01:20:11', ''),
	(28, 'martin_reiner', 'f80125bb7f60dbd47f1241404c6e0168', 'Martin Reiner', 'martin.reiner@cons-sys.com', '', '#FF6B77', 'a874c57aebc894c6b4e8498bdc14a060.JPG', 'active', '[{"day":"0","enabled":true},{"day":"1","enabled":true},{"day":"2","enabled":true},{"day":"3","enabled":true},{"day":"4","enabled":true},{"day":"5","enabled":true},{"day":"6","enabled":true}]', '2019-10-04 08:31:16', '2015-07-04 01:18:00', ''),
	(51, 'rs', 'b9f828a79cce6cad51a96e6977aeef2e', 'Rainer Schwörli', 'rs@autodemo.ch', '+41 (44) 12345678', '#F50E35', '', 'active', '[{"day":"0","enabled":true},{"day":"1","enabled":true},{"day":"2","enabled":true},{"day":"3","enabled":true},{"day":"4","enabled":true},{"day":"5","enabled":true},{"day":"6","enabled":true}]', '0000-00-00 00:00:00', '2016-12-06 14:01:58', ''),
	(52, 'pr', 'c6113ea088b2b6240e21e2aec6c9e6ca', 'Paulina Regner', 'pr@autodemo.ch', '+41 (44) 12345678', '#BDBB3A', '', 'active', '[{"day":"0","enabled":true},{"day":"1","enabled":true},{"day":"2","enabled":true},{"day":"3","enabled":true},{"day":"4","enabled":true},{"day":"5","enabled":true},{"day":"6","enabled":true}]', '0000-00-00 00:00:00', '2016-12-06 14:02:32', ''),
	(53, 'ph', '20a2017193227e0ab35bfec5f4c43021', 'Paul Hutmacher', 'ph@autodemo.ch', '', '#F9BB0B', '', 'active', '[{"day":"0","enabled":true},{"day":"1","enabled":true},{"day":"2","enabled":true},{"day":"3","enabled":true},{"day":"4","enabled":true},{"day":"5","enabled":true},{"day":"6","enabled":true}]', '0000-00-00 00:00:00', '2016-12-06 14:03:17', ''),
	(54, 'ib', '6a50ca72283872fc1a137cc1cc2f5b77', 'Irina Blazkowicz', 'ib@autodemo.ch', '', '#085385', '', 'active', '[{"day":"0","enabled":true},{"day":"1","enabled":true},{"day":"2","enabled":true},{"day":"3","enabled":true},{"day":"4","enabled":true},{"day":"5","enabled":true},{"day":"6","enabled":true}]', '0000-00-00 00:00:00', '2016-12-06 14:03:56', ''),
	(55, 'hr', '737b470175248f001e296df93b97296d', 'Hans Reinhard', 'hr@autodemo.ch', '+41 (44) 1234567', '#BF72FF', '', 'active', '[{"day":"0","enabled":true},{"day":"1","enabled":true},{"day":"2","enabled":true},{"day":"3","enabled":true},{"day":"4","enabled":true},{"day":"5","enabled":true},{"day":"6","enabled":true}]', '0000-00-00 00:00:00', '2016-12-06 14:04:54', ''),
	(58, 'kd', 'c22d192744918ac16fc8b46a35128fc8', 'Karl Danziger', 'autodemo2@calsy.eu', '', '#A6B0E0', '', 'active', '', '2019-09-30 14:13:36', '2019-09-30 14:04:54', '');
/*!40000 ALTER TABLE `user` ENABLE KEYS */;

-- Exportiere Struktur von Tabelle spm.user_activation
CREATE TABLE IF NOT EXISTS `user_activation` (
  `user_activation_id` int(11) NOT NULL AUTO_INCREMENT,
  `user_activation_user_id` int(11) NOT NULL,
  `user_activation_code` varchar(100) NOT NULL,
  `user_activation_time` timestamp NOT NULL DEFAULT CURRENT_TIMESTAMP ON UPDATE CURRENT_TIMESTAMP,
  PRIMARY KEY (`user_activation_id`),
  KEY `user_activation_user_id-user_id` (`user_activation_user_id`),
  CONSTRAINT `user_activation_user_id?user_id` FOREIGN KEY (`user_activation_user_id`) REFERENCES `user` (`user_id`) ON DELETE CASCADE ON UPDATE CASCADE
) ENGINE=InnoDB DEFAULT CHARSET=utf8;

-- Exportiere Daten aus Tabelle spm.user_activation: ~0 rows (ungefähr)
/*!40000 ALTER TABLE `user_activation` DISABLE KEYS */;
/*!40000 ALTER TABLE `user_activation` ENABLE KEYS */;

-- Exportiere Struktur von Tabelle spm.user_password_forgotten
CREATE TABLE IF NOT EXISTS `user_password_forgotten` (
  `user_password_forgotten_id` int(11) NOT NULL AUTO_INCREMENT,
  `user_password_forgotten_user_id` int(11) NOT NULL,
  `user_password_forgotten_code` varchar(100) NOT NULL,
  `user_password_forgotten_time` timestamp NOT NULL DEFAULT CURRENT_TIMESTAMP ON UPDATE CURRENT_TIMESTAMP,
  PRIMARY KEY (`user_password_forgotten_id`),
  KEY `user_password_forgotten_user_id` (`user_password_forgotten_user_id`),
  CONSTRAINT `user_password_forgotten_user_id?user_id` FOREIGN KEY (`user_password_forgotten_user_id`) REFERENCES `user` (`user_id`) ON DELETE CASCADE ON UPDATE CASCADE
) ENGINE=InnoDB DEFAULT CHARSET=utf8;

-- Exportiere Daten aus Tabelle spm.user_password_forgotten: ~0 rows (ungefähr)
/*!40000 ALTER TABLE `user_password_forgotten` DISABLE KEYS */;
/*!40000 ALTER TABLE `user_password_forgotten` ENABLE KEYS */;

-- Exportiere Struktur von Tabelle spm.user_setting
CREATE TABLE IF NOT EXISTS `user_setting` (
  `user_setting_id` int(11) NOT NULL AUTO_INCREMENT,
  `user_setting_user_id` int(11) NOT NULL,
  `user_setting_setting_id` int(11) NOT NULL,
  `user_setting_value` text NOT NULL,
  PRIMARY KEY (`user_setting_id`),
  KEY `user_setting_user_id` (`user_setting_user_id`),
  KEY `user_setting_setting_id` (`user_setting_setting_id`),
  CONSTRAINT `user_setting_setting_id?setting_id` FOREIGN KEY (`user_setting_setting_id`) REFERENCES `setting` (`setting_id`) ON DELETE CASCADE ON UPDATE CASCADE,
  CONSTRAINT `user_setting_user_id?user_id` FOREIGN KEY (`user_setting_user_id`) REFERENCES `user` (`user_id`) ON DELETE CASCADE ON UPDATE CASCADE
) ENGINE=InnoDB AUTO_INCREMENT=253 DEFAULT CHARSET=utf8 COMMENT='Users'' settings';

-- Exportiere Daten aus Tabelle spm.user_setting: ~67 rows (ungefähr)
/*!40000 ALTER TABLE `user_setting` DISABLE KEYS */;
INSERT INTO `user_setting` (`user_setting_id`, `user_setting_user_id`, `user_setting_setting_id`, `user_setting_value`) VALUES
	(36, 1, 1, '1'),
	(37, 1, 31, '1'),
	(45, 1, 27, 'd.m.Y'),
	(46, 1, 26, 'H:i:s'),
	(47, 1, 5, '1'),
	(52, 28, 31, '1'),
	(57, 28, 27, 'd.m.Y'),
	(58, 28, 26, 'H:i:s'),
	(70, 1, 51, '1'),
	(91, 28, 51, '1'),
	(92, 28, 1, '1'),
	(93, 28, 5, '1'),
	(95, 28, 62, '1'),
	(97, 1, 62, '1'),
	(99, 1, 81, '1'),
	(100, 1, 82, '1'),
	(101, 28, 81, '1'),
	(102, 28, 82, '1'),
	(115, 1, 110, '3600'),
	(116, 1, 111, '1'),
	(134, 1, 128, '1'),
	(135, 28, 128, '1'),
	(136, 1, 130, '1'),
	(181, 28, 130, '1'),
	(197, 54, 62, '0'),
	(198, 54, 81, '0'),
	(199, 54, 82, '0'),
	(200, 53, 62, '0'),
	(201, 53, 81, '0'),
	(202, 53, 82, '0'),
	(203, 53, 139, '1'),
	(204, 54, 139, '1'),
	(205, 28, 139, '1'),
	(206, 1, 191, '55,54,58,53,52,1,51,57'),
	(207, 1, 184, '0'),
	(208, 28, 191, '28,53'),
	(222, 55, 62, '0'),
	(223, 55, 81, '0'),
	(224, 55, 82, '0'),
	(225, 55, 139, '1'),
	(226, 52, 62, '0'),
	(227, 52, 81, '0'),
	(228, 52, 82, '0'),
	(229, 52, 139, '1'),
	(230, 51, 62, '0'),
	(231, 51, 81, '0'),
	(232, 51, 82, '0'),
	(233, 51, 139, '1'),
	(234, 28, 171, '1'),
	(235, 28, 251, '1'),
	(236, 1, 171, '1'),
	(237, 1, 251, '1'),
	(238, 1, 139, '1'),
	(239, 58, 62, '1'),
	(240, 58, 81, '0'),
	(241, 58, 82, '0'),
	(242, 58, 139, '0'),
	(243, 58, 1, '1'),
	(244, 58, 31, '0'),
	(245, 58, 51, '1'),
	(246, 58, 128, '0'),
	(247, 58, 130, '0'),
	(248, 58, 171, '1'),
	(249, 58, 251, '0'),
	(250, 58, 191, '55,54,58,53,52,51,57'),
	(251, 58, 184, '1'),
	(252, 28, 184, '1');
/*!40000 ALTER TABLE `user_setting` ENABLE KEYS */;

/*!40101 SET SQL_MODE=IFNULL(@OLD_SQL_MODE, '') */;
/*!40014 SET FOREIGN_KEY_CHECKS=IF(@OLD_FOREIGN_KEY_CHECKS IS NULL, 1, @OLD_FOREIGN_KEY_CHECKS) */;
/*!40101 SET CHARACTER_SET_CLIENT=@OLD_CHARACTER_SET_CLIENT */;
